-- phpMyAdmin SQL Dump
-- version 3.2.0.1
-- http://www.phpmyadmin.net
--
-- Host: localhost
-- Generation Time: Feb 05, 2015 at 09:15 AM
-- Server version: 5.1.36
-- PHP Version: 5.3.0

SET SQL_MODE="NO_AUTO_VALUE_ON_ZERO";


/*!40101 SET @OLD_CHARACTER_SET_CLIENT=@@CHARACTER_SET_CLIENT */;
/*!40101 SET @OLD_CHARACTER_SET_RESULTS=@@CHARACTER_SET_RESULTS */;
/*!40101 SET @OLD_COLLATION_CONNECTION=@@COLLATION_CONNECTION */;
/*!40101 SET NAMES utf8 */;

--
-- Database: `motorzone_new`
--

-- --------------------------------------------------------

--
-- Table structure for table `accounting_terminologies`
--

CREATE TABLE IF NOT EXISTS `accounting_terminologies` (
  `terminology_id` int(10) NOT NULL AUTO_INCREMENT,
  `terminology_name` varchar(100) NOT NULL,
  `terminology_desc` varchar(100) NOT NULL,
  PRIMARY KEY (`terminology_id`)
) ENGINE=MyISAM DEFAULT CHARSET=latin1 AUTO_INCREMENT=1 ;

--
-- Dumping data for table `accounting_terminologies`
--


-- --------------------------------------------------------

--
-- Table structure for table `accounts_payables_ledger`
--

CREATE TABLE IF NOT EXISTS `accounts_payables_ledger` (
  `transaction_id` int(10) NOT NULL AUTO_INCREMENT,
  `transactions` varchar(100) NOT NULL,
  `amount` varchar(100) NOT NULL,
  `debit` varchar(100) NOT NULL,
  `credit` varchar(100) NOT NULL,
  `currency_code` int(10) NOT NULL,
  `curr_rate` varchar(100) NOT NULL,
  `date_recorded` timestamp NOT NULL DEFAULT CURRENT_TIMESTAMP,
  `order_code` varchar(100) NOT NULL,
  PRIMARY KEY (`transaction_id`)
) ENGINE=MyISAM  DEFAULT CHARSET=latin1 AUTO_INCREMENT=59 ;

--
-- Dumping data for table `accounts_payables_ledger`
--

INSERT INTO `accounts_payables_ledger` (`transaction_id`, `transactions`, `amount`, `debit`, `credit`, `currency_code`, `curr_rate`, `date_recorded`, `order_code`) VALUES
(1, 'Purchase Order LPO No:BD0002/2014', '3120', '', '3120', 6, '1', '2014-12-20 23:42:22', 'po2'),
(2, 'Freight Charges for Goods Supplied By:Local Purchase', '0', '', '0', 6, '1', '2014-12-20 23:42:22', 'fc2'),
(3, 'Cancel Purchase Order LPO No:BD0005/2014 (CANCELLED)', '-', '', '', 6, '1', '2014-12-25 03:50:59', 'cancpo5'),
(4, 'Cancel Purchase Order LPO No:BD0004/2014 (CANCELED)', '-', '', '', 6, '1', '2014-12-25 03:51:15', 'cancpo4'),
(5, 'Cancel Purchase Order LPO No:BD0003/2014 (CANCELED)', '-', '', '', 6, '1', '2014-12-25 03:51:50', 'cancpo3'),
(6, 'Cancel Purchase Order LPO No:BD0001/2014 (CANCELED)', '-', '', '', 6, '1', '2014-12-25 03:52:07', 'cancpo1'),
(7, 'Purchase Order LPO No:BD0006/2015', '3560', '', '3560', 6, '1', '2015-01-03 20:26:07', 'po6'),
(8, 'Freight Charges for Goods Supplied By:Local Purchase', '0', '', '0', 6, '1', '2015-01-03 20:26:07', 'fc6'),
(9, 'Purchase Order LPO No:BD0024/2015', '4000', '', '4000', 6, '1', '2015-01-08 01:12:02', 'po24'),
(10, 'Freight Charges for Goods Supplied By:Local Purchase', '0', '', '0', 6, '1', '2015-01-08 01:12:02', 'fc24'),
(11, 'Purchase Order LPO No:BD0019/2015', '20160', '', '20160', 6, '1', '2015-01-08 01:13:32', 'po19'),
(12, 'Freight Charges for Goods Supplied By:Local Purchase', '0', '', '0', 6, '1', '2015-01-08 01:13:32', 'fc19'),
(13, 'Purchase Order LPO No:BD0017/2015', '11440', '', '11440', 6, '1', '2015-01-08 01:13:58', 'po17'),
(14, 'Freight Charges for Goods Supplied By:Local Purchase', '0', '', '0', 6, '1', '2015-01-08 01:13:58', 'fc17'),
(15, 'Purchase Order LPO No:BD0016/2015', '17840', '', '17840', 6, '1', '2015-01-08 01:14:23', 'po16'),
(16, 'Freight Charges for Goods Supplied By:Local Purchase', '0', '', '0', 6, '1', '2015-01-08 01:14:23', 'fc16'),
(17, 'Purchase Order LPO No:BD0015/2015', '9700', '', '9700', 6, '1', '2015-01-08 01:15:06', 'po15'),
(18, 'Freight Charges for Goods Supplied By:Local Purchase', '0', '', '0', 6, '1', '2015-01-08 01:15:06', 'fc15'),
(19, 'Purchase Order LPO No:BD0023/2015', '13950', '', '13950', 6, '1', '2015-01-08 01:15:42', 'po23'),
(20, 'Freight Charges for Goods Supplied By:Local Purchase', '0', '', '0', 6, '1', '2015-01-08 01:15:42', 'fc23'),
(21, 'Purchase Order LPO No:BD0034/2015', '34550', '', '34550', 6, '1', '2015-01-11 20:17:19', 'po34'),
(22, 'Freight Charges for Goods Supplied By:Local Purchase', '0', '', '0', 6, '1', '2015-01-11 20:17:19', 'fc34'),
(23, 'Purchase Order LPO No:BD0033/2015', '31800', '', '31800', 6, '1', '2015-01-11 20:17:33', 'po33'),
(24, 'Freight Charges for Goods Supplied By:Local Purchase', '0', '', '0', 6, '1', '2015-01-11 20:17:33', 'fc33'),
(25, 'Purchase Order LPO No:BD0037/2015', '1000', '', '1000', 6, '1', '2015-01-14 23:56:48', 'po37'),
(26, 'Freight Charges for Goods Supplied By:Local Purchase', '0', '', '0', 6, '1', '2015-01-14 23:56:48', 'fc37'),
(27, 'Purchase Order LPO No:BD0039/2015', '1800', '', '1800', 6, '1', '2015-01-15 03:22:59', 'po39'),
(28, 'Freight Charges for Goods Supplied By:Local Purchase', '0', '', '0', 6, '1', '2015-01-15 03:22:59', 'fc39'),
(29, 'Purchase Order LPO No:BD0040/2015', '8811.32', '', '8811.32', 6, '1', '2015-01-15 03:25:31', 'po40'),
(30, 'Freight Charges for Goods Supplied By:Local Purchase', '0', '', '0', 6, '1', '2015-01-15 03:25:31', 'fc40'),
(31, 'Purchase Order LPO No:BD0036/2015', '550', '', '550', 6, '1', '2015-01-15 03:52:48', 'po36'),
(32, 'Freight Charges for Goods Supplied By:Local Purchase', '', '', '', 6, '1', '2015-01-15 03:52:48', 'fc36'),
(33, 'Purchase Order LPO No:BD0035/2015', '1000', '', '1000', 6, '1', '2015-01-15 03:53:15', 'po35'),
(34, 'Freight Charges for Goods Supplied By:Local Purchase', '0', '', '0', 6, '1', '2015-01-15 03:53:15', 'fc35'),
(35, 'Purchase Order LPO No:BD0041/2015', '2000', '', '2000', 6, '1', '2015-01-15 22:18:14', 'po41'),
(36, 'Freight Charges for Goods Supplied By:Local Purchase', '0', '', '0', 6, '1', '2015-01-15 22:18:14', 'fc41'),
(37, 'Purchase Order LPO No:BD0042/2015', '8630.4', '', '8630.4', 6, '1', '2015-01-15 22:18:31', 'po42'),
(38, 'Freight Charges for Goods Supplied By:Local Purchase', '0', '', '0', 6, '1', '2015-01-15 22:18:31', 'fc42'),
(39, 'Purchase Order LPO No:BD0044/2015', '13200', '', '13200', 6, '1', '2015-01-16 01:20:18', 'po44'),
(40, 'Freight Charges for Goods Supplied By:Local Purchase', '0', '', '0', 6, '1', '2015-01-16 01:20:18', 'fc44'),
(41, 'Purchase Order LPO No:BD0043/2015', '3550', '', '3550', 6, '1', '2015-01-16 01:20:36', 'po43'),
(42, 'Freight Charges for Goods Supplied By:Local Purchase', '0', '', '0', 6, '1', '2015-01-16 01:20:36', 'fc43'),
(43, 'Purchase Order LPO No:BD0046/2015', '780', '', '780', 6, '1', '2015-01-18 00:33:00', 'po46'),
(44, 'Freight Charges for Goods Supplied By:Local Purchase', '0', '', '0', 6, '1', '2015-01-18 00:33:00', 'fc46'),
(45, 'Purchase Order LPO No:BD0049/2015', '18600', '', '18600', 6, '1', '2015-01-21 19:45:59', 'po49'),
(46, 'Freight Charges for Goods Supplied By:Local Purchase', '0', '', '0', 6, '1', '2015-01-21 19:45:59', 'fc49'),
(47, 'Purchase Order LPO No:BD0051/2015', '5100', '', '5100', 6, '1', '2015-01-21 19:46:30', 'po51'),
(48, 'Freight Charges for Goods Supplied By:Local Purchase', '0', '', '0', 6, '1', '2015-01-21 19:46:30', 'fc51'),
(49, 'Purchase Order LPO No:BD0050/2015', '400', '', '400', 6, '1', '2015-01-21 19:47:36', 'po50'),
(50, 'Freight Charges for Goods Supplied By:Local Purchase', '0', '', '0', 6, '1', '2015-01-21 19:47:36', 'fc50'),
(51, 'Supplier Payments To :  WAGDAH MOTORS Receipt: BRSP0001/2015', '-77090', '77090', '', 6, '1', '2015-01-22 03:45:14', 'supm1'),
(52, 'Purchase Order LPO No:BD0053/2015', '2000', '', '2000', 6, '1', '2015-01-26 23:45:30', 'po53'),
(53, 'Freight Charges for Goods Supplied By:Local Purchase', '0', '', '0', 6, '1', '2015-01-26 23:45:30', 'fc53'),
(54, 'Purchase Order LPO No:BD0054/2015', '1350', '', '1350', 6, '1', '2015-01-29 01:51:15', 'po54'),
(55, 'Freight Charges for Goods Supplied By:Local Purchase', '0', '', '0', 6, '1', '2015-01-29 01:51:15', 'fc54'),
(56, 'Purchase Order LPO No:BD0055/2015', '1300', '', '1300', 6, '1', '2015-01-29 01:53:50', 'po55'),
(57, 'Freight Charges for Goods Supplied By:Local Purchase', '0', '', '0', 6, '1', '2015-01-29 01:53:50', 'fc55'),
(58, 'Supplier Payments To :  EGEN RONGAI SERVICE STATION Receipt: BRSP0002/2015', '-204', '204', '', 6, '1', '2015-01-30 01:41:04', 'supm2');

-- --------------------------------------------------------

--
-- Table structure for table `accounts_receivables_ledger`
--

CREATE TABLE IF NOT EXISTS `accounts_receivables_ledger` (
  `transaction_id` int(10) NOT NULL AUTO_INCREMENT,
  `transactions` varchar(100) NOT NULL,
  `amount` varchar(100) NOT NULL,
  `debit` varchar(100) NOT NULL,
  `credit` varchar(100) NOT NULL,
  `currency_code` int(10) NOT NULL,
  `curr_rate` varchar(100) NOT NULL,
  `date_recorded` timestamp NOT NULL DEFAULT CURRENT_TIMESTAMP,
  `sales_code` varchar(100) NOT NULL,
  PRIMARY KEY (`transaction_id`)
) ENGINE=MyISAM  DEFAULT CHARSET=latin1 AUTO_INCREMENT=89 ;

--
-- Dumping data for table `accounts_receivables_ledger`
--

INSERT INTO `accounts_receivables_ledger` (`transaction_id`, `transactions`, `amount`, `debit`, `credit`, `currency_code`, `curr_rate`, `date_recorded`, `sales_code`) VALUES
(1, 'Labour Sales Inv No:53 To Long term view capital ltd', '230', '230', '', 6, '1', '2015-01-14 03:26:40', 'inv53'),
(2, 'Labour Sales Inv No:36 To Team Fergie Transporters Ltd', '4025', '4025', '', 6, '1', '2015-01-14 03:59:25', 'inv36'),
(3, 'Labour Sales Inv No:48 To Long term view capital ltd', '575', '575', '', 6, '1', '2015-01-14 04:00:50', 'inv48'),
(4, 'Labour Sales Inv No:26 To Joel Njuguna', '1380', '1380', '', 6, '1', '2015-01-14 04:04:09', 'inv26'),
(5, 'Labour Sales Inv No:35 To Team Fergie Transporters Ltd', '4025', '4025', '', 6, '1', '2015-01-14 04:05:22', 'inv35'),
(6, 'Labour Sales Inv No:59 To Long term view capital ltd', '4600', '4600', '', 6, '1', '2015-01-14 04:06:43', 'inv59'),
(7, 'Labour Sales Inv No:57 To Long term view capital ltd', '2070', '2070', '', 6, '1', '2015-01-14 04:17:23', 'inv57'),
(8, 'Labour Sales Inv No:77 To Patch Osodo', '4600', '4600', '', 6, '1', '2015-01-14 22:59:19', 'inv77'),
(9, 'Labour Sales Inv No:55 To Long term view capital ltd', '575', '575', '', 6, '1', '2015-01-15 02:21:14', 'inv55'),
(10, 'Labour Sales Inv No:56 To Long term view capital ltd', '2300', '2300', '', 6, '1', '2015-01-15 02:22:48', 'inv56'),
(11, 'Labour Sales Inv No:46 To Team Fergie Transporters Ltd', '5175', '5175', '', 6, '1', '2015-01-15 02:23:57', 'inv46'),
(12, 'Labour Sales Inv No:43 To Long term view capital ltd', '7475', '7475', '', 6, '1', '2015-01-15 02:24:32', 'inv43'),
(13, 'Labour Sales Inv No:45 To Long term view capital ltd', '9420', '9420', '', 6, '1', '2015-01-15 02:25:32', 'inv45'),
(14, 'Labour Sales Inv No:50 To Team Fergie Transporters Ltd', '1150', '1150', '', 6, '1', '2015-01-15 02:26:00', 'inv50'),
(15, 'Labour Sales Inv No:52 To Long term view capital ltd', '1495', '1495', '', 6, '1', '2015-01-15 02:26:50', 'inv52'),
(16, 'Labour Sales Inv No:79 To Joyce Nyanamba', '4885', '4885', '', 6, '1', '2015-01-15 02:26:54', 'inv79'),
(17, 'Labour Sales Inv No:44 To Long term view capital ltd', '2875', '2875', '', 6, '1', '2015-01-15 02:28:29', 'inv44'),
(18, 'Labour Sales Inv No:51 To Long term view capital ltd', '575', '575', '', 6, '1', '2015-01-15 02:29:34', 'inv51'),
(19, 'Customer Payment Receipt No : (MGSR0001/2015) Received from  Joyce Nyanamba', '-4885', '', '4885', 6, '1', '2015-01-15 02:55:26', 'crsp1'),
(20, 'Labour Sales Inv No:94 To Bonface Kuria', '400.2', '400.2', '', 6, '1', '2015-01-19 21:37:36', 'inv94'),
(21, 'Labour Sales Inv No:88 To Alice Waweru', '200.1', '200.1', '', 6, '1', '2015-01-19 21:38:12', 'inv88'),
(22, 'Labour Sales Inv No:87 To Mr./Mrs', '200.1', '200.1', '', 6, '1', '2015-01-19 21:39:10', 'inv87'),
(23, 'Labour Sales Inv No:66 To Omwanza Ombati', '5680', '5680', '', 6, '1', '2015-01-19 21:42:04', 'inv66'),
(24, 'Labour Sales Inv No:42 To  Mr. Beutah Maroko', '5725', '5725', '', 6, '1', '2015-01-19 21:43:12', 'inv42'),
(25, 'Labour Sales Inv No:104 To Joseph Kirigi', '400.2', '400.2', '', 6, '1', '2015-01-22 00:18:37', 'inv104'),
(26, 'Customer Payment Receipt No : (MGSR0003/2015) Received from  Joseph Kirigi', '-400', '', '400', 6, '1', '2015-01-22 00:30:09', 'crsp3'),
(27, 'Labour Sales Inv No:71 To Team Fergie Transporters ', '21590', '21590', '', 6, '1', '2015-01-22 02:20:02', 'inv71'),
(28, 'Labour Sales Inv No:72 To Team Fergie Transporters ', '12860', '12860', '', 6, '1', '2015-01-22 02:21:16', 'inv72'),
(29, 'Labour Sales Inv No:73 To Team Fergie Transporters ', '12860', '12860', '', 6, '1', '2015-01-22 02:22:22', 'inv73'),
(30, 'Labour Sales Inv No:68 To Team Fergie Transporters ', '12860', '12860', '', 6, '1', '2015-01-22 02:23:22', 'inv68'),
(31, 'Labour Sales Inv No:60 To Team Fergie Transporters ', '575', '575', '', 6, '1', '2015-01-22 02:24:13', 'inv60'),
(32, 'Labour Sales Inv No:105 To Silas Ringera', '200.1', '200.1', '', 6, '1', '2015-01-22 02:51:28', 'inv105'),
(33, 'Customer Payment Receipt No : (MGSR0004/2015) Received from  Mr.', '-200', '', '200', 6, '1', '2015-01-22 02:55:35', 'crsp4'),
(34, 'Labour Sales Inv No:65 To Team Fergie Transporters ', '10350', '10350', '', 6, '1', '2015-01-22 03:10:26', 'inv65'),
(35, 'Labour Sales Inv No:49 To Team Fergie Transporters  ', '920', '920', '', 6, '1', '2015-01-22 03:11:00', 'inv49'),
(36, 'Labour Sales Inv No:25 To Joel Njuguna', '1600.8', '1600.8', '', 6, '1', '2015-01-22 03:18:43', 'inv25'),
(37, 'Labour Sales Inv No:17 To Njuguna', '7320.064', '7320.064', '', 6, '1', '2015-01-22 03:29:26', 'inv17'),
(38, 'Labour Sales Inv No:106 To Francis Kambo', '200.1', '200.1', '', 6, '1', '2015-01-22 21:14:20', 'inv106'),
(39, 'Customer Payment Receipt No : (MGSR0005/2015) Received from  Francis Kambo', '-200', '', '200', 6, '1', '2015-01-22 21:29:48', 'crsp5'),
(40, 'Labour Sales Inv No:108 To Miss', '200.1', '200.1', '', 6, '1', '2015-01-23 00:34:40', 'inv108'),
(41, 'Customer Payment Receipt No : (MGSR0006/2015) Received from  Miss', '-200', '', '200', 6, '1', '2015-01-23 00:45:12', 'crsp6'),
(42, 'Labour Sales Inv No:20 To Team Fergie Transporters ', '6325', '6325', '', 6, '1', '2015-01-23 01:08:43', 'inv20'),
(43, 'Labour Sales Inv No:34 To Team Fergie Transporters ', '690', '690', '', 6, '1', '2015-01-23 01:09:13', 'inv34'),
(44, 'Labour Sales Inv No:23 To Team Fergie Transporters ', '57.5', '57.5', '', 6, '1', '2015-01-23 01:10:10', 'inv23'),
(45, 'Labour Sales Inv No:54 To Team Fergie Transporters ', '2300', '2300', '', 6, '1', '2015-01-23 01:10:45', 'inv54'),
(46, 'Labour Sales Inv No:61 To Team Fergie Transporters ', '1725', '1725', '', 6, '1', '2015-01-23 01:11:06', 'inv61'),
(47, 'Labour Sales Inv No:38 To Team Fergie Transporters ', '9468', '9468', '', 6, '1', '2015-01-23 01:11:31', 'inv38'),
(48, 'Labour Sales Inv No:58 To Team Fergie Transporters ', '57.5', '57.5', '', 6, '1', '2015-01-23 01:11:59', 'inv58'),
(49, 'Labour Sales Inv No:93 To Team Fergie Transporters ', '1150', '1150', '', 6, '1', '2015-01-23 01:13:44', 'inv93'),
(50, 'Labour Sales Inv No:82 To Team Fergie Transporters ', '1725', '1725', '', 6, '1', '2015-01-23 01:14:40', 'inv82'),
(51, 'Labour Sales Inv No:102 To Team Fergie Transporters ', '4456', '4456', '', 6, '1', '2015-01-23 01:15:47', 'inv102'),
(52, 'Labour Sales Inv No:100 To Team Fergie Transporters ', '9390', '9390', '', 6, '1', '2015-01-23 01:16:21', 'inv100'),
(53, 'Labour Sales Inv No:97 To Team Fergie Transporters ', '1443', '1443', '', 6, '1', '2015-01-23 01:17:18', 'inv97'),
(54, 'Labour Sales Inv No:96 To Team Fergie Transporters ', '920', '920', '', 6, '1', '2015-01-23 01:17:36', 'inv96'),
(55, 'Labour Sales Inv No:95 To Team Fergie Transporters ', '6900', '6900', '', 6, '1', '2015-01-23 01:18:02', 'inv95'),
(56, 'Labour Sales Inv No:70 To Team Fergie Transporters ', '12687.5', '12687.5', '', 6, '1', '2015-01-23 01:25:15', 'inv70'),
(57, 'Labour Sales Inv No:69 To Team Fergie Transporters ', '12860', '12860', '', 6, '1', '2015-01-23 01:27:24', 'inv69'),
(58, 'Labour Sales Inv No:29 To Team Fergie Transporters ', '575', '575', '', 6, '1', '2015-01-23 01:28:26', 'inv29'),
(59, 'Labour Sales Inv No:22 To Team Fergie Transporters ', '3450', '3450', '', 6, '1', '2015-01-23 01:28:44', 'inv22'),
(60, 'Labour Sales Inv No:21 To Team Fergie Transporters ', '2875', '2875', '', 6, '1', '2015-01-23 01:29:03', 'inv21'),
(61, 'Labour Sales Inv No:19 To Team Fergie Transporters ', '4025', '4025', '', 6, '1', '2015-01-23 01:29:21', 'inv19'),
(62, 'Labour Sales Inv No:12 To Team Fergie Transporters ', '4025', '4025', '', 6, '1', '2015-01-23 01:29:39', 'inv12'),
(63, 'Labour Sales Inv No:11 To Team Fergie Transporters ', '5175', '5175', '', 6, '1', '2015-01-23 01:33:13', 'inv11'),
(64, 'Labour Sales Inv No:10 To Team Fergie Transporters ', '2875', '2875', '', 6, '1', '2015-01-23 01:33:31', 'inv10'),
(65, 'Labour Sales Inv No:64 To Engen petrol station', '1150', '1150', '', 6, '1', '2015-01-23 01:55:11', 'inv64'),
(66, 'Labour Sales Inv No:86 To Murimi', '575', '575', '', 6, '1', '2015-01-23 02:02:09', 'inv86'),
(67, 'Labour Sales Inv No:107 To Moses Okumu', '1725', '1725', '', 6, '1', '2015-01-23 03:34:53', 'inv107'),
(68, 'Labour Sales Inv No:109 To Mr./Mrs Others', '1050.449307', '1050.449307', '', 6, '1', '2015-01-23 03:35:10', 'inv109'),
(69, 'Labour Sales Inv No:111 To Joseph Tororei', '200.1', '200.1', '', 6, '1', '2015-01-23 19:38:10', 'inv111'),
(70, 'Labour Sales Inv No:110 To MR.Benz', '7203.83805', '7203.83805', '', 6, '1', '2015-01-23 19:38:23', 'inv110'),
(71, 'Labour Sales Inv No:112 To Cunningham Mwathi ', '400.2', '400.2', '', 6, '1', '2015-01-23 21:31:39', 'inv112'),
(72, 'Labour Sales Inv No:117 To Njuguna ', '1725', '1725', '', 6, '1', '2015-01-23 23:17:55', 'inv117'),
(73, 'Labour Sales Inv No:116 To Team Fergie Transporters ', '575', '575', '', 6, '1', '2015-01-23 23:18:11', 'inv116'),
(74, 'Labour Sales Inv No:115 To Team Fergie Transporters ', '5261', '5261', '', 6, '1', '2015-01-23 23:19:36', 'inv115'),
(75, 'Labour Sales Inv No:114 To Team Fergie Transporters ', '3950', '3950', '', 6, '1', '2015-01-23 23:19:54', 'inv114'),
(76, 'Labour Sales Inv No:118 To Joyce Nyanamba ', '5980', '5980', '', 6, '1', '2015-01-24 02:42:17', 'inv118'),
(77, 'Customer Payment Receipt No : (MGSR0017/2015) Received from  Joyce Nyanamba', '-5980', '', '5980', 6, '1', '2015-01-24 03:08:32', 'crsp17'),
(78, 'Labour Sales Inv No:119 To Mr.', '100.05', '100.05', '', 6, '1', '2015-01-24 22:00:32', 'inv119'),
(79, 'Labour Sales Inv No:120 To Mrs.I', '200.1', '200.1', '', 6, '1', '2015-01-24 23:24:07', 'inv120'),
(80, 'Labour Sales Inv No:121 To Snowball Sacco', '1610', '1610', '', 6, '1', '2015-01-24 23:28:18', 'inv121'),
(81, 'Labour Sales Inv No:92 To Dennis Mate', '2231', '2231', '', 6, '1', '2015-01-28 02:36:43', 'inv92'),
(82, 'Labour Sales Inv No:123 To Njuguna ', '9905.00049', '9905.00049', '', 6, '1', '2015-01-28 02:42:36', 'inv123'),
(83, 'Labour Sales Inv No:133 To Francis Kambo', '300.15', '300.15', '', 6, '1', '2015-01-28 21:12:33', 'inv133'),
(84, 'Labour Sales Inv No:136 To Mustapha Musa ', '575', '575', '', 6, '1', '2015-01-29 04:01:47', 'inv136'),
(85, 'Labour Sales Inv No:131 To Philip Baptiste', '6009.075', '6009.075', '', 6, '1', '2015-01-30 15:21:53', 'inv131'),
(86, 'Cancelation of Sales Inv No:116 of client Team Fergie Transporters  ', '-575', '', '575', 6, '1', '2015-01-30 23:15:38', 'cai116'),
(87, 'Labour Sales Inv No:141 To Anna Waithera ', '32545', '32545', '', 6, '1', '2015-02-05 06:25:27', 'inv141'),
(88, 'Labour Sales Inv No:142 To  Mr. Beutah Maroko ', '6999.498', '6999.498', '', 6, '1', '2015-02-05 06:34:16', 'inv142');

-- --------------------------------------------------------

--
-- Table structure for table `additional_investments`
--

CREATE TABLE IF NOT EXISTS `additional_investments` (
  `additional_investments_id` int(10) NOT NULL AUTO_INCREMENT,
  `receipt_no` varchar(100) NOT NULL,
  `shareholder_id` int(10) NOT NULL,
  `amount_received` varchar(100) NOT NULL,
  `decription` longtext NOT NULL,
  `currency_code` varchar(100) NOT NULL,
  `curr_rate` varchar(100) NOT NULL,
  `mop` varchar(11) NOT NULL,
  `ref_no` varchar(100) NOT NULL,
  `date_paid` date NOT NULL,
  `client_bank` varchar(100) NOT NULL,
  `our_bank` int(11) NOT NULL,
  `date_received` timestamp NOT NULL DEFAULT CURRENT_TIMESTAMP,
  `status` int(1) NOT NULL,
  PRIMARY KEY (`additional_investments_id`)
) ENGINE=MyISAM DEFAULT CHARSET=latin1 AUTO_INCREMENT=1 ;

--
-- Dumping data for table `additional_investments`
--


-- --------------------------------------------------------

--
-- Table structure for table `additional_investments_ledger`
--

CREATE TABLE IF NOT EXISTS `additional_investments_ledger` (
  `transaction_id` int(10) NOT NULL AUTO_INCREMENT,
  `transactions` varchar(100) NOT NULL,
  `amount` varchar(100) NOT NULL,
  `debit` varchar(100) NOT NULL,
  `credit` varchar(100) NOT NULL,
  `currency_code` int(10) NOT NULL,
  `curr_rate` varchar(100) NOT NULL,
  `date_recorded` timestamp NOT NULL DEFAULT CURRENT_TIMESTAMP,
  `order_code` varchar(100) NOT NULL,
  PRIMARY KEY (`transaction_id`)
) ENGINE=MyISAM DEFAULT CHARSET=latin1 AUTO_INCREMENT=1 ;

--
-- Dumping data for table `additional_investments_ledger`
--


-- --------------------------------------------------------

--
-- Table structure for table `all_rfq`
--

CREATE TABLE IF NOT EXISTS `all_rfq` (
  `all_rfq_id` int(10) NOT NULL AUTO_INCREMENT,
  `rfq_no` varchar(100) NOT NULL,
  `supplier_id` int(10) NOT NULL,
  `rfq_code` int(10) NOT NULL,
  `user_id` int(10) NOT NULL,
  `date_generated` timestamp NOT NULL DEFAULT CURRENT_TIMESTAMP ON UPDATE CURRENT_TIMESTAMP,
  `status` int(1) NOT NULL,
  PRIMARY KEY (`all_rfq_id`)
) ENGINE=MyISAM  DEFAULT CHARSET=latin1 AUTO_INCREMENT=4 ;

--
-- Dumping data for table `all_rfq`
--

INSERT INTO `all_rfq` (`all_rfq_id`, `rfq_no`, `supplier_id`, `rfq_code`, `user_id`, `date_generated`, `status`) VALUES
(1, 'RFQ0001/2014', 26, 1, 64, '2014-12-25 03:57:05', 2),
(2, 'RFQ0002/2014', 2, 0, 64, '2014-12-25 04:11:21', 1),
(3, 'RFQ0003/2015', 2, 4, 19, '2015-01-03 22:41:30', 1);

-- --------------------------------------------------------

--
-- Table structure for table `apparatus_cat`
--

CREATE TABLE IF NOT EXISTS `apparatus_cat` (
  `app_cat_id` int(10) unsigned NOT NULL AUTO_INCREMENT,
  `app_cat_name` varchar(45) COLLATE latin1_general_ci NOT NULL,
  `app_cat_desc` varchar(45) COLLATE latin1_general_ci NOT NULL,
  PRIMARY KEY (`app_cat_id`)
) ENGINE=MyISAM DEFAULT CHARSET=latin1 COLLATE=latin1_general_ci AUTO_INCREMENT=1 ;

--
-- Dumping data for table `apparatus_cat`
--


-- --------------------------------------------------------

--
-- Table structure for table `approved_client_payment`
--

CREATE TABLE IF NOT EXISTS `approved_client_payment` (
  `approved_client_payment_id` int(10) NOT NULL AUTO_INCREMENT,
  `invoice_payment_id` int(11) NOT NULL,
  `approving_user_id` int(10) NOT NULL,
  `date_approved` timestamp NOT NULL DEFAULT CURRENT_TIMESTAMP,
  `status` int(1) NOT NULL,
  PRIMARY KEY (`approved_client_payment_id`),
  KEY `supplier_id` (`approving_user_id`)
) ENGINE=MyISAM  DEFAULT CHARSET=latin1 AUTO_INCREMENT=8 ;

--
-- Dumping data for table `approved_client_payment`
--

INSERT INTO `approved_client_payment` (`approved_client_payment_id`, `invoice_payment_id`, `approving_user_id`, `date_approved`, `status`) VALUES
(1, 1, 69, '2015-01-15 02:55:26', 0),
(3, 3, 19, '2015-01-22 00:30:09', 0),
(4, 4, 19, '2015-01-22 02:55:35', 0),
(5, 5, 70, '2015-01-22 21:29:48', 0),
(6, 6, 70, '2015-01-23 00:45:12', 0),
(7, 17, 70, '2015-01-24 03:08:32', 0);

-- --------------------------------------------------------

--
-- Table structure for table `approved_lpo`
--

CREATE TABLE IF NOT EXISTS `approved_lpo` (
  `approved_lpo_id` int(10) NOT NULL AUTO_INCREMENT,
  `order_code` int(11) NOT NULL,
  `approving_user_id` int(10) NOT NULL,
  `date_approved` timestamp NOT NULL DEFAULT CURRENT_TIMESTAMP,
  `status` int(1) NOT NULL,
  PRIMARY KEY (`approved_lpo_id`),
  KEY `supplier_id` (`approving_user_id`)
) ENGINE=MyISAM  DEFAULT CHARSET=latin1 AUTO_INCREMENT=27 ;

--
-- Dumping data for table `approved_lpo`
--

INSERT INTO `approved_lpo` (`approved_lpo_id`, `order_code`, `approving_user_id`, `date_approved`, `status`) VALUES
(1, 2, 64, '2014-12-20 23:42:22', 0),
(2, 6, 64, '2015-01-03 20:26:07', 0),
(3, 24, 64, '2015-01-08 01:12:02', 0),
(4, 19, 64, '2015-01-08 01:13:32', 0),
(5, 17, 64, '2015-01-08 01:13:58', 0),
(6, 16, 64, '2015-01-08 01:14:23', 0),
(7, 15, 64, '2015-01-08 01:15:06', 0),
(8, 23, 64, '2015-01-08 01:15:42', 0),
(9, 34, 64, '2015-01-11 20:17:19', 0),
(10, 33, 64, '2015-01-11 20:17:33', 0),
(11, 37, 69, '2015-01-14 23:56:47', 0),
(12, 39, 69, '2015-01-15 03:22:59', 0),
(13, 40, 69, '2015-01-15 03:25:30', 0),
(14, 36, 69, '2015-01-15 03:52:48', 0),
(15, 35, 69, '2015-01-15 03:53:15', 0),
(16, 41, 69, '2015-01-15 22:18:14', 0),
(17, 42, 69, '2015-01-15 22:18:31', 0),
(18, 44, 69, '2015-01-16 01:20:18', 0),
(19, 43, 69, '2015-01-16 01:20:36', 0),
(20, 46, 69, '2015-01-18 00:33:00', 0),
(21, 49, 69, '2015-01-21 19:45:59', 0),
(22, 51, 69, '2015-01-21 19:46:30', 0),
(23, 50, 69, '2015-01-21 19:47:36', 0),
(24, 53, 69, '2015-01-26 23:45:30', 0),
(25, 54, 69, '2015-01-29 01:51:14', 0),
(26, 55, 69, '2015-01-29 01:53:50', 0);

-- --------------------------------------------------------

--
-- Table structure for table `approved_payroll`
--

CREATE TABLE IF NOT EXISTS `approved_payroll` (
  `approved_payroll_id` int(10) NOT NULL AUTO_INCREMENT,
  `payroll_id` int(10) NOT NULL,
  `date_approved` timestamp NOT NULL DEFAULT CURRENT_TIMESTAMP,
  `approving_user_id` int(11) NOT NULL,
  `status` int(1) NOT NULL,
  PRIMARY KEY (`approved_payroll_id`)
) ENGINE=MyISAM  DEFAULT CHARSET=latin1 AUTO_INCREMENT=7 ;

--
-- Dumping data for table `approved_payroll`
--

INSERT INTO `approved_payroll` (`approved_payroll_id`, `payroll_id`, `date_approved`, `approving_user_id`, `status`) VALUES
(1, 1, '2015-01-16 03:44:06', 70, 1),
(2, 1, '2015-01-20 05:09:39', 70, 1),
(3, 7, '2015-01-21 23:15:49', 70, 1),
(4, 3, '2015-01-21 23:16:01', 70, 1),
(5, 2, '2015-01-21 23:16:14', 70, 1),
(6, 1, '2015-01-21 23:16:22', 70, 1);

-- --------------------------------------------------------

--
-- Table structure for table `assigned_job_card`
--

CREATE TABLE IF NOT EXISTS `assigned_job_card` (
  `assigned_job_card_id` int(11) NOT NULL AUTO_INCREMENT,
  `booking_id` int(11) NOT NULL,
  `job_card_id` int(11) NOT NULL,
  `job_card_task_id` int(11) NOT NULL,
  `begin_date` date NOT NULL,
  `begin_time` time NOT NULL,
  `end_date` date NOT NULL,
  `end_time` time NOT NULL,
  `technician_id` int(11) NOT NULL,
  `user_id` int(100) NOT NULL,
  `date_generated` timestamp NOT NULL DEFAULT CURRENT_TIMESTAMP,
  `task_status` int(11) NOT NULL,
  PRIMARY KEY (`assigned_job_card_id`)
) ENGINE=InnoDB DEFAULT CHARSET=latin1 AUTO_INCREMENT=1 ;

--
-- Dumping data for table `assigned_job_card`
--


-- --------------------------------------------------------

--
-- Table structure for table `audit_trail`
--

CREATE TABLE IF NOT EXISTS `audit_trail` (
  `audit_id` int(10) NOT NULL AUTO_INCREMENT,
  `user_id` int(10) NOT NULL,
  `date_of_event` datetime NOT NULL,
  `action` varchar(200) NOT NULL,
  PRIMARY KEY (`audit_id`),
  KEY `user_id` (`user_id`)
) ENGINE=MyISAM  DEFAULT CHARSET=latin1 AUTO_INCREMENT=506 ;

--
-- Dumping data for table `audit_trail`
--

INSERT INTO `audit_trail` (`audit_id`, `user_id`, `date_of_event`, `action`) VALUES
(1, 62, '2014-12-18 16:02:52', 'Update the flat rate cost'),
(2, 2, '2014-12-19 13:17:17', 'Edited employee details by the name Jonah   JOnah   Jonah '),
(3, 19, '2014-12-19 13:36:45', 'Viewed all recorded cheque deposits'),
(4, 64, '2014-12-20 12:42:22', 'Approved LPO: No BD0002/2014'),
(5, 64, '2014-12-20 12:43:35', 'Received 2 O ring Kit - 3 inch (Pieces) into the warehous'),
(6, 64, '2014-12-20 12:43:48', 'Received 21 O ring Kit - 2 inch (Pieces) into the warehous'),
(7, 64, '2014-12-20 12:44:06', 'Received 36 O ring Kit - 3 inch (Pieces) into the warehous'),
(8, 64, '2014-12-20 12:44:25', 'Deleted a product O ring Kit - 3 inch(Pieces)  from the warehouse'),
(9, 64, '2014-12-20 12:45:36', 'Received 34 O ring Kit - 3 inch (Pieces) into the warehous'),
(10, 64, '2014-12-20 12:45:45', 'Received 3 O ring Kit - 2 inch (Pieces) into the warehous'),
(11, 64, '2014-12-20 12:54:02', 'Released 1  () into the warehous'),
(12, 64, '2014-12-20 12:54:19', 'Released 1  () into the warehous'),
(13, 64, '2014-12-20 12:55:07', 'Released 3  () into the warehous'),
(14, 64, '2014-12-20 12:55:19', 'Released 1  () into the warehous'),
(15, 64, '2014-12-23 15:01:21', 'Deleted a released item from the system'),
(16, 64, '2014-12-23 15:01:25', 'Deleted a released item from the system'),
(17, 64, '2014-12-23 15:33:52', 'Updates Sales Transactions'),
(18, 64, '2014-12-23 16:02:03', 'Released 1  () into the warehous'),
(19, 64, '2014-12-23 16:02:24', 'Released 1  () into the warehous'),
(20, 64, '2014-12-24 15:44:25', 'Created a supplier  TOOLCRAFTS LTD into the system'),
(21, 64, '2014-12-24 15:52:43', 'Released 1  () into the warehous'),
(22, 64, '2014-12-24 15:52:57', 'Released 1  () into the warehous'),
(23, 64, '2014-12-24 16:50:59', 'Canceled Purchase Order BD0005/2014'),
(24, 64, '2014-12-24 16:51:15', 'Canceled Purchase Order BD0004/2014'),
(25, 64, '2014-12-24 16:51:50', 'Canceled Purchase Order BD0003/2014'),
(26, 64, '2014-12-24 16:52:07', 'Canceled Purchase Order BD0001/2014'),
(27, 64, '2014-12-24 16:53:14', 'Requested for a quotation'),
(28, 64, '2014-12-24 16:54:38', 'Requested for a quotation'),
(29, 64, '2014-12-24 16:56:01', 'Updates Sales Transactions'),
(30, 64, '2014-12-24 16:57:05', 'Canceled RFQ '),
(31, 62, '2014-12-30 12:47:02', 'Update the flat rate cost'),
(32, 62, '2014-12-30 12:47:22', 'Update the flat rate cost'),
(33, 64, '2015-01-03 09:26:07', 'Approved LPO: No BD0006/2015'),
(34, 19, '2015-01-03 11:41:28', 'Requested for a quotation'),
(35, 19, '2015-01-03 13:09:48', 'Received 4 AT transmission (Pieces) into the warehous'),
(36, 64, '2015-01-05 09:33:24', 'Released 4  () into the warehous'),
(37, 64, '2015-01-05 09:33:47', 'Released 1  () into the warehous'),
(38, 64, '2015-01-05 15:46:08', 'Released 1  () into the warehous'),
(39, 64, '2015-01-05 15:46:27', 'Released 1  () into the warehous'),
(40, 64, '2015-01-06 07:59:47', 'Created a supplier  WAGDAH MOTORS into the system'),
(41, 64, '2015-01-06 10:37:52', 'Created a supplier  IMPALA AUTO SPARES into the system'),
(42, 64, '2015-01-06 12:29:10', 'Deleted a purchase order transaction'),
(43, 64, '2015-01-06 12:29:13', 'Deleted a purchase order transaction'),
(44, 64, '2015-01-06 13:31:34', 'Updates Sales Transactions'),
(45, 64, '2015-01-07 08:06:20', 'Updates Sales Transactions'),
(46, 64, '2015-01-07 08:12:03', 'Updates Sales Transactions'),
(47, 64, '2015-01-07 14:12:02', 'Approved LPO: No BD0024/2015'),
(48, 64, '2015-01-07 14:13:32', 'Approved LPO: No BD0019/2015'),
(49, 64, '2015-01-07 14:13:58', 'Approved LPO: No BD0017/2015'),
(50, 64, '2015-01-07 14:14:23', 'Approved LPO: No BD0016/2015'),
(51, 64, '2015-01-07 14:15:06', 'Approved LPO: No BD0015/2015'),
(52, 64, '2015-01-07 14:15:42', 'Approved LPO: No BD0023/2015'),
(53, 64, '2015-01-07 14:17:06', 'Received 10 Spark Plugs BKR6E2756 (Pieces) into the warehous'),
(54, 64, '2015-01-07 14:17:20', 'Received 8 Spark Plugs BP6ES-7811 (Pieces) into the warehous'),
(55, 64, '2015-01-07 14:17:35', 'Received 8 Spark Plugs BP6EY-6278 (Pieces) into the warehous'),
(56, 64, '2015-01-07 14:17:48', 'Received 10 Spark Plugs BCP5ES-7810 (Pieces) into the warehous'),
(57, 64, '2015-01-07 14:18:01', 'Received 8 Spark plugs BKR6EYA4195 (Pieces) into the warehous'),
(58, 64, '2015-01-07 14:18:16', 'Received 10 Spark Plugs Denso K16Single (Pieces) into the warehous'),
(59, 64, '2015-01-07 14:18:31', 'Received 10 Spark Plugs Denso K16Double (Pieces) into the warehous'),
(60, 64, '2015-01-07 14:18:41', 'Received 10 Spark Plugs Denso Q20 Single (Pieces) into the warehous'),
(61, 64, '2015-01-07 14:18:54', 'Received 10 Spark Plugs  K20Double (Pieces) into the warehous'),
(62, 64, '2015-01-07 14:20:52', 'Received 2 Air filterAA090 (Pieces) into the warehous'),
(63, 64, '2015-01-07 14:21:01', 'Received 2 Air filterAA070 (Pieces) into the warehous'),
(64, 64, '2015-01-07 14:21:12', 'Received 2 Air filterP2J-003 (Pieces) into the warehous'),
(65, 64, '2015-01-07 14:21:26', 'Received 2 Air filterPNB003 (Pieces) into the warehous'),
(66, 64, '2015-01-07 14:21:36', 'Received 2 Air filterEB300 (Pieces) into the warehous'),
(67, 64, '2015-01-07 14:21:53', 'Received 2 Air filter50060 (Pieces) into the warehous'),
(68, 64, '2015-01-07 14:22:05', 'Received 4 Air filteB1010 (Pieces) into the warehous'),
(69, 64, '2015-01-07 14:22:23', 'Received 2 Air filterPWJ-A10 (Pieces) into the warehous'),
(70, 64, '2015-01-07 14:22:34', 'Received 2 Air filter67060 (Pieces) into the warehous'),
(71, 64, '2015-01-07 14:22:47', 'Received 2 Air filter47010 (Pieces) into the warehous'),
(72, 64, '2015-01-07 14:22:59', 'Received 2 Air filter4M400 (Pieces) into the warehous'),
(73, 64, '2015-01-07 14:23:48', 'Received 10 Spark plugs 8H516 (Pieces) into the warehous'),
(74, 64, '2015-01-07 14:24:17', 'Received 6 Air filter11050 (Pieces) into the warehous'),
(75, 64, '2015-01-07 14:24:30', 'Received 6 Air filter11090 (Pieces) into the warehous'),
(76, 64, '2015-01-07 14:24:39', 'Received 6 Air filter15070 (Pieces) into the warehous'),
(77, 64, '2015-01-07 14:24:48', 'Received 6 Air filter16020 (Pieces) into the warehous'),
(78, 64, '2015-01-07 14:24:59', 'Received 6 Air filter21030 (Pieces) into the warehous'),
(79, 64, '2015-01-07 14:26:19', 'Received 12 Air filter21050 (Pieces) into the warehous'),
(80, 64, '2015-01-07 14:26:34', 'Received 12 Air filter22020 (Pieces) into the warehous'),
(81, 64, '2015-01-07 14:26:49', 'Received 6 Air filter23030 (Pieces) into the warehous'),
(82, 64, '2015-01-07 14:28:03', 'Received 2 Air filter35020 (Pieces) into the warehous'),
(83, 64, '2015-01-07 14:28:14', 'Received 6 Air filter74020 (Pieces) into the warehous'),
(84, 64, '2015-01-07 14:28:33', 'Received 6 Air filter73C10 (Pieces) into the warehous'),
(85, 64, '2015-01-07 14:29:48', 'Received 6 Air filter77A10 (Pieces) into the warehous'),
(86, 64, '2015-01-07 14:29:59', 'Received 6 Air filter41B00 (Pieces) into the warehous'),
(87, 64, '2015-01-07 14:30:54', 'Received 12 Air filterV0100 (Pieces) into the warehous'),
(88, 64, '2015-01-07 14:31:03', 'Received 6 Air filter20040 (Pieces) into the warehous'),
(89, 64, '2015-01-07 14:31:16', 'Received 6 Air filter2810 (Pieces) into the warehous'),
(90, 64, '2015-01-07 14:31:25', 'Received 2 Air filter70050 (Pieces) into the warehous'),
(91, 64, '2015-01-07 14:31:38', 'Received 2 Air filter74060 (Pieces) into the warehous'),
(92, 64, '2015-01-07 14:31:50', 'Received 2 Air filterMv188 (Pieces) into the warehous'),
(93, 64, '2015-01-07 14:32:02', 'Received 2 Air filterMv266 (Pieces) into the warehous'),
(94, 64, '2015-01-07 14:32:20', 'Received 2 Air filter22600 (Pieces) into the warehous'),
(95, 64, '2015-01-07 14:32:31', 'Received 2 Air filterED500 (Pieces) into the warehous'),
(96, 64, '2015-01-07 14:32:41', 'Received 2 Air filte31110 (Pieces) into the warehous'),
(97, 64, '2015-01-07 14:33:10', 'Received 2 Air filter31120 (Pieces) into the warehous'),
(98, 64, '2015-01-07 14:33:22', 'Received 2 Air filter50040 (Pieces) into the warehous'),
(99, 64, '2015-01-07 14:33:35', 'Received 2 Air filter97402 (Pieces) into the warehous'),
(100, 64, '2015-01-07 14:34:25', 'Received 12 Fuel FilterMB220900 (Pieces) into the warehous'),
(101, 64, '2015-01-07 14:34:33', 'Received 12 Fuel Filter64010 (Pieces) into the warehous'),
(102, 64, '2015-01-07 14:34:41', 'Received 12 Oil Filter Toyota10001/03001 (Pieces) into the warehous'),
(103, 64, '2015-01-07 14:34:52', 'Received 12 Oil Filter Toyota03006 (Pieces) into the warehous'),
(104, 64, '2015-01-07 14:35:07', 'Received 12 Oil Filter Nissan65F00 (Pieces) into the warehous'),
(105, 64, '2015-01-07 14:35:22', 'Received 12 Oil Filter Mark x-31020/80 (Pieces) into the warehous'),
(106, 64, '2015-01-07 14:35:32', 'Received 12 Oil Filter Toyota Passo-37010 (Pieces) into the warehous'),
(107, 64, '2015-01-07 14:35:44', 'Received 12 Oil Filter 20001/30002 (Pieces) into the warehous'),
(108, 64, '2015-01-07 14:35:56', 'Received 12 Oil Filter MD135737 (Pieces) into the warehous'),
(109, 64, '2015-01-08 13:11:05', 'Created a supplier  BASELINE MOTORS SPARE into the system'),
(110, 64, '2015-01-08 16:03:56', 'Created a supplier  POWER FLOW SERVICES into the system'),
(111, 64, '2015-01-10 12:13:27', 'Released 1  () into the warehous'),
(112, 64, '2015-01-10 17:19:42', 'Updates Sales Transactions'),
(113, 64, '2015-01-10 17:20:22', 'Updates Sales Transactions'),
(114, 64, '2015-01-11 08:52:31', 'Created a supplier  BITMOS AOTO SUPPLIES into the system'),
(115, 64, '2015-01-11 09:17:19', 'Approved LPO: No BD0034/2015'),
(116, 64, '2015-01-11 09:17:33', 'Approved LPO: No BD0033/2015'),
(117, 64, '2015-01-11 09:18:03', 'Received 2 Brake padsKD2718 (Pieces) into the warehous'),
(118, 64, '2015-01-11 09:18:15', 'Received 2 Brake padsKD2780 (Pieces) into the warehous'),
(119, 64, '2015-01-11 09:18:23', 'Received 2 Brake padsKD2701 (Pieces) into the warehous'),
(120, 64, '2015-01-11 09:18:33', 'Received 2 Brake padsKD2725 (Pieces) into the warehous'),
(121, 64, '2015-01-11 09:18:43', 'Received 2 Brake padsKD2203 (Pieces) into the warehous'),
(122, 64, '2015-01-11 09:24:03', 'Received 1 Brake padsKD2208 (Pieces) into the warehous'),
(123, 64, '2015-01-11 09:24:14', 'Received 2 Brake padsKD2798 (Pieces) into the warehous'),
(124, 64, '2015-01-11 09:24:27', 'Received 2 Brake padsKD2740 (Pieces) into the warehous'),
(125, 64, '2015-01-11 09:24:45', 'Received 1 Brake padsKD2457 (Pieces) into the warehous'),
(126, 64, '2015-01-11 09:25:13', 'Received 1 Brake padsKD1740 (Pieces) into the warehous'),
(127, 64, '2015-01-11 09:25:27', 'Received 2 Brake padsKD2739 (Pieces) into the warehous'),
(128, 64, '2015-01-11 09:25:36', 'Received 2 Brake padsKD2776 (Pieces) into the warehous'),
(129, 64, '2015-01-11 09:25:45', 'Received 2 Brake padsKD1739 (Pieces) into the warehous'),
(130, 64, '2015-01-11 09:25:59', 'Received 2 Brake padsKD1735 (Pieces) into the warehous'),
(131, 64, '2015-01-11 09:26:09', 'Received 2 Brake padsKD2606/07 (Pieces) into the warehous'),
(132, 64, '2015-01-11 09:26:19', 'Received 2 Brake pads liningX288 (Pieces) into the warehous'),
(133, 64, '2015-01-11 09:26:30', 'Received 2 Brake pads liningAK2342 (Pieces) into the warehous'),
(134, 64, '2015-01-11 09:26:42', 'Received 2 Brake padsGDB7075S (Pieces) into the warehous'),
(135, 64, '2015-01-11 09:27:00', 'Received 2 Brake  liningNQR (Pieces) into the warehous'),
(136, 64, '2015-01-11 09:27:11', 'Received 2 Brake lining ProboxBS-K2358 (Pieces) into the warehous'),
(137, 64, '2015-01-11 09:27:32', 'Received 12 Fuel Filterz700 (Pieces) into the warehous'),
(138, 64, '2015-01-11 09:27:40', 'Received 12 Oil Filter6DBOB-0309-A (Pieces) into the warehous'),
(139, 64, '2015-01-11 09:27:47', 'Received 12 Air Cleaner NQR (Pieces) into the warehous'),
(140, 64, '2015-01-12 11:30:59', 'Released 1  () into the warehous'),
(141, 64, '2015-01-12 11:31:24', 'Released 1  () into the warehous'),
(142, 64, '2015-01-12 11:31:39', 'Released 1  () into the warehous'),
(143, 64, '2015-01-12 11:31:54', 'Released 1  () into the warehous'),
(144, 64, '2015-01-12 11:32:06', 'Released 1  () into the warehous'),
(145, 64, '2015-01-12 11:32:51', 'Released 1  () into the warehous'),
(146, 64, '2015-01-12 11:33:06', 'Released 1  () into the warehous'),
(147, 64, '2015-01-12 11:33:19', 'Released 1  () into the warehous'),
(148, 64, '2015-01-12 11:33:36', 'Released 1  () into the warehous'),
(149, 64, '2015-01-12 11:34:03', 'Released 1  () into the warehous'),
(150, 64, '2015-01-12 11:34:28', 'Released 1  () into the warehous'),
(151, 64, '2015-01-12 11:34:42', 'Released 1  () into the warehous'),
(152, 64, '2015-01-12 11:35:12', 'Released 1  () into the warehous'),
(153, 64, '2015-01-12 11:35:25', 'Released 1  () into the warehous'),
(154, 64, '2015-01-12 11:36:15', 'Released 1  () into the warehous'),
(155, 64, '2015-01-12 11:36:40', 'Released 1  () into the warehous'),
(156, 64, '2015-01-12 11:37:40', 'Released 1  () into the warehous'),
(157, 64, '2015-01-12 11:37:54', 'Released 1  () into the warehous'),
(158, 64, '2015-01-12 11:38:41', 'Released 1  () into the warehous'),
(159, 64, '2015-01-12 11:38:57', 'Released 1  () into the warehous'),
(160, 64, '2015-01-12 11:39:08', 'Released 1  () into the warehous'),
(161, 64, '2015-01-12 11:39:19', 'Released 1  () into the warehous'),
(162, 64, '2015-01-12 11:39:30', 'Released 1  () into the warehous'),
(163, 64, '2015-01-12 11:42:18', 'Released 1  () into the warehous'),
(164, 64, '2015-01-12 11:42:28', 'Released 1  () into the warehous'),
(165, 64, '2015-01-12 11:42:38', 'Released 1  () into the warehous'),
(166, 64, '2015-01-12 11:42:50', 'Released 1  () into the warehous'),
(167, 64, '2015-01-12 11:43:00', 'Released 1  () into the warehous'),
(168, 64, '2015-01-12 11:43:56', 'Released 1  () into the warehous'),
(169, 64, '2015-01-12 11:44:09', 'Released 3  () into the warehous'),
(170, 64, '2015-01-12 16:10:54', 'Deleted a purchase order transaction'),
(171, 69, '2015-01-12 16:32:10', 'Recorded Loan Received from Longterm View Capital Limited into the system'),
(172, 69, '2015-01-12 16:32:32', 'Viewed all recorded cheque deposits'),
(173, 69, '2015-01-12 16:34:05', 'Viewed all recorded cheque deposits'),
(174, 64, '2015-01-13 16:39:24', 'Deleted a released item from the system'),
(175, 64, '2015-01-13 16:39:41', 'Deleted a released item from the system'),
(176, 64, '2015-01-13 16:39:52', 'Deleted a released item from the system'),
(177, 64, '2015-01-13 16:40:02', 'Deleted a released item from the system'),
(178, 64, '2015-01-13 16:55:36', 'Created a supplier  GATHANI LIMITED into the system'),
(179, 64, '2015-01-14 11:05:17', 'Released 1  () into the warehous'),
(180, 64, '2015-01-14 12:13:10', 'Created a supplier  HEXAGON AGENCIES LTD into the system'),
(181, 69, '2015-01-14 12:56:47', 'Approved LPO: No BD0037/2015'),
(182, 64, '2015-01-14 14:22:19', 'Received 1 CUP CLEANER (Pieces) into the warehous'),
(183, 64, '2015-01-14 14:34:10', 'Released 4  () into the warehous'),
(184, 64, '2015-01-14 14:34:29', 'Released 1  () into the warehous'),
(185, 64, '2015-01-14 15:20:36', 'Released 4  () into the warehous'),
(186, 69, '2015-01-14 15:55:26', 'Received Invoice Payment from Joyce Nyanamba'),
(187, 69, '2015-01-14 16:22:59', 'Approved LPO: No BD0039/2015'),
(188, 64, '2015-01-14 16:24:41', 'Updated an invoice trasaction'),
(189, 69, '2015-01-14 16:25:30', 'Approved LPO: No BD0040/2015'),
(190, 64, '2015-01-14 16:28:51', 'Received 2 SILICONE CLEAR SMALL (Pieces) into the warehous'),
(191, 64, '2015-01-14 16:29:13', 'Received 2 SILICONE GREY SMALL (Pieces) into the warehous'),
(192, 64, '2015-01-14 16:29:28', 'Received 2 INSULATING TAPE (Pieces) into the warehous'),
(193, 64, '2015-01-14 16:29:45', 'Received 18 INSULATING TAPE (Pieces) into the warehous'),
(194, 64, '2015-01-14 16:30:39', 'Received 1 PATCHES No1 (Pieces) into the warehous'),
(195, 64, '2015-01-14 16:30:48', 'Received 1 PATCHES No2 (Pieces) into the warehous'),
(196, 64, '2015-01-14 16:30:56', 'Received 1 PATCHES No3 (Pieces) into the warehous'),
(197, 64, '2015-01-14 16:31:04', 'Received 1 SOLUTION TINS 500GM (Pieces) into the warehous'),
(198, 64, '2015-01-14 16:31:19', 'Received 30 GATEX TUBELESS STRINGS (Pieces) into the warehous'),
(199, 64, '2015-01-14 16:31:28', 'Received 1 CFC CEMENT FREE (Pieces) into the warehous'),
(200, 64, '2015-01-14 16:31:44', 'Received 1 INSERTING TOOL4IN 1 (Pieces) into the warehous'),
(201, 64, '2015-01-14 16:31:55', 'Received 2 VALVE KEY (Pieces) into the warehous'),
(202, 64, '2015-01-14 16:32:09', 'Received 500 POP RIVERTS (Pieces) into the warehous'),
(203, 64, '2015-01-14 16:32:21', 'Received 468 O ring Kit  (Pieces) into the warehous'),
(204, 64, '2015-01-14 16:32:34', 'Received 1 ALDATE RAPID (Pieces) into the warehous'),
(205, 64, '2015-01-14 16:32:44', 'Received 1 Oil filter remover (Pieces) into the warehous'),
(206, 69, '2015-01-14 16:52:48', 'Approved LPO: No BD0036/2015'),
(207, 69, '2015-01-14 16:53:15', 'Approved LPO: No BD0035/2015'),
(208, 64, '2015-01-14 16:56:45', 'Received 1 DUST SHAFTBOOT (Pieces) into the warehous'),
(209, 64, '2015-01-15 09:26:31', 'Updates Sales Transactions'),
(210, 64, '2015-01-15 09:36:14', 'Released 1  () into the warehous'),
(211, 64, '2015-01-15 09:36:42', 'Released 1  () into the warehous'),
(212, 64, '2015-01-15 10:16:51', 'Created a supplier  Varsani brakelinings lte into the system'),
(213, 69, '2015-01-15 11:18:14', 'Approved LPO: No BD0041/2015'),
(214, 69, '2015-01-15 11:18:31', 'Approved LPO: No BD0042/2015'),
(215, 64, '2015-01-15 13:06:32', 'Created a supplier RING OUTAMATIVE into the system'),
(216, 64, '2015-01-15 14:08:05', 'edited supplier details for  BITMOS AUTO SUPPLIES'),
(217, 69, '2015-01-15 14:20:18', 'Approved LPO: No BD0044/2015'),
(218, 69, '2015-01-15 14:20:36', 'Approved LPO: No BD0043/2015'),
(219, 19, '2015-01-15 16:00:47', 'Edited station details'),
(220, 2, '2015-01-15 16:22:50', 'Created a new employee by the name Momanyi     into the system'),
(221, 64, '2015-01-15 16:28:14', 'Created a supplier  PIPEMAN MANUFACTURES into the system'),
(222, 64, '2015-01-15 16:31:08', 'edited supplier details for PIPEMAN MANUFACTURES'),
(223, 2, '2015-01-15 16:32:41', 'Edited employee details by the name Momanyi   M.   Kinara'),
(224, 70, '2015-01-15 16:35:39', 'Edited station details'),
(225, 2, '2015-01-15 16:36:17', 'Edited employee details by the name Momanyi    M.    Kinara '),
(226, 2, '2015-01-15 16:37:20', 'Edited employee details by the name Momanyi     M.     Kinara  '),
(227, 64, '2015-01-16 09:46:25', 'Created a supplier BAGDA''S into the system'),
(228, 64, '2015-01-16 12:07:33', 'Released 1  () into the warehous'),
(229, 64, '2015-01-16 12:08:39', 'Released 1  () into the warehous'),
(230, 64, '2015-01-16 12:08:58', 'Released 1  () into the warehous'),
(231, 64, '2015-01-16 12:09:17', 'Released 1  () into the warehous'),
(232, 64, '2015-01-16 12:09:38', 'Released 2  () into the warehous'),
(233, 64, '2015-01-16 12:10:02', 'Released 1  () into the warehous'),
(234, 64, '2015-01-16 12:37:06', 'Released 4  () into the warehous'),
(235, 64, '2015-01-16 15:31:53', 'Released 1  () into the warehous'),
(236, 64, '2015-01-16 15:32:06', 'Released 1  () into the warehous'),
(237, 64, '2015-01-17 10:12:50', 'Received 10 head light bulb h4 24v (Pieces) into the warehous'),
(238, 64, '2015-01-17 10:13:17', 'Received 4 Brake  lining(BL4 ISUZUVL.310.1) (Pieces) into the warehous'),
(239, 64, '2015-01-17 10:16:01', 'Released 2  () into the warehous'),
(240, 64, '2015-01-17 10:16:16', 'Released 1  () into the warehous'),
(241, 64, '2015-01-17 10:16:29', 'Released 1  () into the warehous'),
(242, 64, '2015-01-17 10:17:01', 'Released 1  () into the warehous'),
(243, 64, '2015-01-17 11:10:09', 'Created a supplier  EGEN RONGAI SERVICE STATION into the system'),
(244, 69, '2015-01-17 13:33:00', 'Approved LPO: No BD0046/2015'),
(245, 64, '2015-01-19 12:49:54', 'Released 1  () into the warehous'),
(246, 64, '2015-01-19 12:50:15', 'Released 2  () into the warehous'),
(247, 64, '2015-01-19 12:50:40', 'Released 1  () into the warehous'),
(248, 64, '2015-01-19 12:51:04', 'Released 1  () into the warehous'),
(249, 64, '2015-01-19 12:51:24', 'Released 1  () into the warehous'),
(250, 64, '2015-01-19 12:51:42', 'Released 1  () into the warehous'),
(251, 64, '2015-01-19 12:52:11', 'Released 1  () into the warehous'),
(252, 64, '2015-01-19 14:06:05', 'Updated an invoice trasaction'),
(253, 64, '2015-01-19 14:06:12', 'Updated an invoice trasaction'),
(254, 69, '2015-01-19 14:27:43', 'Canceled a Submitted Invoice No 41'),
(255, 19, '2015-01-19 14:36:26', 'Deleted a product INSERTING TOOL4IN 1(Pieces)  from the warehouse'),
(256, 64, '2015-01-19 14:39:02', 'Canceled Purchase Order BD0047/2015'),
(257, 62, '2015-01-19 15:44:54', 'Canceled a Submitted Invoice No 13'),
(258, 62, '2015-01-19 15:46:45', 'Canceled a Submitted Invoice No 16'),
(259, 62, '2015-01-19 15:47:06', 'Canceled a Submitted Invoice No 14'),
(260, 62, '2015-01-19 15:51:17', 'Canceled a Submitted Invoice No 15'),
(261, 64, '2015-01-19 17:18:52', 'Released 8  () into the warehous'),
(262, 62, '2015-01-19 17:22:17', 'Deleted Invoice payment/Client Payments received from '),
(263, 2, '2015-01-19 17:40:59', 'Edited employee details by the name Momanyi      M.      Kinara   '),
(264, 70, '2015-01-19 17:56:48', 'Edited Salary Advance Paid To Momanyi      M.      Kinara   '),
(265, 2, '2015-01-20 08:46:45', 'Created a new employee by the name  Daniel  Ndungu  Kamau into the system'),
(266, 2, '2015-01-20 09:08:14', 'Created a new employee by the name Juma  Yusuf  Kimotho into the system'),
(267, 2, '2015-01-20 09:25:13', 'Created a new employee by the name  Loureen   Wakonyo  Gitagia into the system'),
(268, 2, '2015-01-20 09:47:33', 'Edited employee details by the name  Loureen    Wakonyo   Gitagia '),
(269, 2, '2015-01-20 09:48:33', 'Edited employee details by the name  Daniel   Ndungu   Kamau '),
(270, 2, '2015-01-20 09:49:27', 'Edited employee details by the name Momanyi       M.       Kinara    '),
(271, 2, '2015-01-20 09:58:20', 'Created a new employee by the name  Edwin  Kipkorir  Koech into the system'),
(272, 2, '2015-01-20 10:28:09', 'Created a new employee by the name  Stella  Mueni  Kisilu into the system'),
(273, 2, '2015-01-20 11:09:50', 'Created a new employee by the name  Night  Musanga  Busumu into the system'),
(274, 2, '2015-01-20 11:12:11', 'Edited employee details by the name  Night   Musanga   Busumu '),
(275, 2, '2015-01-20 11:15:40', 'Edited employee details by the name  Night    Musanga    Busumu  '),
(276, 2, '2015-01-20 11:17:20', 'Edited employee details by the name  Night     Musanga     Busumu   '),
(277, 2, '2015-01-20 11:37:32', 'Created a new employee by the name  Josephat  Moseti  Otebo into the system'),
(278, 2, '2015-01-20 11:54:43', 'Created a new employee by the name  Robert  Ainea  Mageka into the system'),
(279, 2, '2015-01-20 12:08:22', 'Created a new employee by the name  Viram  Otieno  Odoyo into the system'),
(280, 2, '2015-01-20 12:55:16', 'Created a new employee by the name  Joseph  Gicharu  Macharia into the system'),
(281, 2, '2015-01-20 12:57:59', 'Edited employee details by the name  Viram   Otieno   Odoyo '),
(282, 2, '2015-01-20 12:59:42', 'Edited employee details by the name Momanyi        M.        Kinara     '),
(283, 2, '2015-01-20 13:09:38', 'Created a new employee by the name  Lazarus  Ngotho Kisilu into the system'),
(284, 2, '2015-01-20 13:18:57', 'Created a new employee by the name  Dickson  Omato  Omwenga into the system'),
(285, 2, '2015-01-20 13:38:50', 'Created a new employee by the name  Risper  Kemunto  Ondimu into the system'),
(286, 2, '2015-01-20 13:54:54', 'Created a new employee by the name  Damaris  Nyawira  Kibungi into the system'),
(287, 2, '2015-01-20 14:10:55', 'Created a new employee by the name  Martha  Nyambura  Njenga into the system'),
(288, 2, '2015-01-20 14:24:05', 'Created a new employee by the name  Christin  Beth Wanjiru  Kimani into the system'),
(289, 2, '2015-01-20 14:30:57', 'Created a new employee by the name  Fredrick   Gwaro  Tirimba into the system'),
(290, 2, '2015-01-20 14:39:55', 'Created a new employee by the name  Harriet Wairimu   Gitau into the system'),
(291, 2, '2015-01-20 15:25:06', 'Edited employee details by the name  Christin   Beth Wanjiru   Kimani '),
(292, 2, '2015-01-20 15:28:08', 'Edited employee details by the name  Night      Musanga      Busumu    '),
(293, 2, '2015-01-20 15:29:34', 'Edited employee details by the name  Harriet  Wairimu    Gitau '),
(294, 2, '2015-01-20 15:32:19', 'Edited employee details by the name  Harriet   Wairimu     Gitau  '),
(295, 2, '2015-01-20 16:05:13', 'Created a new employee by the name  Esther  Wambui  Ndegwa into the system'),
(296, 69, '2015-01-21 08:45:59', 'Approved LPO: No BD0049/2015'),
(297, 69, '2015-01-21 08:46:30', 'Approved LPO: No BD0051/2015'),
(298, 69, '2015-01-21 08:47:36', 'Approved LPO: No BD0050/2015'),
(299, 69, '2015-01-21 08:54:14', 'Canceled a Submitted Invoice No 39'),
(300, 69, '2015-01-21 08:54:41', 'Canceled a Submitted Invoice No 40'),
(301, 69, '2015-01-21 08:55:09', 'Canceled a Submitted Invoice No 78'),
(302, 64, '2015-01-21 09:31:07', 'Received 10 RADIATOR COOLANT (Pieces) into the warehous'),
(303, 64, '2015-01-21 09:31:28', 'Received 4 Head light Single Bulb  12v (Pieces) into the warehous'),
(304, 64, '2015-01-21 09:39:01', 'Received 4 Front inner Bearing  32210j1-08 (Pieces) into the warehous'),
(305, 64, '2015-01-21 09:39:10', 'Received 4 Front outer Bearing  32207jr (Pieces) into the warehous'),
(306, 64, '2015-01-21 09:39:22', 'Received 4 rear inner bearing 30213l1-06 (Pieces) into the warehous'),
(307, 64, '2015-01-21 09:39:31', 'Received 4 Rear outer bearing28680/22102 (Pieces) into the warehous'),
(308, 64, '2015-01-21 09:39:48', 'Received 4 Front inner seal 8-942481171-0  (Pieces) into the warehous'),
(309, 64, '2015-01-21 09:42:32', 'Received 4 Rear Wheel inner1-03434659-0 (Pieces) into the warehous'),
(310, 64, '2015-01-21 09:42:41', 'Received 4 Rear Wheel outer 4.3 8-89448094-0 (Pieces) into the warehous'),
(311, 2, '2015-01-21 10:17:44', 'Edited employee details by the name  Lazarus   Ngotho  Kisilu '),
(312, 70, '2015-01-21 10:20:30', 'Edited station details'),
(313, 70, '2015-01-21 10:21:01', 'Edited station details'),
(314, 2, '2015-01-21 10:59:58', 'Created a new employee by the name  Esther Wambui Ndegwa into the system'),
(315, 2, '2015-01-21 11:11:02', 'Created a new employee by the name  Cyrus  Chomba  Maina into the system'),
(316, 2, '2015-01-21 11:12:19', 'Edited employee details by the name  Cyrus   Chomba   Maina '),
(317, 2, '2015-01-21 11:18:01', 'Created a new employee by the name  Samuel  Munga  Kungu into the system'),
(318, 70, '2015-01-21 12:05:47', 'Edited Salary Advance Paid To  Edwin  Kipkorir  Koech'),
(319, 70, '2015-01-21 13:15:19', 'Viewed all recorded cheque deposits'),
(320, 19, '2015-01-21 13:30:09', 'Received Invoice Payment from Joseph Kirigi'),
(321, 2, '2015-01-21 15:06:54', 'Edited employee details by the name  Dickson   Omato   Omwenga '),
(322, 2, '2015-01-21 15:23:07', 'Created a new employee by the name  Samuel    Kimweli into the system'),
(323, 19, '2015-01-21 15:49:20', 'Deleted a released item from the system'),
(324, 19, '2015-01-21 15:49:35', 'Deleted a released item from the system'),
(325, 19, '2015-01-21 15:49:47', 'Deleted a released item from the system'),
(326, 19, '2015-01-21 15:50:16', 'Deleted a released item from the system'),
(327, 19, '2015-01-21 15:55:35', 'Received Invoice Payment from Mr.'),
(328, 19, '2015-01-21 15:57:33', 'Deleted a released item from the system'),
(329, 19, '2015-01-21 15:58:17', 'Deleted a released item from the system'),
(330, 19, '2015-01-21 15:58:34', 'Deleted a released item from the system'),
(331, 19, '2015-01-21 15:58:47', 'Deleted a released item from the system'),
(332, 19, '2015-01-21 15:58:59', 'Deleted a released item from the system'),
(333, 62, '2015-01-21 16:54:41', 'Canceled a Submitted Invoice No 8'),
(334, 62, '2015-01-21 16:58:06', 'Canceled a Submitted Invoice No 33'),
(335, 62, '2015-01-21 16:59:08', 'Canceled a Submitted Invoice No 27'),
(336, 62, '2015-01-21 17:04:13', 'Canceled a Submitted Invoice No 32'),
(337, 62, '2015-01-21 17:04:57', 'Canceled a Submitted Invoice No 31'),
(338, 62, '2015-01-21 17:06:05', 'Canceled a Submitted Invoice No 30'),
(339, 62, '2015-01-21 17:06:36', 'Canceled a Submitted Invoice No 28'),
(340, 62, '2015-01-21 17:07:03', 'Canceled a Submitted Invoice No 81'),
(341, 62, '2015-01-21 17:09:14', 'Canceled a Submitted Invoice No 47'),
(342, 62, '2015-01-21 17:12:25', 'Canceled a Submitted Invoice No 76'),
(343, 64, '2015-01-21 17:15:44', 'Released 1  () into the warehous'),
(344, 64, '2015-01-21 18:08:49', 'Released 1  () into the warehous'),
(345, 64, '2015-01-21 18:09:01', 'Released 1  () into the warehous'),
(346, 64, '2015-01-21 18:09:10', 'Released 1  () into the warehous'),
(347, 62, '2015-01-22 09:29:17', 'Canceled a Submitted Invoice No 67'),
(348, 62, '2015-01-22 09:30:48', 'Canceled a Submitted Invoice No 80'),
(349, 62, '2015-01-22 09:31:42', 'Canceled a Submitted Invoice No 98'),
(350, 62, '2015-01-22 09:32:40', 'Canceled a Submitted Invoice No 91'),
(351, 62, '2015-01-22 09:37:27', 'Canceled a Submitted Invoice No 103'),
(352, 62, '2015-01-22 09:42:13', 'Canceled a Submitted Invoice No 37'),
(353, 62, '2015-01-22 09:46:47', 'Canceled a Submitted Invoice No 62'),
(354, 62, '2015-01-22 09:48:03', 'Canceled a Submitted Invoice No 75'),
(355, 62, '2015-01-22 09:48:32', 'Canceled a Submitted Invoice No 74'),
(356, 70, '2015-01-22 10:29:48', 'Received Invoice Payment from Francis Kambo'),
(357, 2, '2015-01-22 11:23:56', 'Edited employee details by the name  Samuel   Munga   Kungu '),
(358, 2, '2015-01-22 11:39:45', 'Created a new employee by the name  Gabriel  Kinyanjui  Kihara into the system'),
(359, 2, '2015-01-22 12:20:13', 'Created a new employee by the name  Stanley  Njoroge  Ndungu into the system'),
(360, 2, '2015-01-22 12:29:39', 'Created a new employee by the name  Joseph  Mugo Kinyua  into the system'),
(361, 2, '2015-01-22 12:38:47', 'Created a new employee by the name  Douglas  Mangabo  Onsare into the system'),
(362, 2, '2015-01-22 12:45:15', 'Edited employee details by the name  Fredrick    Gwaro   Tirimba '),
(363, 2, '2015-01-22 12:52:48', 'Edited employee details by the name  Night       Musanga       Busumu     '),
(364, 2, '2015-01-22 12:53:32', 'Edited employee details by the name  Robert   Ainea   Mageka '),
(365, 2, '2015-01-22 12:54:40', 'Edited employee details by the name  Risper   Kemunto   Ondimu '),
(366, 2, '2015-01-22 12:55:35', 'Edited employee details by the name  Cyrus    Chomba    Maina  '),
(367, 2, '2015-01-22 12:56:49', 'Edited employee details by the name  Douglas   Mangabo   Onsare '),
(368, 2, '2015-01-22 13:14:19', 'Created a new employee by the name  Ronald    Kosgey into the system'),
(369, 70, '2015-01-22 13:45:12', 'Received Invoice Payment from Miss'),
(370, 69, '2015-01-22 14:22:29', 'Canceled a Submitted Invoice No 63'),
(371, 69, '2015-01-22 14:24:19', 'Canceled a Submitted Invoice No 90'),
(372, 69, '2015-01-22 14:55:52', 'Canceled a Submitted Invoice No 83'),
(373, 69, '2015-01-22 15:54:12', 'Recorded a cash deposit of worth  7200 into the system'),
(374, 69, '2015-01-22 15:55:03', 'Recorded a cash deposit of worth  5190 into the system'),
(375, 69, '2015-01-22 15:55:57', 'Recorded a cash deposit of worth  5730 into the system'),
(376, 69, '2015-01-22 15:57:52', 'Recorded a cash deposit of worth  5280 into the system'),
(377, 69, '2015-01-22 16:00:05', 'Recorded a cash deposit of worth  1400 into the system'),
(378, 64, '2015-01-22 16:15:42', 'Released 1  () into the warehous'),
(379, 64, '2015-01-22 16:15:55', 'Released 1  () into the warehous'),
(380, 69, '2015-01-22 16:29:59', 'Recorded a cash deposit of worth  1150 into the system'),
(381, 69, '2015-01-22 16:30:06', 'Viewed all recorded cheque deposits'),
(382, 69, '2015-01-22 16:33:33', 'Viewed all recorded cheque deposits'),
(383, 69, '2015-01-22 16:34:13', 'Recorded a cash deposit of worth  4885 into the system'),
(384, 69, '2015-01-22 16:36:18', 'Viewed all recorded cheque deposits'),
(385, 64, '2015-01-22 16:49:09', 'Deleted a released item from the system'),
(386, 64, '2015-01-22 16:49:15', 'Deleted a released item from the system'),
(387, 69, '2015-01-23 08:41:22', 'Viewed all recorded cheque deposits'),
(388, 69, '2015-01-23 08:43:02', 'Viewed all recorded cheque deposits'),
(389, 64, '2015-01-23 11:06:28', 'Released 1  () into the warehous'),
(390, 64, '2015-01-23 14:51:54', 'Released 1  () into the warehous'),
(391, 64, '2015-01-23 14:52:08', 'Released 1  () into the warehous'),
(392, 70, '2015-01-23 16:08:32', 'Received Invoice Payment from Joyce Nyanamba'),
(393, 70, '2015-01-23 18:24:26', 'Edited deduction type details'),
(394, 70, '2015-01-23 18:24:49', 'Edited deduction type details'),
(395, 70, '2015-01-23 18:24:53', 'Edited deduction type details'),
(396, 70, '2015-01-23 18:24:57', 'Edited deduction type details'),
(397, 70, '2015-01-23 18:25:05', 'Edited deduction type details'),
(398, 62, '2015-01-24 08:36:37', 'Canceled a Submitted Invoice No 85'),
(399, 64, '2015-01-25 09:31:11', 'Released 1  () into the warehous'),
(400, 64, '2015-01-25 09:31:21', 'Released 1  () into the warehous'),
(401, 64, '2015-01-25 09:31:32', 'Released 1  () into the warehous'),
(402, 64, '2015-01-25 10:06:49', 'Released 1  () into the warehous'),
(403, 64, '2015-01-25 13:10:52', 'Released 1  () into the warehous'),
(404, 64, '2015-01-25 13:11:11', 'Released 1  () into the warehous'),
(405, 64, '2015-01-25 13:12:19', 'Released 1  () into the warehous'),
(406, 64, '2015-01-25 13:12:34', 'Released 2  () into the warehous'),
(407, 64, '2015-01-25 13:16:02', 'Released 3  () into the warehous'),
(408, 64, '2015-01-26 12:28:33', 'Created a supplier  JAPAN PRIDE into the system'),
(409, 69, '2015-01-26 12:45:30', 'Approved LPO: No BD0053/2015'),
(410, 64, '2015-01-26 13:28:32', 'Received 10 Gasket isuzu NQR (Pieces) into the warehous'),
(411, 64, '2015-01-27 12:41:59', 'Released 1  () into the warehous'),
(412, 64, '2015-01-27 12:42:23', 'Released 1  () into the warehous'),
(413, 64, '2015-01-28 09:43:49', 'Released 1 Front inner Bearing  32210j1-08 (Pieces) into the warehous'),
(414, 64, '2015-01-28 09:43:59', 'Released 1 Front inner seal 8-942481171-0  (Pieces) into the warehous'),
(415, 64, '2015-01-28 09:44:11', 'Released 1 Grease 500gm (Pieces) into the warehous'),
(416, 2, '2015-01-28 10:35:00', 'Edited employee details by the name Momanyi         M.         Kinara      '),
(417, 2, '2015-01-28 10:35:53', 'Edited employee details by the name  Daniel    Ndungu    Kamau  '),
(418, 2, '2015-01-28 10:36:26', 'Edited employee details by the name Juma   Yusuf   Kimotho '),
(419, 2, '2015-01-28 10:36:57', 'Edited employee details by the name  Loureen     Wakonyo    Gitagia  '),
(420, 2, '2015-01-28 10:37:48', 'Edited employee details by the name  Edwin   Kipkorir   Koech '),
(421, 2, '2015-01-28 10:38:21', 'Edited employee details by the name  Stella   Mueni   Kisilu '),
(422, 2, '2015-01-28 10:38:46', 'Edited employee details by the name  Night        Musanga        Busumu      '),
(423, 2, '2015-01-28 10:42:12', 'Edited employee details by the name  Josephat   Moseti   Otebo '),
(424, 2, '2015-01-28 10:42:40', 'Edited employee details by the name  Robert    Ainea    Mageka  '),
(425, 2, '2015-01-28 10:43:21', 'Edited employee details by the name  Viram    Otieno    Odoyo  '),
(426, 2, '2015-01-28 10:43:58', 'Edited employee details by the name  Joseph   Gicharu   Macharia '),
(427, 2, '2015-01-28 10:44:56', 'Edited employee details by the name  Lazarus    Ngotho   Kisilu  '),
(428, 2, '2015-01-28 10:45:19', 'Edited employee details by the name  Dickson    Omato    Omwenga  '),
(429, 2, '2015-01-28 10:45:42', 'Edited employee details by the name  Risper    Kemunto    Ondimu  '),
(430, 2, '2015-01-28 10:46:24', 'Edited employee details by the name  Damaris   Nyawira   Kibungi '),
(431, 2, '2015-01-28 10:47:15', 'Edited employee details by the name  Martha   Nyambura   Njenga '),
(432, 2, '2015-01-28 10:51:23', 'Edited employee details by the name  Martha    Nyambura    Njenga  '),
(433, 2, '2015-01-28 10:52:02', 'Edited employee details by the name  Christin    Beth Wanjiru    Kimani  '),
(434, 2, '2015-01-28 10:52:28', 'Edited employee details by the name  Fredrick     Gwaro    Tirimba  '),
(435, 2, '2015-01-28 10:52:59', 'Edited employee details by the name  Harriet    Wairimu      Gitau   '),
(436, 2, '2015-01-28 10:54:04', 'Edited employee details by the name  Martha     Nyambura     Njenga   '),
(437, 2, '2015-01-28 10:54:51', 'Edited employee details by the name  Esther  Wambui  Ndegwa '),
(438, 2, '2015-01-28 10:55:13', 'Edited employee details by the name  Cyrus     Chomba     Maina   '),
(439, 2, '2015-01-28 10:58:39', 'Edited employee details by the name  Samuel    Munga    Kungu  '),
(440, 2, '2015-01-28 10:59:17', 'Edited employee details by the name  Samuel      Kimweli '),
(441, 2, '2015-01-28 10:59:52', 'Edited employee details by the name  Gabriel   Kinyanjui   Kihara '),
(442, 2, '2015-01-28 11:00:17', 'Edited employee details by the name  Stanley   Njoroge   Ndungu '),
(443, 2, '2015-01-28 11:01:10', 'Edited employee details by the name  Joseph   Mugo  Kinyua  '),
(444, 2, '2015-01-28 11:01:36', 'Edited employee details by the name  Douglas    Mangabo    Onsare  '),
(445, 2, '2015-01-28 11:58:57', 'Created a new employee by the name  Stephen  Wetindi  Anakeya into the system'),
(446, 64, '2015-01-28 13:12:18', 'Released 1 Engine oil 5ltrs multi grade (Pieces) into the warehous'),
(447, 64, '2015-01-28 13:12:54', 'Released 1 Oil Filter Toyota Harrier (Pieces) into the warehous'),
(448, 64, '2015-01-28 13:13:08', 'Released 4 Spark Plugs Denso Q20 Single (Pieces) into the warehous'),
(449, 64, '2015-01-28 13:31:56', 'Released 1 Air filter20040 (Pieces) into the warehous'),
(450, 69, '2015-01-28 14:51:14', 'Approved LPO: No BD0054/2015'),
(451, 69, '2015-01-28 14:53:50', 'Approved LPO: No BD0055/2015'),
(452, 64, '2015-01-28 14:54:10', 'Received 3 Oil Filter Toyota Harrier (Pieces) into the warehous'),
(453, 64, '2015-01-28 14:54:31', 'Received 4 ENGINE OIL4LTRS (Pieces) into the warehous'),
(454, 64, '2015-01-28 15:07:07', 'Released 4 ENGINE OIL4LTRS (Pieces) into the warehous'),
(455, 64, '2015-01-28 15:07:19', 'Released 1 Oil Filter Nissan65F00 (Pieces) into the warehous'),
(456, 64, '2015-01-28 15:07:32', 'Released 1 Air filterED500 (Pieces) into the warehous'),
(457, 64, '2015-01-28 15:13:08', 'Deleted a released item from the system'),
(458, 64, '2015-01-28 15:13:53', 'Released 1 ENGINE OIL4LTRS (Pieces) into the warehous'),
(459, 2, '2015-01-28 17:12:36', 'Edited employee details by the name Momanyi          M.          Kinara       '),
(460, 2, '2015-01-29 08:45:19', 'Edited employee details by the name  Lazarus     Ngotho    Kisilu   '),
(461, 2, '2015-01-29 08:54:49', 'Created a new employee by the name  Joel  Mwaura  Kiongo into the system'),
(462, 2, '2015-01-29 09:21:02', 'Created a new employee by the name  Beutah Maroko   Monyoncho into the system'),
(463, 2, '2015-01-29 09:26:00', 'Created a new employee by the name  Jeremiah  Otieno  Rachier into the system'),
(464, 70, '2015-01-29 10:01:57', 'Edited Salary Advance Paid To  Esther  Wambui  Ndegwa '),
(465, 70, '2015-01-29 10:02:39', 'Deleted Salary Advance'),
(466, 70, '2015-01-29 10:03:21', 'Deleted Salary Advance'),
(467, 62, '2015-01-29 10:03:29', 'Canceled a Submitted Invoice No 113'),
(468, 70, '2015-01-29 10:03:36', 'Deleted Salary Advance'),
(469, 70, '2015-01-29 10:37:47', 'Deleted Salary Advance'),
(470, 2, '2015-01-29 11:40:48', 'Edited employee details by the name  Beutah  Maroko    Monyoncho '),
(471, 2, '2015-01-29 11:42:11', 'Edited employee details by the name  Jeremiah   Otieno   Rachier '),
(472, 2, '2015-01-29 11:42:22', 'Edited employee details by the name  Jeremiah    Otieno    Rachier  '),
(473, 2, '2015-01-29 11:43:22', 'Edited employee details by the name  Joel   Mwaura   Kiongo '),
(474, 2, '2015-01-29 11:44:03', 'Edited employee details by the name  Stephen   Wetindi   Anakeya '),
(475, 2, '2015-01-29 11:44:37', 'Edited employee details by the name  Risper     Kemunto     Ondimu   '),
(476, 2, '2015-01-29 11:52:35', 'Edited employee details by the name  Kristin     Beth Wanjiru     Kimani   '),
(477, 2, '2015-01-29 11:55:59', 'Edited employee details by the name  Josephat    Moseti    Otebo  '),
(478, 2, '2015-01-29 11:56:55', 'Edited employee details by the name  Stephen    Wetindi    Anakeya  '),
(479, 2, '2015-01-29 11:57:54', 'Edited employee details by the name  Joel    Mwaura    Kiongo  '),
(480, 64, '2015-01-29 12:38:14', 'Released 1 ENGINE DIESEL  OIL10LTRS (Pieces) into the warehous'),
(481, 64, '2015-01-29 12:38:25', 'Released 3 Battery Water (Pieces) into the warehous'),
(482, 64, '2015-01-29 12:38:48', 'Released 1 Oil Filter6DBOB-0309-A (Pieces) into the warehous'),
(483, 64, '2015-01-29 12:38:57', 'Released 1 Fuel Filterz700 (Pieces) into the warehous'),
(484, 64, '2015-01-29 12:39:11', 'Released 1 Air Cleaner NQR (Pieces) into the warehous'),
(485, 64, '2015-01-29 12:39:40', 'Released 3 Head light (7) into the warehous'),
(486, 64, '2015-01-29 12:44:56', 'Released 1 ENGINE DIESEL  OIL10LTRS (Pieces) into the warehous'),
(487, 64, '2015-01-29 12:46:23', 'Released 1 Air Cleaner NQR (Pieces) into the warehous'),
(488, 64, '2015-01-29 12:46:35', 'Released 1 Battery Water (Pieces) into the warehous'),
(489, 64, '2015-01-29 12:46:48', 'Released 1 Fuel Filterz700 (Pieces) into the warehous'),
(490, 64, '2015-01-29 12:47:00', 'Released 1 Oil Filter6DBOB-0309-A (Pieces) into the warehous'),
(491, 64, '2015-01-29 12:47:51', 'Released 2 Grease 500gm (Pieces) into the warehous'),
(492, 2, '2015-01-29 14:16:56', 'Edited employee details by the name  Joseph    G    Macharia  '),
(493, 69, '2015-01-29 14:30:41', 'Viewed all recorded cheque deposits'),
(494, 64, '2015-01-29 15:33:24', 'Released 1 RADIATOR COOLANT (Pieces) into the warehous'),
(495, 2, '2015-01-29 16:06:02', 'Edited employee details by the name  Loureen      Wakonyo     Gitagia   '),
(496, 2, '2015-01-29 16:09:43', 'Edited employee details by the name  Jeremiah     Otieno     Rachier   '),
(497, 69, '2015-01-29 16:24:04', 'Recorded a cash deposit of worth  8005 into the system'),
(498, 2, '2015-01-29 16:30:57', 'Edited employee details by the name  Esther   Wambui   Ndegwa  '),
(499, 2, '2015-01-29 16:43:54', 'Edited employee details by the name  Dickson     Omato     Omwenga   '),
(500, 2, '2015-01-29 16:44:35', 'Edited employee details by the name  Esther    Wambui    Ndegwa   '),
(501, 64, '2015-01-29 16:54:42', 'Deleted a released item from the system'),
(502, 64, '2015-01-29 16:54:50', 'Deleted a released item from the system'),
(503, 19, '2015-01-30 12:15:36', 'Canceled an approved Invoice No 116'),
(504, 19, '2015-02-05 07:27:08', 'Updated Customer payments details received from Engen petrol station'),
(505, 19, '2015-02-05 07:31:35', 'Updates Sales Transactions');

-- --------------------------------------------------------

--
-- Table structure for table `audit_trails`
--

CREATE TABLE IF NOT EXISTS `audit_trails` (
  `audit_id` int(10) NOT NULL AUTO_INCREMENT,
  `user_id` int(10) NOT NULL,
  `date_of_event` timestamp NOT NULL DEFAULT CURRENT_TIMESTAMP ON UPDATE CURRENT_TIMESTAMP,
  `action` longtext NOT NULL,
  PRIMARY KEY (`audit_id`)
) ENGINE=MyISAM  DEFAULT CHARSET=latin1 AUTO_INCREMENT=3896 ;

--
-- Dumping data for table `audit_trails`
--

INSERT INTO `audit_trails` (`audit_id`, `user_id`, `date_of_event`, `action`) VALUES
(1, 19, '2014-12-19 00:46:38', 'Logged Into the system'),
(2, 19, '2014-12-19 01:15:45', 'Signed out of the system'),
(3, 19, '2014-12-19 01:16:38', 'Logged Into the system'),
(4, 19, '2014-12-19 01:35:55', 'Signed out of the system'),
(5, 62, '2014-12-19 01:36:43', 'Logged Into the system'),
(6, 62, '2014-12-19 02:01:12', 'Added a booking for Juma Kimotho of vehicle KAT 291S into the system'),
(7, 62, '2014-12-19 02:09:31', 'Update a preliminary job card task (17) into the system'),
(8, 62, '2014-12-19 02:10:08', 'Update a customer belonging (tools(jack jack handle,plug spanner)) into the system'),
(9, 62, '2014-12-19 02:26:42', 'Signed out of the system'),
(10, 63, '2014-12-19 02:28:15', 'Logged Into the system'),
(11, 63, '2014-12-19 02:29:41', 'Clocked in a job card no 1 into the system '),
(12, 63, '2014-12-19 02:32:11', 'Stopped a task in a job card no 1 into the system '),
(13, 63, '2014-12-19 02:33:29', 'Resumed a task in a job card no 1 into the system '),
(14, 63, '2014-12-19 02:37:01', 'Finished a task in job card no 1 into the system '),
(15, 63, '2014-12-19 02:40:27', 'Signed out of the system'),
(16, 62, '2014-12-19 02:41:46', 'Logged Into the system'),
(17, 62, '2014-12-19 02:42:09', 'Signed out of the system'),
(18, 19, '2014-12-19 02:42:17', 'Logged Into the system'),
(19, 19, '2014-12-19 02:43:01', 'Signed out of the system'),
(20, 62, '2014-12-19 02:43:25', 'Logged Into the system'),
(21, 62, '2014-12-19 02:46:13', 'Signed out of the system'),
(22, 19, '2014-12-19 02:46:20', 'Logged Into the system'),
(23, 19, '2014-12-19 02:46:42', 'Signed out of the system'),
(24, 62, '2014-12-19 02:47:01', 'Logged Into the system'),
(25, 62, '2014-12-19 03:30:02', 'Signed out of the system'),
(26, 0, '2014-12-19 03:30:10', 'Signed out of the system'),
(27, 62, '2014-12-19 19:54:35', 'Logged Into the system'),
(28, 62, '2014-12-19 19:54:59', 'Signed out of the system'),
(29, 19, '2014-12-19 22:51:45', 'Logged Into the system'),
(30, 19, '2014-12-19 23:13:39', 'Signed out of the system'),
(31, 62, '2014-12-19 23:14:13', 'Logged Into the system'),
(32, 62, '2014-12-19 23:16:15', 'Added a booking for Engen petrol station of vehicle n/a into the system'),
(33, 0, '2014-12-19 23:20:06', 'Update a booking for Engen petrol station of vehicle n/a into the system'),
(34, 62, '2014-12-19 23:21:29', 'Update a quotation task (21) into the system'),
(35, 62, '2014-12-19 23:34:22', 'Added a booking for Engen petrol station of vehicle n/a into the system'),
(36, 62, '2014-12-19 23:41:27', 'Added a booking for Long term view capital ltd of vehicle KBV 863P into the system'),
(37, 62, '2014-12-19 23:46:39', 'Created labour cost matrix into the system '),
(38, 62, '2014-12-19 23:47:26', 'Created labour cost matrix into the system '),
(39, 62, '2014-12-19 23:47:54', 'Created labour cost matrix into the system '),
(40, 62, '2014-12-19 23:48:22', 'Update a preliminary job card task (13) into the system'),
(41, 62, '2014-12-19 23:49:13', 'Created labour cost matrix into the system '),
(42, 62, '2014-12-19 23:49:51', 'Created labour cost matrix into the system '),
(43, 62, '2014-12-19 23:50:24', 'Created labour cost matrix into the system '),
(44, 62, '2014-12-19 23:50:45', 'Update a preliminary job card task (19) into the system'),
(45, 62, '2014-12-19 23:51:06', 'Deleted Job Card Item from the system'),
(46, 62, '2014-12-19 23:51:34', 'Added more job card parts details into the system'),
(47, 62, '2014-12-19 23:54:13', 'Signed out of the system'),
(48, 19, '2014-12-19 23:54:25', 'Logged Into the system'),
(49, 19, '2014-12-19 23:54:40', 'Clocked in a job card no 2 into the system '),
(50, 19, '2014-12-19 23:54:50', 'Clocked in a job card no 2 into the system '),
(51, 19, '2014-12-19 23:54:55', 'Clocked in a job card no 2 into the system '),
(52, 19, '2014-12-19 23:55:04', 'Clocked in a job card no 2 into the system '),
(53, 19, '2014-12-19 23:55:32', 'Finished a task in job card no 2 into the system '),
(54, 19, '2014-12-19 23:56:41', 'Finished a task in job card no 2 into the system '),
(55, 19, '2014-12-19 23:56:47', 'Finished a task in job card no 2 into the system '),
(56, 19, '2014-12-19 23:56:54', 'Finished a task in job card no 2 into the system '),
(57, 19, '2014-12-20 00:46:05', 'Added a booking for willis Asiko of vehicle KAW 779W into the system'),
(58, 19, '2014-12-20 00:49:29', 'Created labour cost matrix into the system '),
(59, 19, '2014-12-20 00:49:47', 'Created labour cost matrix into the system '),
(60, 19, '2014-12-20 00:50:04', 'Created labour cost matrix into the system '),
(61, 19, '2014-12-20 00:50:36', 'Update a preliminary job card task (10) into the system'),
(62, 19, '2014-12-20 00:51:52', 'Clocked in a job card no 3 into the system '),
(63, 19, '2014-12-20 00:52:06', 'Finished a task in job card no 3 into the system '),
(64, 19, '2014-12-20 00:59:38', 'Update a invoice task (22) into the system'),
(65, 19, '2014-12-20 00:59:43', 'Update a invoice task (22) into the system'),
(66, 19, '2014-12-20 01:02:51', 'Signed out of the system'),
(67, 62, '2014-12-20 22:13:06', 'Logged Into the system'),
(68, 62, '2014-12-20 22:16:34', 'Added a booking for martha Njenga of vehicle KBG 849V into the system'),
(69, 19, '2014-12-20 23:06:45', 'Logged Into the system'),
(70, 19, '2014-12-20 23:12:42', 'Signed out of the system'),
(71, 64, '2014-12-20 23:13:01', 'Logged Into the system'),
(72, 64, '2014-12-20 23:22:53', 'Created an item O ring Kit - 3 inch into the system'),
(73, 64, '2014-12-20 23:24:10', 'Created an item O ring Kit - 2 inch into the system'),
(74, 64, '2014-12-20 23:57:17', 'Signed out of the system'),
(75, 19, '2014-12-20 23:57:29', 'Logged Into the system'),
(76, 19, '2014-12-20 23:58:38', 'Signed out of the system'),
(77, 64, '2014-12-20 23:58:53', 'Logged Into the system'),
(78, 64, '2014-12-21 00:03:02', 'Created an item pop rivets into the system'),
(79, 64, '2014-12-21 00:04:53', 'Created an item cotton waste rugs into the system'),
(80, 64, '2014-12-21 00:06:24', 'Created an item Brake fluid into the system'),
(81, 64, '2014-12-21 00:07:18', 'Created an item cable ties into the system'),
(82, 64, '2014-12-21 00:08:05', 'Created an item MASKING TAPE into the system'),
(83, 64, '2014-12-21 00:08:58', 'Created an item INSUTAING TAPE into the system'),
(84, 64, '2014-12-21 00:09:43', 'Created an item JUBILEE CLIPS into the system'),
(85, 64, '2014-12-21 00:10:45', 'Created an item ARADITE into the system'),
(86, 64, '2014-12-21 00:11:22', 'Created an item SUPER GLUE into the system'),
(87, 64, '2014-12-21 00:11:59', 'Created an item BATTERY TERMINAL into the system'),
(88, 64, '2014-12-21 00:12:50', 'Created an item BRAZING WIRE into the system'),
(89, 64, '2014-12-21 00:13:50', 'Created an item CLEAR SILICON TUBES into the system'),
(90, 64, '2014-12-21 00:14:38', 'Created an item CARBURATOR CLEANER into the system'),
(91, 64, '2014-12-21 00:15:15', 'Created an item DISTILLED WATER into the system'),
(92, 64, '2014-12-21 00:15:51', 'Created an item DRIIL BITS into the system'),
(93, 64, '2014-12-21 00:16:41', 'Created an item DUST MASK into the system'),
(94, 64, '2014-12-21 00:17:25', 'Created an item EMERY PAPERS into the system'),
(95, 64, '2014-12-21 00:18:07', 'Created an item FRONT REFLECTORS into the system'),
(96, 64, '2014-12-21 00:18:55', 'Created an item HACKSAWB BLADES into the system'),
(97, 64, '2014-12-21 00:19:35', 'Created an item MOLY SLIP GREASE into the system'),
(98, 64, '2014-12-21 00:20:20', 'Created an item MUTTON CLOTH into the system'),
(99, 64, '2014-12-21 00:21:01', 'Created an item RADIATOR COOLANT into the system'),
(100, 64, '2014-12-21 00:21:44', 'Created an item REAR CHEVRONS into the system'),
(101, 64, '2014-12-21 00:22:40', 'Created an item REAR REFLECTORS into the system'),
(102, 64, '2014-12-21 00:23:24', 'Created an item SOLDERING WIRE into the system'),
(103, 64, '2014-12-21 00:24:10', 'Created an item WD 40 SPRAY into the system'),
(104, 64, '2014-12-21 00:24:46', 'Created an item WELDING WIRE into the system'),
(105, 64, '2014-12-21 00:27:05', 'Created an item DEGREASER DETERGENT into the system'),
(106, 64, '2014-12-21 00:27:50', 'Created an item ASSORTED COPPER WASHER into the system'),
(107, 64, '2014-12-21 00:28:39', 'Created an item ELECTRICAL WIRE into the system'),
(108, 64, '2014-12-21 00:40:46', 'Signed out of the system'),
(109, 19, '2014-12-21 00:40:55', 'Logged Into the system'),
(110, 19, '2014-12-21 00:42:16', 'Signed out of the system'),
(111, 64, '2014-12-21 00:46:02', 'Logged Into the system'),
(112, 64, '2014-12-21 01:09:22', 'Signed out of the system'),
(113, 62, '2014-12-23 02:34:45', 'Logged Into the system'),
(114, 62, '2014-12-23 02:54:17', 'Signed out of the system'),
(115, 62, '2014-12-23 03:15:28', 'Logged Into the system'),
(116, 62, '2014-12-23 20:22:29', 'Logged Into the system'),
(117, 62, '2014-12-23 20:32:35', 'Added a booking for Team Fergie Transporters Ltd of vehicle KBZ 348B into the system'),
(118, 62, '2014-12-23 20:43:00', 'Update a preliminary job card task (16) into the system'),
(119, 0, '2014-12-23 20:53:19', 'Update a booking for Njuguna of vehicle KBZ 348B into the system'),
(120, 64, '2014-12-23 21:02:41', 'Logged Into the system'),
(121, 64, '2014-12-23 21:04:14', 'Updated a item O ring Kit  details'),
(122, 64, '2014-12-23 21:04:32', 'deleted an item from the system'),
(123, 64, '2014-12-23 21:11:33', 'Update a requisition parts details into the system'),
(124, 64, '2014-12-23 21:11:42', 'Update a requisition parts details into the system'),
(125, 64, '2014-12-23 21:13:04', 'Update a preliminary job card task (16) into the system'),
(126, 62, '2014-12-23 21:17:40', 'Logged Into the system'),
(127, 62, '2014-12-23 21:23:23', 'Added a booking for Team Fergie Transporters Ltd of vehicle KBY 754G into the system'),
(128, 62, '2014-12-23 21:32:04', 'Update a preliminary job card details details into the system'),
(129, 62, '2014-12-23 21:32:23', 'Update a preliminary job card details details into the system'),
(130, 62, '2014-12-23 21:37:34', 'Added a booking for Team Fergie Transporters Ltd of vehicle KBY 755G into the system'),
(131, 62, '2014-12-23 21:47:29', 'Added a booking for Long term view capital ltd of vehicle KBV 079P into the system'),
(132, 62, '2014-12-23 21:53:02', 'Added a booking for Team Fergie Transporters Ltd of vehicle KBL 145L into the system'),
(133, 62, '2014-12-23 22:01:31', 'Added a booking for Long term view capital ltd of vehicle KBV 599Z into the system'),
(134, 62, '2014-12-23 22:18:20', 'Added a booking for Long term view capital ltd of vehicle KBY 756G into the system'),
(135, 63, '2014-12-23 22:23:39', 'Logged Into the system'),
(136, 63, '2014-12-23 22:26:44', 'Clocked in a job card no 11 into the system '),
(137, 63, '2014-12-23 22:28:02', 'Finished a task in job card no 11 into the system '),
(138, 63, '2014-12-23 22:28:38', 'Clocked in a job card no 10 into the system '),
(139, 63, '2014-12-23 22:29:08', 'Finished a task in job card no 10 into the system '),
(140, 63, '2014-12-23 22:30:04', 'Clocked in a job card no 9 into the system '),
(141, 63, '2014-12-23 22:30:25', 'Finished a task in job card no 9 into the system '),
(142, 63, '2014-12-23 22:30:44', 'Clocked in a job card no 9 into the system '),
(143, 63, '2014-12-23 22:31:04', 'Finished a task in job card no 9 into the system '),
(144, 63, '2014-12-23 22:31:22', 'Clocked in a job card no 8 into the system '),
(145, 63, '2014-12-23 22:31:40', 'Finished a task in job card no 8 into the system '),
(146, 63, '2014-12-23 22:31:55', 'Clocked in a job card no 8 into the system '),
(147, 63, '2014-12-23 22:32:10', 'Finished a task in job card no 8 into the system '),
(148, 63, '2014-12-23 22:32:23', 'Clocked in a job card no 7 into the system '),
(149, 63, '2014-12-23 22:32:50', 'Finished a task in job card no 7 into the system '),
(150, 63, '2014-12-23 22:33:24', 'Clocked in a job card no 6 into the system '),
(151, 63, '2014-12-23 22:33:51', 'Finished a task in job card no 6 into the system '),
(152, 63, '2014-12-23 22:34:11', 'Clocked in a job card no 6 into the system '),
(153, 63, '2014-12-23 22:34:28', 'Finished a task in job card no 6 into the system '),
(154, 63, '2014-12-23 22:35:01', 'Clocked in a job card no 5 into the system '),
(155, 63, '2014-12-23 22:36:51', 'Stopped a task in a job card no 5 into the system '),
(156, 62, '2014-12-23 22:37:50', 'Logged Into the system'),
(157, 62, '2014-12-23 22:40:16', 'Logged Into the system'),
(158, 62, '2014-12-23 22:40:20', 'Signed out of the system'),
(159, 63, '2014-12-23 22:40:53', 'Logged Into the system'),
(160, 64, '2014-12-23 22:43:47', 'Logged Into the system'),
(161, 64, '2014-12-23 22:44:32', 'Logged Into the system'),
(162, 64, '2014-12-23 22:45:42', 'Signed out of the system'),
(163, 62, '2014-12-23 22:45:59', 'Logged Into the system'),
(164, 62, '2014-12-23 23:05:30', 'Logged Into the system'),
(165, 62, '2014-12-23 23:19:11', 'Update a invoice task (11) into the system'),
(166, 62, '2014-12-23 23:20:47', 'Update a invoice task (11) into the system'),
(167, 62, '2014-12-23 23:25:18', 'Update a invoice task (11) into the system'),
(168, 62, '2014-12-23 23:29:23', 'Created an labour task Replace clutch master cylinder into the system '),
(169, 62, '2014-12-23 23:31:48', 'Created labour cost matrix into the system '),
(170, 62, '2014-12-23 23:34:13', 'Created an labour task Injector pump calibration into the system '),
(171, 62, '2014-12-23 23:34:52', 'Update labour task Injector pump calibration details into the system '),
(172, 62, '2014-12-23 23:37:43', 'Created labour cost matrix into the system '),
(173, 62, '2014-12-23 23:38:24', 'Created labour cost matrix into the system '),
(174, 62, '2014-12-23 23:39:20', 'Created labour cost matrix into the system '),
(175, 62, '2014-12-23 23:39:52', 'Created labour cost matrix into the system '),
(176, 62, '2014-12-23 23:40:25', 'Created labour cost matrix into the system '),
(177, 62, '2014-12-23 23:46:37', 'Created an labour task Replace brake seals into the system '),
(178, 62, '2014-12-23 23:47:13', 'Created labour cost matrix into the system '),
(179, 62, '2014-12-23 23:50:00', 'Created labour cost matrix into the system '),
(180, 62, '2014-12-23 23:50:20', 'Created labour cost matrix into the system '),
(181, 62, '2014-12-23 23:51:39', 'Created an labour task rectified headlights into the system '),
(182, 62, '2014-12-23 23:52:42', 'Created an labour task Replace alternator "o"ring into the system '),
(183, 62, '2014-12-23 23:52:58', 'Created an labour task replace fanbelt into the system '),
(184, 62, '2014-12-23 23:53:30', 'Created an labour task Brakes adjustment into the system '),
(185, 62, '2014-12-23 23:53:50', 'Created an labour task Door stopper welding into the system '),
(186, 62, '2014-12-23 23:54:20', 'Created an labour task Cable adjustment into the system '),
(187, 62, '2014-12-23 23:54:59', 'Created an labour task Ignition system rectification into the system '),
(188, 62, '2014-12-23 23:55:25', 'Created an labour task radio rectification into the system '),
(189, 62, '2014-12-23 23:56:19', 'Created an labour task Front wheel cylinder rubbers replacement into the system '),
(190, 62, '2014-12-23 23:56:41', 'Created an labour task Horn rectification into the system '),
(191, 62, '2014-12-23 23:58:12', 'Created labour cost matrix into the system '),
(192, 62, '2014-12-23 23:58:33', 'Created labour cost matrix into the system '),
(193, 62, '2014-12-23 23:58:50', 'Created labour cost matrix into the system '),
(194, 62, '2014-12-23 23:59:38', 'Created labour cost matrix into the system '),
(195, 62, '2014-12-23 23:59:54', 'Created labour cost matrix into the system '),
(196, 62, '2014-12-24 00:00:09', 'Created labour cost matrix into the system '),
(197, 62, '2014-12-24 00:01:22', 'Created labour cost matrix into the system '),
(198, 62, '2014-12-24 00:01:49', 'Created labour cost matrix into the system '),
(199, 62, '2014-12-24 00:02:07', 'Created labour cost matrix into the system '),
(200, 62, '2014-12-24 00:02:38', 'Created labour cost matrix into the system '),
(201, 62, '2014-12-24 00:02:53', 'Created labour cost matrix into the system '),
(202, 62, '2014-12-24 00:03:12', 'Created labour cost matrix into the system '),
(203, 62, '2014-12-24 00:03:44', 'Created labour cost matrix into the system '),
(204, 62, '2014-12-24 00:04:00', 'Created labour cost matrix into the system '),
(205, 62, '2014-12-24 00:04:19', 'Created labour cost matrix into the system '),
(206, 62, '2014-12-24 00:04:45', 'Created labour cost matrix into the system '),
(207, 62, '2014-12-24 00:05:00', 'Created labour cost matrix into the system '),
(208, 62, '2014-12-24 00:05:13', 'Created labour cost matrix into the system '),
(209, 62, '2014-12-24 00:05:42', 'Created labour cost matrix into the system '),
(210, 62, '2014-12-24 00:06:05', 'Created labour cost matrix into the system '),
(211, 62, '2014-12-24 00:06:19', 'Created labour cost matrix into the system '),
(212, 62, '2014-12-24 00:07:09', 'Created labour cost matrix into the system '),
(213, 62, '2014-12-24 00:07:28', 'Created labour cost matrix into the system '),
(214, 62, '2014-12-24 00:07:44', 'Created labour cost matrix into the system '),
(215, 62, '2014-12-24 00:09:26', 'Created labour cost matrix into the system '),
(216, 62, '2014-12-24 00:09:38', 'Created labour cost matrix into the system '),
(217, 62, '2014-12-24 00:09:48', 'Created labour cost matrix into the system '),
(218, 62, '2014-12-24 00:10:04', 'Created labour cost matrix into the system '),
(219, 62, '2014-12-24 00:10:27', 'Created labour cost matrix into the system '),
(220, 62, '2014-12-24 00:11:49', 'Created labour cost matrix into the system '),
(221, 62, '2014-12-24 00:12:39', 'Logged Into the system'),
(222, 62, '2014-12-24 00:13:39', 'Update a invoice task (24) into the system'),
(223, 62, '2014-12-24 00:14:02', 'Update a invoice task (26) into the system'),
(224, 62, '2014-12-24 00:15:50', 'Update a preliminary job card task (24) into the system'),
(225, 62, '2014-12-24 00:16:10', 'Update a preliminary job card task (35) into the system'),
(226, 62, '2014-12-24 00:18:38', 'Logged Into the system'),
(227, 62, '2014-12-24 00:31:32', 'Update a preliminary job card task (23) into the system'),
(228, 62, '2014-12-24 00:33:56', 'Created an labour task clutch adjustment into the system '),
(229, 62, '2014-12-24 00:34:38', 'Created an labour task Front wheel bearing adj into the system '),
(230, 62, '2014-12-24 00:35:42', 'Created an labour task Clutch plate replacement into the system '),
(231, 62, '2014-12-24 00:36:39', 'Created an labour task Rear wheel cylinder rubbers into the system '),
(232, 62, '2014-12-24 00:37:10', 'Created an labour task Wheel Alignment into the system '),
(233, 62, '2014-12-24 00:37:23', 'Created an labour task Wheel Balancing into the system '),
(234, 62, '2014-12-24 00:38:23', 'Created an labour task Replace indicator bulbs into the system '),
(235, 62, '2014-12-24 00:38:40', 'Created an labour task Replace brake bulbs into the system '),
(236, 62, '2014-12-24 00:40:15', 'Created an labour task Rear brake lights replacement into the system '),
(237, 62, '2014-12-24 00:43:35', 'Created an labour task wheel studs replacement into the system '),
(238, 62, '2014-12-24 00:49:14', 'Created labour cost matrix into the system '),
(239, 62, '2014-12-24 00:49:52', 'Created labour cost matrix into the system '),
(240, 62, '2014-12-24 00:50:13', 'Created labour cost matrix into the system '),
(241, 62, '2014-12-24 00:51:24', 'Created labour cost matrix into the system '),
(242, 62, '2014-12-24 00:51:55', 'Created labour cost matrix into the system '),
(243, 62, '2014-12-24 00:53:53', 'Created labour cost matrix into the system '),
(244, 62, '2014-12-24 01:11:53', 'Created an labour task Battery terminal replacement into the system '),
(245, 62, '2014-12-24 01:12:10', 'Created an labour task Battery water refill into the system '),
(246, 62, '2014-12-24 01:12:26', 'Created an labour task Puncture repair into the system '),
(247, 62, '2014-12-24 01:12:46', 'Created an labour task side mirror repair into the system '),
(248, 62, '2014-12-24 01:13:42', 'Created an labour task Front crankshaft seal into the system '),
(249, 62, '2014-12-24 01:14:01', 'Created an labour task Rear crankshaft seal into the system '),
(250, 62, '2014-12-24 01:14:24', 'Created an labour task Diesel pipes replacements into the system '),
(251, 62, '2014-12-24 01:14:44', 'Created an labour task Repair speed governor into the system '),
(252, 62, '2014-12-24 01:30:06', 'Signed out of the system'),
(253, 63, '2014-12-24 01:30:34', 'Logged Into the system'),
(254, 63, '2014-12-24 01:31:10', 'Resumed a task in a job card no 5 into the system '),
(255, 63, '2014-12-24 01:33:47', 'Signed out of the system'),
(256, 62, '2014-12-24 01:34:10', 'Logged Into the system'),
(257, 62, '2014-12-24 01:35:46', 'Update labour task Speed governor repair details into the system '),
(258, 62, '2014-12-24 01:36:08', 'Update labour task Speed governor repair details into the system '),
(259, 62, '2014-12-24 01:36:17', 'Update labour task Speed governor repair details into the system '),
(260, 62, '2014-12-24 01:38:52', 'Signed out of the system'),
(261, 63, '2014-12-24 01:39:31', 'Logged Into the system'),
(262, 63, '2014-12-24 01:40:34', 'Finished a task in job card no 5 into the system '),
(263, 63, '2014-12-24 01:40:46', 'Signed out of the system'),
(264, 62, '2014-12-24 01:45:48', 'Logged Into the system'),
(265, 62, '2014-12-24 01:49:31', 'Created an item clutch master cylinder into the system'),
(266, 62, '2014-12-24 01:50:07', 'Signed out of the system'),
(267, 64, '2014-12-24 01:50:44', 'Logged Into the system'),
(268, 64, '2014-12-24 01:53:01', 'Signed out of the system'),
(269, 62, '2014-12-24 01:53:18', 'Logged Into the system'),
(270, 64, '2014-12-24 01:55:40', 'Logged Into the system'),
(271, 64, '2014-12-24 01:56:34', 'Signed out of the system'),
(272, 63, '2014-12-24 01:56:49', 'Logged Into the system'),
(273, 63, '2014-12-24 01:59:53', 'Signed out of the system'),
(274, 64, '2014-12-24 02:00:01', 'Logged Into the system'),
(275, 64, '2014-12-24 02:05:02', 'Updated a item Brake fluid details'),
(276, 64, '2014-12-24 02:13:48', 'Signed out of the system'),
(277, 62, '2014-12-24 02:14:06', 'Logged Into the system'),
(278, 62, '2014-12-24 02:15:29', 'Added more job card parts details into the system'),
(279, 62, '2014-12-24 02:15:55', 'Update a preliminary job card parts details into the system'),
(280, 62, '2014-12-24 02:16:21', 'Added more job card parts details into the system'),
(281, 62, '2014-12-24 02:21:45', 'Added more invoice tasks (23) into the system'),
(282, 64, '2014-12-24 02:29:00', 'Logged Into the system'),
(283, 64, '2014-12-24 02:29:41', 'Logged Into the system'),
(284, 62, '2014-12-24 02:41:02', 'Logged Into the system'),
(285, 62, '2014-12-24 02:45:19', 'Added a booking for Njuguna of vehicle KBZ 348B into the system'),
(286, 62, '2014-12-24 02:46:56', 'Signed out of the system'),
(287, 63, '2014-12-24 02:47:07', 'Logged Into the system'),
(288, 63, '2014-12-24 02:47:27', 'Clocked in a job card no 12 into the system '),
(289, 63, '2014-12-24 02:47:40', 'Finished a task in job card no 12 into the system '),
(290, 63, '2014-12-24 02:48:03', 'Signed out of the system'),
(291, 62, '2014-12-24 02:48:13', 'Logged Into the system'),
(292, 62, '2014-12-24 02:48:51', 'Signed out of the system'),
(293, 63, '2014-12-24 02:49:04', 'Logged Into the system'),
(294, 63, '2014-12-24 02:49:30', 'Clocked in a job card no 11 into the system '),
(295, 63, '2014-12-24 02:53:19', 'Signed out of the system'),
(296, 62, '2014-12-24 02:53:35', 'Logged Into the system'),
(297, 62, '2014-12-24 02:53:54', 'Added a booking for Njuguna of vehicle KBZ 348B into the system'),
(298, 62, '2014-12-24 02:55:47', 'Signed out of the system'),
(299, 63, '2014-12-24 02:56:01', 'Logged Into the system'),
(300, 63, '2014-12-24 02:56:52', 'Finished a task in job card no 11 into the system '),
(301, 63, '2014-12-24 02:57:05', 'Clocked in a job card no 13 into the system '),
(302, 63, '2014-12-24 02:57:08', 'Signed out of the system'),
(303, 64, '2014-12-24 02:57:25', 'Logged Into the system'),
(304, 63, '2014-12-24 03:03:05', 'Logged Into the system'),
(305, 63, '2014-12-24 03:03:24', 'Finished a task in job card no 13 into the system '),
(306, 63, '2014-12-24 03:03:31', 'Signed out of the system'),
(307, 62, '2014-12-24 03:03:45', 'Logged Into the system'),
(308, 62, '2014-12-24 03:17:09', 'Signed out of the system'),
(309, 62, '2014-12-24 03:18:37', 'Logged Into the system'),
(310, 62, '2014-12-24 03:22:08', 'Update a preliminary job card task (24) into the system'),
(311, 62, '2014-12-24 03:23:36', 'Update a preliminary job card task (35) into the system'),
(312, 62, '2014-12-24 03:25:01', 'Update a preliminary job card task (29) into the system'),
(313, 62, '2014-12-24 03:25:18', 'Update a preliminary job card task (30) into the system'),
(314, 62, '2014-12-24 03:35:24', 'Update a preliminary job card task (24) into the system'),
(315, 62, '2014-12-24 03:35:55', 'Update a preliminary job card task (25) into the system'),
(316, 62, '2014-12-24 03:41:02', 'Update invoice details details into the system'),
(317, 62, '2014-12-24 03:41:40', 'Update invoice details details into the system'),
(318, 62, '2014-12-24 03:46:47', 'Update a preliminary job card task (27) into the system'),
(319, 62, '2014-12-24 03:48:18', 'Update a preliminary job card task (26) into the system'),
(320, 62, '2014-12-24 03:49:43', 'Update a preliminary job card task (28) into the system'),
(321, 62, '2014-12-24 03:58:02', 'Update a preliminary job card task (32) into the system'),
(322, 62, '2014-12-24 03:58:26', 'Update a preliminary job card task (31) into the system'),
(323, 62, '2014-12-24 03:58:41', 'Update a preliminary job card task (24) into the system'),
(324, 62, '2014-12-24 04:00:16', 'Update a preliminary job card task (24) into the system'),
(325, 62, '2014-12-24 04:00:53', 'Update a preliminary job card task (33) into the system'),
(326, 62, '2014-12-24 04:01:05', 'Update a preliminary job card task (29) into the system'),
(327, 62, '2014-12-24 04:02:39', 'Added more job card tasks (29) into the system'),
(328, 62, '2014-12-24 04:06:26', 'Added more job card tasks (33) into the system'),
(329, 62, '2014-12-24 04:07:10', 'Deleted Job Card Task from the system'),
(330, 62, '2014-12-24 04:07:37', 'Deleted Job Card Task from the system'),
(331, 62, '2014-12-24 04:07:42', 'Deleted Job Card Task from the system'),
(332, 62, '2014-12-24 04:08:24', 'Added more job card tasks (26) into the system'),
(333, 62, '2014-12-24 04:09:14', 'Update a preliminary job card task (35) into the system'),
(334, 62, '2014-12-24 04:14:37', 'Update a preliminary job card task (24) into the system'),
(335, 62, '2014-12-24 04:15:16', 'Update a preliminary job card task (26) into the system'),
(336, 62, '2014-12-24 20:25:21', 'Logged Into the system'),
(337, 62, '2014-12-24 20:31:55', 'Added a booking for Long term view capital ltd of vehicle KBY 755G into the system'),
(338, 62, '2014-12-24 20:43:01', 'Signed out of the system'),
(339, 63, '2014-12-24 20:44:27', 'Logged Into the system'),
(340, 63, '2014-12-24 20:45:23', 'Clocked in a job card no 7 into the system '),
(341, 63, '2014-12-24 21:16:14', 'Signed out of the system'),
(342, 62, '2014-12-24 21:16:27', 'Logged Into the system'),
(343, 64, '2014-12-24 21:22:11', 'Logged Into the system'),
(344, 64, '2014-12-24 21:23:28', 'Signed out of the system'),
(345, 0, '2014-12-24 21:23:35', 'Signed out of the system'),
(346, 62, '2014-12-24 21:23:56', 'Logged Into the system'),
(347, 62, '2014-12-24 21:24:33', 'Added a booking for Long term view capital ltd of vehicle KBY 755G into the system'),
(348, 62, '2014-12-24 21:31:02', 'Added a booking for Team Fergie Transporters Ltd of vehicle Kbv 863F into the system'),
(349, 62, '2014-12-24 21:33:57', 'Signed out of the system'),
(350, 63, '2014-12-24 21:34:11', 'Logged Into the system'),
(351, 63, '2014-12-24 21:34:27', 'Clocked in a job card no 15 into the system '),
(352, 63, '2014-12-24 21:34:39', 'Stopped a task in a job card no 15 into the system '),
(353, 63, '2014-12-24 21:39:43', 'Signed out of the system'),
(354, 64, '2014-12-24 21:40:07', 'Logged Into the system'),
(355, 64, '2014-12-24 21:41:24', 'Created an item On & Off switch into the system'),
(356, 64, '2014-12-24 21:42:30', 'Created an item Bulb single into the system'),
(357, 64, '2014-12-24 21:43:45', 'Created an item Bulb double into the system'),
(358, 64, '2014-12-24 21:44:49', 'Created an item Horn fuse amp10 into the system'),
(359, 64, '2014-12-24 21:45:19', 'Created an item Horn fuse amp15 into the system'),
(360, 64, '2014-12-24 21:46:31', 'Updated a item Horn fuse amp10 details'),
(361, 64, '2014-12-24 21:46:34', 'Updated a item Horn fuse amp10 details'),
(362, 64, '2014-12-24 21:46:54', 'Updated a item Horn fuse amp15 details'),
(363, 64, '2014-12-24 21:57:43', 'Signed out of the system'),
(364, 62, '2014-12-24 21:58:37', 'Logged Into the system'),
(365, 62, '2014-12-24 22:07:49', 'Added more job card parts details into the system'),
(366, 62, '2014-12-24 22:08:33', 'Signed out of the system'),
(367, 64, '2014-12-24 22:08:42', 'Logged Into the system'),
(368, 64, '2014-12-24 22:09:51', 'Created an item Omo into the system'),
(369, 64, '2014-12-24 22:09:54', 'Signed out of the system'),
(370, 62, '2014-12-24 22:10:36', 'Logged Into the system'),
(371, 62, '2014-12-24 22:11:18', 'Update a preliminary job card parts details into the system'),
(372, 62, '2014-12-24 22:12:26', 'Signed out of the system'),
(373, 62, '2014-12-24 22:12:37', 'Logged Into the system'),
(374, 62, '2014-12-24 22:12:41', 'Signed out of the system'),
(375, 63, '2014-12-24 22:12:54', 'Logged Into the system'),
(376, 63, '2014-12-24 22:13:15', 'Resumed a task in a job card no 15 into the system '),
(377, 63, '2014-12-24 22:13:48', 'Signed out of the system'),
(378, 62, '2014-12-24 22:14:01', 'Logged Into the system'),
(379, 62, '2014-12-24 22:17:41', 'Added more job card parts details into the system'),
(380, 62, '2014-12-24 22:21:56', 'Signed out of the system'),
(381, 64, '2014-12-24 22:22:06', 'Logged Into the system'),
(382, 64, '2014-12-24 22:22:59', 'Updated a item Bulb double 24v details'),
(383, 64, '2014-12-24 22:23:02', 'Updated a item Bulb double 24v details'),
(384, 64, '2014-12-24 22:23:32', 'Updated a item Bulb single 12v details'),
(385, 64, '2014-12-24 22:23:42', 'Updated a item Bulb single 12v details'),
(386, 64, '2014-12-24 22:28:05', 'Created an item Bulb single 24v into the system'),
(387, 64, '2014-12-24 22:29:46', 'Created an item Bulb double 12V into the system'),
(388, 64, '2014-12-24 22:31:07', 'Signed out of the system'),
(389, 63, '2014-12-24 22:32:45', 'Logged Into the system'),
(390, 63, '2014-12-24 22:33:25', 'Finished a task in job card no 15 into the system '),
(391, 63, '2014-12-24 22:34:14', 'Signed out of the system'),
(392, 64, '2014-12-24 22:34:25', 'Logged Into the system'),
(393, 64, '2014-12-24 22:35:27', 'Created an item head light helogen 24v into the system'),
(394, 64, '2014-12-24 22:36:07', 'Created an item head light helogen 12v into the system'),
(395, 64, '2014-12-24 22:37:34', 'Created an item indicator bulb 24v into the system'),
(396, 64, '2014-12-24 22:38:41', 'Created an item indicator bulb 12v into the system'),
(397, 64, '2014-12-24 22:39:03', 'Updated a item indicator bulb 24v details'),
(398, 64, '2014-12-24 22:41:08', 'Created an item Starplex grease(caltex)1/2kg into the system'),
(399, 64, '2014-12-24 22:52:16', 'Signed out of the system'),
(400, 62, '2014-12-24 22:52:35', 'Logged Into the system'),
(401, 62, '2014-12-24 22:52:46', 'Signed out of the system'),
(402, 63, '2014-12-24 22:52:57', 'Logged Into the system'),
(403, 63, '2014-12-24 22:53:21', 'Finished a task in job card no 7 into the system '),
(404, 63, '2014-12-24 22:53:50', 'Signed out of the system'),
(405, 62, '2014-12-24 22:54:05', 'Logged Into the system'),
(406, 62, '2014-12-24 22:55:28', 'Added more job card parts details into the system'),
(407, 62, '2014-12-24 23:33:06', 'Updated a item Double Bulb 12V details'),
(408, 62, '2014-12-24 23:34:03', 'Updated a item  Double Bulb 24v details'),
(409, 62, '2014-12-24 23:34:05', 'Updated a item  Double Bulb 24v details'),
(410, 62, '2014-12-24 23:34:31', 'Updated a item Single Bulb  12v details'),
(411, 62, '2014-12-24 23:35:07', 'Updated a item  Single Bulb 24v details'),
(412, 62, '2014-12-24 23:35:09', 'Updated a item  Single Bulb 24v details'),
(413, 62, '2014-12-24 23:37:07', 'Updated a item Single Bulb  12v details'),
(414, 62, '2014-12-24 23:38:04', 'Updated a item Single Bulb  12v details'),
(415, 62, '2014-12-24 23:38:50', 'Updated a item Double Bulb 12V details'),
(416, 62, '2014-12-24 23:42:13', 'Updated a item  Double Bulb 24v details'),
(417, 62, '2014-12-24 23:42:23', 'Updated a item  Single Bulb 24v details'),
(418, 62, '2014-12-24 23:42:57', 'Updated a item Double Bulb 12V details'),
(419, 62, '2014-12-24 23:43:24', 'Updated a item ELECTRICAL WIRE details'),
(420, 62, '2014-12-24 23:44:04', 'Updated a item head light helogen 12v details'),
(421, 62, '2014-12-24 23:44:24', 'Updated a item head light helogen 24v details'),
(422, 62, '2014-12-24 23:44:44', 'Updated a item Horn fuse amp10 details'),
(423, 62, '2014-12-24 23:44:59', 'Updated a item indicator bulb 12v details'),
(424, 62, '2014-12-24 23:45:20', 'Updated a item Horn fuse amp15 details'),
(425, 62, '2014-12-24 23:45:37', 'Updated a item indicator bulb 24v details'),
(426, 62, '2014-12-24 23:46:01', 'Updated a item INSUTAING TAPE details'),
(427, 62, '2014-12-24 23:46:36', 'Updated a item On & Off switch details'),
(428, 62, '2014-12-24 23:46:55', 'Updated a item Single Bulb  12v details'),
(429, 62, '2014-12-24 23:47:17', 'Updated a item WELDING WIRE details'),
(430, 62, '2014-12-24 23:47:43', 'Updated a item WELDING RODS details'),
(431, 62, '2014-12-24 23:48:07', 'Updated a item BRAZING WIRE details'),
(432, 62, '2014-12-24 23:49:06', 'Updated a item INSULATING TAPE details'),
(433, 62, '2014-12-25 00:19:01', 'Logged Into the system'),
(434, 62, '2014-12-25 00:19:28', 'Added more job card parts details into the system'),
(435, 62, '2014-12-25 01:31:14', 'Signed out of the system'),
(436, 64, '2014-12-25 01:32:41', 'Logged Into the system'),
(437, 64, '2014-12-25 02:31:52', 'Logged Into the system'),
(438, 64, '2014-12-25 02:33:40', 'Updated a item Omo 500grms details'),
(439, 64, '2014-12-25 02:36:05', 'Updated a item Omo 500grms details'),
(440, 64, '2014-12-25 02:36:48', 'Signed out of the system'),
(441, 64, '2014-12-25 02:36:57', 'Logged Into the system'),
(442, 64, '2014-12-25 04:53:11', 'Logged Into the system'),
(443, 64, '2014-12-25 04:55:01', 'Logged Into the system'),
(444, 64, '2014-12-25 04:55:08', 'Logged Into the system'),
(445, 64, '2014-12-25 04:57:22', 'Signed out of the system'),
(446, 62, '2014-12-27 20:06:47', 'Logged Into the system'),
(447, 62, '2014-12-27 20:07:56', 'Added a booking for Long term view capital ltd of vehicle KBY 754G into the system'),
(448, 62, '2014-12-27 20:15:31', 'Created an item Gear mountain into the system'),
(449, 62, '2014-12-27 20:16:27', 'Created an item Engine mountain into the system'),
(450, 62, '2014-12-27 20:17:41', 'Created an item Shock absorbers into the system'),
(451, 62, '2014-12-27 20:19:40', 'Created an item Rear shock absorbers into the system'),
(452, 62, '2014-12-27 20:21:16', 'Created an item Kingpin into the system'),
(453, 62, '2014-12-27 20:22:39', 'Created an item Pilot bearings into the system'),
(454, 62, '2014-12-27 20:24:15', 'Created an item Upper clutch kit into the system'),
(455, 62, '2014-12-27 20:25:28', 'Created an item Bottom clutch kit into the system'),
(456, 62, '2014-12-27 20:26:37', 'Created an item Ball joints into the system'),
(457, 62, '2014-12-27 20:27:47', 'Created an item Thyrod into the system'),
(458, 62, '2014-12-27 20:28:32', 'Updated a item Engine mountain details'),
(459, 62, '2014-12-27 20:30:42', 'Updated a item Front shock absorber details'),
(460, 62, '2014-12-27 20:30:57', 'deleted an item from the system'),
(461, 62, '2014-12-27 20:32:29', 'Created an item Air filter into the system'),
(462, 62, '2014-12-27 20:33:44', 'Created an item Isuzu Diesel filter into the system'),
(463, 62, '2014-12-27 20:35:17', 'Created an item Isuzu oil filter into the system'),
(464, 62, '2014-12-27 20:37:54', 'Created an item Engine oil(caltex) into the system'),
(465, 62, '2014-12-27 20:40:53', 'Created an item Battery acid into the system'),
(466, 62, '2014-12-27 21:48:08', 'Signed out of the system'),
(467, 64, '2014-12-27 21:48:29', 'Logged Into the system'),
(468, 62, '2014-12-29 22:13:26', 'Logged Into the system'),
(469, 62, '2014-12-29 22:14:04', 'Signed out of the system'),
(470, 62, '2014-12-29 22:14:44', 'Logged Into the system'),
(471, 62, '2014-12-29 22:15:21', 'Logged Into the system'),
(472, 62, '2014-12-30 01:21:16', 'Logged Into the system'),
(473, 62, '2014-12-30 01:24:54', 'Added a booking for Long term view capital ltd of vehicle KBY 756G into the system'),
(474, 62, '2014-12-30 01:29:36', 'Signed out of the system'),
(475, 63, '2014-12-30 01:30:08', 'Logged Into the system'),
(476, 63, '2014-12-30 01:30:27', 'Clocked in a job card no 17 into the system '),
(477, 63, '2014-12-30 01:30:42', 'Clocked in a job card no 17 into the system '),
(478, 63, '2014-12-30 01:35:51', 'Signed out of the system'),
(479, 62, '2014-12-30 01:36:29', 'Logged Into the system'),
(480, 62, '2014-12-30 01:57:33', 'Added more job card parts details into the system'),
(481, 62, '2014-12-30 01:59:47', 'Added more job card tasks (47) into the system'),
(482, 62, '2014-12-30 02:07:43', 'Update a preliminary job card parts details into the system'),
(483, 62, '2014-12-30 02:08:03', 'Signed out of the system'),
(484, 63, '2014-12-30 02:08:22', 'Logged Into the system'),
(485, 63, '2014-12-30 02:08:50', 'Finished a task in job card no 17 into the system '),
(486, 63, '2014-12-30 02:09:02', 'Finished a task in job card no 17 into the system '),
(487, 63, '2014-12-30 02:09:14', 'Signed out of the system'),
(488, 62, '2014-12-30 02:09:29', 'Logged Into the system'),
(489, 62, '2014-12-30 02:18:08', 'Added a booking for Long term view capital ltd of vehicle KBW 145L into the system'),
(490, 62, '2014-12-30 02:19:03', 'Deleted Job Card Task from the system'),
(491, 62, '2014-12-30 02:19:23', 'Added more job card tasks (47) into the system'),
(492, 62, '2014-12-30 02:22:12', 'Created labour cost matrix into the system '),
(493, 62, '2014-12-30 02:22:24', 'Created labour cost matrix into the system '),
(494, 62, '2014-12-30 02:22:38', 'Created labour cost matrix into the system '),
(495, 62, '2014-12-30 02:24:08', 'Created labour cost matrix into the system '),
(496, 62, '2014-12-30 02:24:20', 'Created labour cost matrix into the system '),
(497, 62, '2014-12-30 02:24:33', 'Created labour cost matrix into the system '),
(498, 62, '2014-12-30 02:25:23', 'Update a preliminary job card task (47) into the system'),
(499, 62, '2014-12-30 02:55:33', 'Signed out of the system'),
(500, 63, '2014-12-30 02:55:44', 'Logged Into the system'),
(501, 63, '2014-12-30 02:57:58', 'Signed out of the system'),
(502, 62, '2014-12-30 03:42:07', 'Logged Into the system'),
(503, 62, '2014-12-30 03:44:25', 'Added a booking for Joel Njuguna of vehicle KAW  374M into the system'),
(504, 62, '2014-12-30 03:46:49', 'Signed out of the system'),
(505, 63, '2014-12-30 03:47:00', 'Logged Into the system'),
(506, 63, '2014-12-30 03:47:13', 'Clocked in a job card no 19 into the system '),
(507, 63, '2014-12-30 03:47:22', 'Signed out of the system'),
(508, 62, '2014-12-30 03:47:34', 'Logged Into the system'),
(509, 62, '2014-12-30 03:49:57', 'Created an labour task drain and refill engine oil into the system '),
(510, 62, '2014-12-30 03:50:57', 'Created labour cost matrix into the system '),
(511, 62, '2014-12-30 03:52:21', 'Deleted Job Card Task from the system'),
(512, 62, '2014-12-30 03:52:34', 'Added more job card tasks (54) into the system'),
(513, 62, '2014-12-30 03:53:12', 'Created an labour task replace spark plugs into the system '),
(514, 62, '2014-12-30 03:53:45', 'Created labour cost matrix into the system '),
(515, 62, '2014-12-30 03:54:30', 'Added more job card tasks (55) into the system'),
(516, 62, '2014-12-30 03:57:05', 'Signed out of the system'),
(517, 63, '2014-12-30 03:57:17', 'Logged Into the system'),
(518, 63, '2014-12-30 03:58:09', 'Clocked in a job card no 19 into the system '),
(519, 63, '2014-12-30 04:00:26', 'Clocked in a job card no 19 into the system '),
(520, 63, '2014-12-30 04:00:39', 'Finished a task in job card no 19 into the system '),
(521, 63, '2014-12-30 04:00:54', 'Finished a task in job card no 19 into the system '),
(522, 63, '2014-12-30 04:01:10', 'Signed out of the system'),
(523, 62, '2014-12-30 04:01:23', 'Logged Into the system'),
(524, 62, '2014-12-30 04:08:54', 'Signed out of the system'),
(525, 63, '2014-12-30 04:09:07', 'Logged Into the system'),
(526, 63, '2014-12-30 04:09:26', 'Signed out of the system'),
(527, 62, '2014-12-30 04:09:38', 'Logged Into the system'),
(528, 62, '2014-12-30 20:14:52', 'Logged Into the system'),
(529, 62, '2014-12-30 20:16:01', 'Created labour cost matrix into the system '),
(530, 62, '2014-12-30 20:16:17', 'Created labour cost matrix into the system '),
(531, 62, '2014-12-30 20:17:51', 'Created labour cost matrix into the system '),
(532, 62, '2014-12-30 20:18:13', 'Created labour cost matrix into the system '),
(533, 62, '2014-12-30 20:19:11', 'Created labour cost matrix into the system '),
(534, 62, '2014-12-30 20:19:28', 'Created labour cost matrix into the system '),
(535, 62, '2014-12-30 20:19:45', 'Created labour cost matrix into the system '),
(536, 62, '2014-12-30 20:47:35', 'Added a booking for Long term view capital ltd of vehicle KBY 755G into the system'),
(537, 62, '2014-12-30 20:48:21', 'Created an labour task Overheating into the system '),
(538, 62, '2014-12-30 20:49:27', 'Created labour cost matrix into the system '),
(539, 62, '2014-12-30 20:50:23', 'Signed out of the system'),
(540, 63, '2014-12-30 20:50:41', 'Logged Into the system'),
(541, 63, '2014-12-30 20:50:57', 'Clocked in a job card no 20 into the system '),
(542, 63, '2014-12-30 21:03:02', 'Finished a task in job card no 20 into the system '),
(543, 63, '2014-12-30 21:03:06', 'Signed out of the system'),
(544, 62, '2014-12-30 21:03:19', 'Logged Into the system'),
(545, 62, '2014-12-30 23:45:11', 'Logged Into the system'),
(546, 62, '2014-12-31 00:13:06', 'Signed out of the system'),
(547, 62, '2014-12-31 00:41:40', 'Logged Into the system'),
(548, 62, '2014-12-31 00:44:13', 'Added a booking for Mr. of vehicle KBT 800Z into the system'),
(549, 62, '2014-12-31 00:44:26', 'Signed out of the system'),
(550, 62, '2014-12-31 01:10:59', 'Logged Into the system'),
(551, 62, '2014-12-31 01:12:24', 'Signed out of the system'),
(552, 62, '2014-12-31 01:47:47', 'Logged Into the system'),
(553, 62, '2014-12-31 01:54:47', 'Signed out of the system'),
(554, 64, '2014-12-31 01:54:59', 'Logged Into the system'),
(555, 64, '2014-12-31 01:55:39', 'Signed out of the system'),
(556, 62, '2014-12-31 01:55:51', 'Logged Into the system'),
(557, 62, '2014-12-31 01:56:50', 'Update a preliminary job card parts details into the system'),
(558, 62, '2014-12-31 02:06:02', 'Update a preliminary job card task (24) into the system'),
(559, 62, '2014-12-31 02:06:07', 'Update a preliminary job card task (26) into the system'),
(560, 62, '2014-12-31 02:06:31', 'Update a preliminary job card task (56) into the system'),
(561, 62, '2014-12-31 02:07:39', 'Update a preliminary job card task (17) into the system'),
(562, 62, '2014-12-31 02:08:06', 'Update a preliminary job card task (29) into the system'),
(563, 62, '2014-12-31 02:08:46', 'Update a preliminary job card parts details into the system'),
(564, 62, '2014-12-31 02:09:11', 'Update a preliminary job card parts details into the system'),
(565, 62, '2014-12-31 02:09:41', 'Update a preliminary job card task (56) into the system'),
(566, 62, '2014-12-31 02:09:59', 'Update a preliminary job card task (47) into the system'),
(567, 62, '2014-12-31 02:10:07', 'Update a preliminary job card parts details into the system'),
(568, 62, '2014-12-31 02:10:49', 'Update a preliminary job card task (10) into the system'),
(569, 62, '2014-12-31 02:11:15', 'Update a preliminary job card task (33) into the system'),
(570, 62, '2014-12-31 02:11:23', 'Update a preliminary job card parts details into the system'),
(571, 62, '2014-12-31 02:29:43', 'Update invoice details details into the system'),
(572, 62, '2014-12-31 02:29:52', 'Update a invoice task (29) into the system'),
(573, 62, '2014-12-31 02:29:55', 'Update a invoice task (47) into the system'),
(574, 62, '2014-12-31 02:30:49', 'Update a invoice task (47) into the system'),
(575, 62, '2014-12-31 02:31:00', 'Update invoice details details into the system'),
(576, 62, '2014-12-31 02:31:32', 'Update invoice details details into the system'),
(577, 62, '2014-12-31 02:31:36', 'Update a invoice task (24) into the system'),
(578, 62, '2014-12-31 02:31:39', 'Update a invoice task (26) into the system'),
(579, 62, '2014-12-31 02:33:15', 'Update a invoice task (24) into the system'),
(580, 62, '2014-12-31 02:33:19', 'Update a invoice task (26) into the system'),
(581, 62, '2014-12-31 02:33:35', 'Update a invoice task (24) into the system'),
(582, 62, '2014-12-31 02:33:38', 'Update a invoice task (35) into the system'),
(583, 62, '2014-12-31 02:33:45', 'Update invoice details details into the system'),
(584, 62, '2014-12-31 02:34:17', 'Update a invoice task (24) into the system'),
(585, 62, '2014-12-31 02:34:22', 'Update a invoice task (28) into the system'),
(586, 62, '2014-12-31 02:34:27', 'Update a invoice task (27) into the system'),
(587, 62, '2014-12-31 02:34:32', 'Update a invoice task (26) into the system'),
(588, 62, '2014-12-31 02:34:40', 'Update a invoice task (28) into the system'),
(589, 62, '2014-12-31 02:35:05', 'Update invoice details details into the system'),
(590, 62, '2014-12-31 02:35:26', 'Update a invoice task (26) into the system'),
(591, 62, '2014-12-31 02:35:58', 'Update a invoice task (24) into the system'),
(592, 62, '2014-12-31 02:36:01', 'Update a invoice task (35) into the system'),
(593, 62, '2014-12-31 02:36:05', 'Update a invoice task (29) into the system'),
(594, 62, '2014-12-31 02:36:09', 'Update a invoice task (29) into the system'),
(595, 62, '2014-12-31 02:36:13', 'Update a invoice task (30) into the system'),
(596, 62, '2014-12-31 02:36:20', 'Update invoice details details into the system'),
(597, 62, '2014-12-31 02:38:19', 'Update labour matrix details into the system'),
(598, 62, '2014-12-31 02:38:45', 'Update labour matrix details into the system'),
(599, 62, '2014-12-31 02:39:14', 'Update labour matrix details into the system'),
(600, 62, '2014-12-31 02:40:34', 'Update labour matrix details into the system'),
(601, 62, '2014-12-31 02:41:17', 'Update labour matrix details into the system'),
(602, 62, '2014-12-31 02:42:55', 'Update a invoice task (26) into the system'),
(603, 62, '2014-12-31 02:43:56', 'Update a invoice task (24) into the system'),
(604, 62, '2014-12-31 02:44:00', 'Update a invoice task (33) into the system'),
(605, 62, '2014-12-31 02:44:05', 'Update a invoice task (29) into the system'),
(606, 62, '2014-12-31 02:44:12', 'Update invoice details details into the system'),
(607, 62, '2014-12-31 02:44:32', 'Update a invoice task (24) into the system'),
(608, 62, '2014-12-31 02:44:38', 'Update a invoice task (31) into the system'),
(609, 62, '2014-12-31 02:44:42', 'Update a invoice task (32) into the system'),
(610, 62, '2014-12-31 02:44:49', 'Update invoice details details into the system'),
(611, 62, '2014-12-31 02:45:15', 'Update a invoice task (24) into the system'),
(612, 62, '2014-12-31 02:45:18', 'Update a invoice task (35) into the system'),
(613, 62, '2014-12-31 02:45:26', 'Update invoice details details into the system'),
(614, 62, '2014-12-31 02:45:57', 'Update a invoice task (24) into the system'),
(615, 62, '2014-12-31 02:46:00', 'Update a invoice task (26) into the system'),
(616, 62, '2014-12-31 02:46:07', 'Update invoice details details into the system'),
(617, 62, '2014-12-31 03:22:31', 'Signed out of the system'),
(618, 62, '2014-12-31 03:47:49', 'Logged Into the system'),
(619, 62, '2014-12-31 03:49:12', 'Signed out of the system'),
(620, 62, '2014-12-31 19:16:23', 'Logged Into the system'),
(621, 62, '2014-12-31 19:18:06', 'Added a booking for Long term view capital ltd of vehicle KBV 863P into the system'),
(622, 62, '2014-12-31 20:13:09', 'Logged Into the system'),
(623, 62, '2014-12-31 20:14:33', 'Added a booking for Nelson of vehicle others into the system'),
(624, 62, '2014-12-31 20:17:22', 'Created an labour task oil filter into the system '),
(625, 62, '2014-12-31 20:17:35', 'Created an labour task diesel filter into the system '),
(626, 62, '2014-12-31 20:18:14', 'Created an labour task Rear oil seal isuzu into the system '),
(627, 62, '2014-12-31 20:18:28', 'Created an labour task front oil seal isuzu into the system '),
(628, 62, '2014-12-31 20:18:44', 'Created an labour task brake linings isuzu into the system '),
(629, 62, '2014-12-31 20:19:58', 'Added a booking for Nelson of vehicle others into the system'),
(630, 62, '2014-12-31 20:22:38', 'Update quotation details details into the system'),
(631, 62, '2014-12-31 20:25:56', 'Update a quotation parts details into the system'),
(632, 62, '2014-12-31 21:03:27', 'Logged Into the system'),
(633, 62, '2014-12-31 21:04:32', 'Added a booking for Long term view capital ltd of vehicle KBY 756G into the system'),
(634, 62, '2014-12-31 21:12:20', 'Created an labour task Replace inner oil seal into the system '),
(635, 62, '2014-12-31 21:12:44', 'Created an labour task Replace outer oil seal into the system '),
(636, 62, '2014-12-31 21:15:01', 'Created labour cost matrix into the system '),
(637, 62, '2014-12-31 21:15:16', 'Created labour cost matrix into the system '),
(638, 62, '2014-12-31 21:22:37', 'Logged Into the system'),
(639, 62, '2014-12-31 21:23:47', 'Deleted a booking from the system'),
(640, 62, '2014-12-31 21:24:46', 'Added a booking for Long term view capital ltd of vehicle KBY 756G into the system'),
(641, 62, '2014-12-31 21:27:16', 'Deleted Job Card Item from the system'),
(642, 62, '2014-12-31 21:28:38', 'Signed out of the system'),
(643, 63, '2014-12-31 21:28:47', 'Logged Into the system'),
(644, 63, '2014-12-31 21:29:07', 'Clocked in a job card no 21 into the system '),
(645, 63, '2014-12-31 21:29:27', 'Clocked in a job card no 21 into the system '),
(646, 63, '2014-12-31 21:29:40', 'Stopped a task in a job card no 21 into the system '),
(647, 63, '2014-12-31 21:29:51', 'Stopped a task in a job card no 21 into the system '),
(648, 63, '2014-12-31 21:30:03', 'Signed out of the system'),
(649, 62, '2014-12-31 21:30:17', 'Logged Into the system');
INSERT INTO `audit_trails` (`audit_id`, `user_id`, `date_of_event`, `action`) VALUES
(650, 62, '2014-12-31 21:31:17', 'Added a booking for Long term view capital ltd of vehicle KBV 863P into the system'),
(651, 62, '2014-12-31 21:33:33', 'Signed out of the system'),
(652, 63, '2014-12-31 21:33:44', 'Logged Into the system'),
(653, 63, '2014-12-31 21:33:59', 'Clocked in a job card no 22 into the system '),
(654, 63, '2014-12-31 21:34:11', 'Finished a task in job card no 22 into the system '),
(655, 63, '2014-12-31 21:34:18', 'Signed out of the system'),
(656, 62, '2014-12-31 21:34:28', 'Logged Into the system'),
(657, 62, '2014-12-31 21:38:57', 'Update labour matrix details into the system'),
(658, 62, '2014-12-31 21:39:42', 'Logged Into the system'),
(659, 62, '2014-12-31 21:39:59', 'Update a preliminary job card task (56) into the system'),
(660, 62, '2014-12-31 21:46:48', 'Signed out of the system'),
(661, 63, '2014-12-31 21:46:59', 'Logged Into the system'),
(662, 63, '2014-12-31 21:47:05', 'Resumed a task in a job card no 21 into the system '),
(663, 63, '2014-12-31 21:47:09', 'Resumed a task in a job card no 21 into the system '),
(664, 63, '2014-12-31 21:47:12', 'Signed out of the system'),
(665, 62, '2014-12-31 21:47:35', 'Logged Into the system'),
(666, 62, '2014-12-31 21:54:23', 'Update a preliminary job card task (47) into the system'),
(667, 62, '2014-12-31 22:28:46', 'Logged Into the system'),
(668, 62, '2014-12-31 22:28:57', 'Signed out of the system'),
(669, 63, '2014-12-31 22:29:07', 'Logged Into the system'),
(670, 63, '2014-12-31 22:29:21', 'Finished a task in job card no 21 into the system '),
(671, 63, '2014-12-31 22:29:30', 'Finished a task in job card no 21 into the system '),
(672, 63, '2014-12-31 22:29:48', 'Signed out of the system'),
(673, 62, '2014-12-31 22:30:04', 'Logged Into the system'),
(674, 62, '2015-01-01 01:15:25', 'Logged Into the system'),
(675, 62, '2015-01-01 01:18:11', 'Added a booking for Long term view capital ltd of vehicle KBY 754G into the system'),
(676, 62, '2015-01-01 01:19:20', 'Created an labour task replace brake linings into the system '),
(677, 62, '2015-01-01 01:20:00', 'Created labour cost matrix into the system '),
(678, 62, '2015-01-01 03:22:09', 'Update a preliminary job card task (24) into the system'),
(679, 62, '2015-01-01 03:22:13', 'Update a preliminary job card task (33) into the system'),
(680, 62, '2015-01-01 03:22:18', 'Update a preliminary job card task (29) into the system'),
(681, 62, '2015-01-01 03:25:26', 'Update a preliminary job card task (24) into the system'),
(682, 62, '2015-01-01 03:25:29', 'Update a preliminary job card task (35) into the system'),
(683, 62, '2015-01-01 03:25:34', 'Update a preliminary job card task (29) into the system'),
(684, 62, '2015-01-01 03:25:39', 'Update a preliminary job card task (29) into the system'),
(685, 62, '2015-01-01 03:25:44', 'Update a preliminary job card task (30) into the system'),
(686, 62, '2015-01-01 03:33:55', 'Update a preliminary job card task (24) into the system'),
(687, 62, '2015-01-01 03:33:59', 'Update a preliminary job card task (25) into the system'),
(688, 62, '2015-01-01 03:34:04', 'Update a preliminary job card task (27) into the system'),
(689, 62, '2015-01-01 03:34:07', 'Update a preliminary job card task (26) into the system'),
(690, 62, '2015-01-01 03:34:11', 'Update a preliminary job card task (28) into the system'),
(691, 62, '2015-01-01 03:37:58', 'Update a preliminary job card task (32) into the system'),
(692, 62, '2015-01-01 03:38:01', 'Update a preliminary job card task (31) into the system'),
(693, 62, '2015-01-01 03:38:05', 'Update a preliminary job card task (24) into the system'),
(694, 64, '2015-01-02 19:35:58', 'Logged Into the system'),
(695, 64, '2015-01-02 19:47:36', 'Signed out of the system'),
(696, 62, '2015-01-02 19:47:46', 'Logged Into the system'),
(697, 62, '2015-01-02 19:49:02', 'Signed out of the system'),
(698, 64, '2015-01-02 19:49:11', 'Logged Into the system'),
(699, 64, '2015-01-02 19:50:37', 'Created an item gear oil into the system'),
(700, 64, '2015-01-02 19:52:28', 'Created an item diesel into the system'),
(701, 64, '2015-01-02 19:52:47', 'Signed out of the system'),
(702, 62, '2015-01-02 19:52:59', 'Logged Into the system'),
(703, 62, '2015-01-02 19:53:26', 'Added more job card parts details into the system'),
(704, 62, '2015-01-02 19:53:52', 'Update a preliminary job card parts details into the system'),
(705, 62, '2015-01-02 19:54:12', 'Update a preliminary job card parts details into the system'),
(706, 62, '2015-01-02 19:54:48', 'Added more job card parts details into the system'),
(707, 62, '2015-01-02 19:55:23', 'Added more job card parts details into the system'),
(708, 62, '2015-01-02 20:19:23', 'Signed out of the system'),
(709, 64, '2015-01-02 20:21:05', 'Logged Into the system'),
(710, 64, '2015-01-02 20:23:36', 'Updated a item Engine oil5ltrs(monograde details'),
(711, 64, '2015-01-02 20:25:14', 'Created an item Engine oil 5ltrs multi grade into the system'),
(712, 64, '2015-01-02 20:26:29', 'Updated a item Battery acid details'),
(713, 64, '2015-01-02 20:27:26', 'Updated a item Starplex grease(caltex)1/2kg details'),
(714, 64, '2015-01-02 20:45:04', 'Updated a item Starplex grease(caltex)1/2kg details'),
(715, 64, '2015-01-02 20:48:42', 'Updated a item Brake fluid details'),
(716, 64, '2015-01-02 20:49:29', 'Updated a item gear oil details'),
(717, 64, '2015-01-02 20:49:32', 'Updated a item gear oil details'),
(718, 64, '2015-01-02 20:56:12', 'Signed out of the system'),
(719, 62, '2015-01-02 20:56:26', 'Logged Into the system'),
(720, 62, '2015-01-02 20:58:36', 'Added a booking for Mr. Julius of vehicle KAT 353K into the system'),
(721, 62, '2015-01-02 20:59:22', 'Created an labour task Wheel changing into the system '),
(722, 62, '2015-01-02 21:00:01', 'Created labour cost matrix into the system '),
(723, 62, '2015-01-02 21:01:00', 'Update labour matrix details into the system'),
(724, 62, '2015-01-02 21:01:33', 'Update labour matrix details into the system'),
(725, 0, '2015-01-02 21:10:08', 'Update a booking for Mr. Julius of vehicle KAT 353K into the system'),
(726, 62, '2015-01-02 21:10:17', 'Update a preliminary job card task (65) into the system'),
(727, 62, '2015-01-02 21:11:15', 'Created labour cost matrix into the system '),
(728, 62, '2015-01-02 21:11:37', 'Update labour matrix details into the system'),
(729, 62, '2015-01-02 21:11:59', 'Update a preliminary job card task (65) into the system'),
(730, 62, '2015-01-02 21:16:52', 'Update labour matrix details into the system'),
(731, 62, '2015-01-02 21:17:14', 'Update labour matrix details into the system'),
(732, 62, '2015-01-02 21:17:31', 'Update labour matrix details into the system'),
(733, 62, '2015-01-02 21:18:10', 'Created labour cost matrix into the system '),
(734, 62, '2015-01-02 21:23:03', 'Added a booking for Long term view capital ltd of vehicle KBY 755G into the system'),
(735, 62, '2015-01-02 21:25:31', 'Created an labour task Replace exhaust gasket into the system '),
(736, 62, '2015-01-02 21:26:37', 'Created labour cost matrix into the system '),
(737, 62, '2015-01-02 21:47:02', 'Created an labour task greasing into the system '),
(738, 62, '2015-01-02 21:47:48', 'Created labour cost matrix into the system '),
(739, 62, '2015-01-02 21:48:07', 'Update labour matrix details into the system'),
(740, 62, '2015-01-02 22:00:57', 'Signed out of the system'),
(741, 63, '2015-01-02 22:01:11', 'Logged Into the system'),
(742, 63, '2015-01-02 22:02:27', 'Clocked in a job card no 25 into the system '),
(743, 63, '2015-01-02 22:53:48', 'Finished a task in job card no 25 into the system '),
(744, 63, '2015-01-02 22:54:03', 'Clocked in a job card no 25 into the system '),
(745, 63, '2015-01-02 22:54:25', 'Finished a task in job card no 25 into the system '),
(746, 63, '2015-01-02 22:54:44', 'Clocked in a job card no 25 into the system '),
(747, 63, '2015-01-02 22:54:59', 'Stopped a task in a job card no 25 into the system '),
(748, 64, '2015-01-02 23:16:13', 'Logged Into the system'),
(749, 64, '2015-01-02 23:21:59', 'Created an item Air transmission fluid 500ml into the system'),
(750, 64, '2015-01-02 23:24:34', 'Created an item Air transmission fluid 5ltrs into the system'),
(751, 64, '2015-01-03 02:21:09', 'Signed out of the system'),
(752, 62, '2015-01-03 02:21:28', 'Logged Into the system'),
(753, 62, '2015-01-03 02:42:52', 'Deleted Job Card Task from the system'),
(754, 62, '2015-01-03 02:43:52', 'Created an labour task Exhaust welding into the system '),
(755, 62, '2015-01-03 02:45:15', 'Created an labour task separator labour into the system '),
(756, 62, '2015-01-03 02:46:28', 'Created an labour task Kingpin replacement into the system '),
(757, 62, '2015-01-03 02:48:16', 'Created an labour task snake light wiring into the system '),
(758, 64, '2015-01-03 19:35:55', 'Logged Into the system'),
(759, 64, '2015-01-03 19:40:12', 'Signed out of the system'),
(760, 62, '2015-01-03 19:40:25', 'Logged Into the system'),
(761, 62, '2015-01-03 19:41:23', 'Added a booking for Long term view capital ltd of vehicle KBY 754G into the system'),
(762, 62, '2015-01-03 20:14:50', 'Signed out of the system'),
(763, 19, '2015-01-03 20:14:59', 'Logged Into the system'),
(764, 19, '2015-01-03 20:21:01', 'Signed out of the system'),
(765, 64, '2015-01-03 20:21:12', 'Logged Into the system'),
(766, 64, '2015-01-03 20:46:55', 'Signed out of the system'),
(767, 19, '2015-01-03 20:47:03', 'Logged Into the system'),
(768, 19, '2015-01-03 21:03:20', 'Signed out of the system'),
(769, 64, '2015-01-03 21:03:29', 'Logged Into the system'),
(770, 64, '2015-01-03 21:12:22', 'Created an item Air filterAA090 into the system'),
(771, 64, '2015-01-03 21:13:00', 'Created an item Air filterAA070 into the system'),
(772, 64, '2015-01-03 21:14:16', 'Created an item Air filterP2J003 into the system'),
(773, 64, '2015-01-03 21:15:41', 'Created an item Air filterPNB002 into the system'),
(774, 64, '2015-01-03 21:17:46', 'Created an item Air filterEB300 into the system'),
(775, 64, '2015-01-03 21:18:21', 'Created an item Air filter50060 into the system'),
(776, 64, '2015-01-03 21:19:01', 'Created an item Air filteB1010 into the system'),
(777, 64, '2015-01-03 21:19:54', 'Created an item Air filtePWJ-A10 into the system'),
(778, 64, '2015-01-03 21:20:41', 'Created an item Air filte67060 into the system'),
(779, 64, '2015-01-03 21:22:58', 'Signed out of the system'),
(780, 19, '2015-01-03 21:23:22', 'Logged Into the system'),
(781, 19, '2015-01-03 21:24:16', 'Signed out of the system'),
(782, 19, '2015-01-03 21:24:26', 'Logged Into the system'),
(783, 19, '2015-01-03 21:24:41', 'Signed out of the system'),
(784, 62, '2015-01-03 21:25:08', 'Logged Into the system'),
(785, 62, '2015-01-03 21:28:19', 'Added a booking for Mr. Julius of vehicle KAT 353K into the system'),
(786, 62, '2015-01-03 22:40:26', 'Signed out of the system'),
(787, 19, '2015-01-03 22:40:36', 'Logged Into the system'),
(788, 19, '2015-01-03 22:40:53', 'Signed out of the system'),
(789, 19, '2015-01-03 22:41:03', 'Logged Into the system'),
(790, 19, '2015-01-03 23:31:27', 'Signed out of the system'),
(791, 19, '2015-01-03 23:31:36', 'Logged Into the system'),
(792, 19, '2015-01-03 23:31:47', 'Signed out of the system'),
(793, 19, '2015-01-03 23:33:49', 'Logged Into the system'),
(794, 19, '2015-01-03 23:36:36', 'Added a booking for Engen petrol station of vehicle n/a into the system'),
(795, 19, '2015-01-03 23:57:00', 'Signed out of the system'),
(796, 19, '2015-01-03 23:57:07', 'Logged Into the system'),
(797, 64, '2015-01-05 18:48:30', 'Logged Into the system'),
(798, 64, '2015-01-05 18:49:54', 'Created an item Air filter4M400 into the system'),
(799, 64, '2015-01-05 18:51:20', 'Updated a item Air filter67060 details'),
(800, 64, '2015-01-05 18:51:22', 'Updated a item Air filter67060 details'),
(801, 64, '2015-01-05 18:51:44', 'Updated a item Air filterPWJ-A10 details'),
(802, 64, '2015-01-05 18:52:25', 'Created an item Air filter11050 into the system'),
(803, 64, '2015-01-05 18:53:39', 'Created an item Air filter11090 into the system'),
(804, 64, '2015-01-05 18:54:26', 'Created an item Air filter15070 into the system'),
(805, 64, '2015-01-05 18:55:04', 'Created an item Air filter16020 into the system'),
(806, 64, '2015-01-05 18:55:41', 'Created an item Air filter21030 into the system'),
(807, 64, '2015-01-05 18:56:41', 'Created an item Air filter21050 into the system'),
(808, 64, '2015-01-05 18:57:16', 'Updated a item Air filter11050 details'),
(809, 64, '2015-01-05 18:57:42', 'Updated a item Air filter11050 details'),
(810, 64, '2015-01-05 18:58:19', 'Created an item Air filter22020 into the system'),
(811, 64, '2015-01-05 18:59:06', 'Created an item Air filter23030 into the system'),
(812, 64, '2015-01-05 18:59:47', 'Created an item Air filter35020 into the system'),
(813, 64, '2015-01-05 19:00:51', 'Created an item Air filter73C10 into the system'),
(814, 64, '2015-01-05 19:01:52', 'Created an item Air filter74020 into the system'),
(815, 64, '2015-01-05 19:02:29', 'Created an item Air filter77A10 into the system'),
(816, 64, '2015-01-05 19:03:13', 'Created an item Air filter41300 into the system'),
(817, 64, '2015-01-05 19:04:49', 'Created an item Air filterV0100 into the system'),
(818, 64, '2015-01-05 19:08:39', 'Created an item Air filter20040 into the system'),
(819, 64, '2015-01-05 19:09:14', 'Created an item Air filter2810 into the system'),
(820, 64, '2015-01-05 19:09:51', 'Created an item Air filter70050 into the system'),
(821, 64, '2015-01-05 19:10:32', 'Created an item Air filter74060 into the system'),
(822, 64, '2015-01-05 19:11:32', 'Created an item Air filterMv188 into the system'),
(823, 64, '2015-01-05 19:13:37', 'Created an item Air filterMv266 into the system'),
(824, 64, '2015-01-05 19:22:23', 'Created an item Air filter22600 into the system'),
(825, 64, '2015-01-05 19:22:54', 'Updated a item Air filter11050 details'),
(826, 64, '2015-01-05 19:24:46', 'Signed out of the system'),
(827, 62, '2015-01-05 19:24:59', 'Logged Into the system'),
(828, 62, '2015-01-05 19:32:02', 'Added a booking for  Mr. Beutah Maroko of vehicle KBT 617W into the system'),
(829, 62, '2015-01-05 19:49:39', 'Update a customer belonging (4 carmats) into the system'),
(830, 62, '2015-01-05 19:50:42', 'Added more job card tasks (22) into the system'),
(831, 62, '2015-01-05 19:50:56', 'Deleted Job Card Task from the system'),
(832, 62, '2015-01-05 20:02:31', 'Update a preliminary job card details details into the system'),
(833, 62, '2015-01-05 20:04:11', 'Signed out of the system'),
(834, 65, '2015-01-05 20:04:30', 'Logged Into the system'),
(835, 65, '2015-01-05 20:04:52', 'Signed out of the system'),
(836, 66, '2015-01-05 20:05:03', 'Logged Into the system'),
(837, 66, '2015-01-05 20:05:25', 'Clocked in a job card no 27 into the system '),
(838, 66, '2015-01-05 20:05:38', 'Signed out of the system'),
(839, 62, '2015-01-05 20:05:49', 'Logged Into the system'),
(840, 62, '2015-01-05 20:06:50', 'Signed out of the system'),
(841, 66, '2015-01-05 20:06:58', 'Logged Into the system'),
(842, 66, '2015-01-05 20:07:41', 'Clocked in a job card no 27 into the system '),
(843, 66, '2015-01-05 20:13:42', 'Signed out of the system'),
(844, 65, '2015-01-05 20:14:08', 'Logged Into the system'),
(845, 65, '2015-01-05 20:14:15', 'Signed out of the system'),
(846, 62, '2015-01-05 20:14:27', 'Logged Into the system'),
(847, 62, '2015-01-05 20:15:15', 'Signed out of the system'),
(848, 65, '2015-01-05 20:16:06', 'Logged Into the system'),
(849, 65, '2015-01-05 20:16:41', 'Signed out of the system'),
(850, 66, '2015-01-05 20:16:51', 'Logged Into the system'),
(851, 66, '2015-01-05 20:17:29', 'Stopped a task in a job card no 27 into the system '),
(852, 66, '2015-01-05 20:17:37', 'Resumed a task in a job card no 27 into the system '),
(853, 66, '2015-01-05 20:17:52', 'Finished a task in job card no 27 into the system '),
(854, 66, '2015-01-05 20:22:44', 'Signed out of the system'),
(855, 64, '2015-01-05 20:23:10', 'Logged Into the system'),
(856, 64, '2015-01-05 20:25:23', 'Created an item Spark plugs into the system'),
(857, 64, '2015-01-05 20:27:08', 'Created an item ENGINE OIL4LTRS into the system'),
(858, 64, '2015-01-05 20:28:06', 'Updated a item Spark plugs details'),
(859, 64, '2015-01-05 20:28:51', 'Updated a item Spark plugs 8H516 details'),
(860, 64, '2015-01-05 20:34:43', 'Signed out of the system'),
(861, 62, '2015-01-05 20:34:59', 'Logged Into the system'),
(862, 62, '2015-01-05 20:44:52', 'Signed out of the system'),
(863, 64, '2015-01-05 20:45:01', 'Logged Into the system'),
(864, 64, '2015-01-05 20:45:33', 'Updated a item ENGINE OIL4LTRS details'),
(865, 64, '2015-01-05 20:45:35', 'Signed out of the system'),
(866, 62, '2015-01-05 20:45:56', 'Logged Into the system'),
(867, 62, '2015-01-05 20:54:21', 'Signed out of the system'),
(868, 64, '2015-01-05 20:54:31', 'Logged Into the system'),
(869, 64, '2015-01-05 20:58:14', 'Signed out of the system'),
(870, 62, '2015-01-05 20:58:25', 'Logged Into the system'),
(871, 62, '2015-01-05 21:00:28', 'Deleted Job Card Task from the system'),
(872, 62, '2015-01-05 21:11:55', 'Update a preliminary job card task (24) into the system'),
(873, 62, '2015-01-05 21:12:05', 'Update a preliminary job card task (28) into the system'),
(874, 62, '2015-01-05 21:13:11', 'Signed out of the system'),
(875, 64, '2015-01-05 21:13:23', 'Logged Into the system'),
(876, 64, '2015-01-05 21:13:43', 'Signed out of the system'),
(877, 62, '2015-01-05 21:16:02', 'Logged Into the system'),
(878, 62, '2015-01-05 21:16:50', 'Logged Into the system'),
(879, 62, '2015-01-05 21:19:12', 'Signed out of the system'),
(880, 64, '2015-01-05 21:19:23', 'Logged Into the system'),
(881, 64, '2015-01-05 21:20:16', 'Updated a item Air filterAA090 details'),
(882, 64, '2015-01-05 21:21:52', 'Updated a item Air filterAA070 details'),
(883, 64, '2015-01-05 21:21:54', 'Signed out of the system'),
(884, 62, '2015-01-05 21:22:27', 'Logged Into the system'),
(885, 62, '2015-01-05 21:29:57', 'Signed out of the system'),
(886, 64, '2015-01-05 21:30:12', 'Logged Into the system'),
(887, 64, '2015-01-05 21:35:26', 'Created an item category service parts into the system '),
(888, 64, '2015-01-05 21:35:57', 'Created an item category Repair parts into the system '),
(889, 64, '2015-01-05 21:39:21', 'Updated a item Air filteB1010 details'),
(890, 64, '2015-01-05 21:40:34', 'Updated a item Air filter11050 details'),
(891, 64, '2015-01-05 21:40:48', 'Updated a item Air filter11050 details'),
(892, 64, '2015-01-05 21:40:54', 'Updated a item Air filter11050 details'),
(893, 64, '2015-01-05 21:40:58', 'Updated a item Air filter11050 details'),
(894, 64, '2015-01-05 21:41:31', 'Updated a item Air filter11090 details'),
(895, 64, '2015-01-05 21:41:46', 'Updated a item Air filter15070 details'),
(896, 64, '2015-01-05 21:41:58', 'Updated a item Air filter16020 details'),
(897, 64, '2015-01-05 21:42:37', 'Updated a item Air filter20040 details'),
(898, 64, '2015-01-05 21:42:52', 'Updated a item Air filter21030 details'),
(899, 64, '2015-01-05 21:43:05', 'Updated a item Air filter21050 details'),
(900, 64, '2015-01-05 21:43:19', 'Updated a item Air filter22020 details'),
(901, 64, '2015-01-05 21:43:34', 'Updated a item Air filter22600 details'),
(902, 64, '2015-01-05 21:43:47', 'Updated a item Air filter23030 details'),
(903, 64, '2015-01-05 21:44:25', 'Updated a item Air filter2810 details'),
(904, 64, '2015-01-05 21:44:46', 'Updated a item Air filter35020 details'),
(905, 64, '2015-01-05 21:45:06', 'Updated a item Air filter41300 details'),
(906, 64, '2015-01-05 21:45:33', 'Updated a item Air filter74020 details'),
(907, 64, '2015-01-05 21:45:54', 'Updated a item Air filter4M400 details'),
(908, 64, '2015-01-05 21:46:00', 'Updated a item Air filter4M400 details'),
(909, 64, '2015-01-05 21:46:28', 'Updated a item Air filter67060 details'),
(910, 64, '2015-01-05 21:46:43', 'Updated a item Air filter70050 details'),
(911, 64, '2015-01-05 21:47:02', 'Updated a item Air filter73C10 details'),
(912, 64, '2015-01-05 21:47:25', 'Updated a item Air filter50060 details'),
(913, 64, '2015-01-05 21:47:28', 'Updated a item Air filter50060 details'),
(914, 64, '2015-01-05 21:47:32', 'Updated a item Air filter50060 details'),
(915, 64, '2015-01-05 21:48:05', 'Updated a item Air filter74060 details'),
(916, 64, '2015-01-05 21:48:20', 'Updated a item Air filterV0100 details'),
(917, 64, '2015-01-05 21:48:37', 'Updated a item Air filterMv266 details'),
(918, 64, '2015-01-05 21:48:57', 'Updated a item Air filterMv266 details'),
(919, 64, '2015-01-05 21:49:12', 'Updated a item Air filterEB300 details'),
(920, 64, '2015-01-05 21:49:52', 'Updated a item Air filterPNB002 details'),
(921, 64, '2015-01-05 21:50:13', 'Updated a item Air filterAA090 details'),
(922, 64, '2015-01-05 21:50:36', 'Updated a item Air filterPWJ-A10 details'),
(923, 64, '2015-01-05 21:51:16', 'Updated a item Air filterPWJ-A10 details'),
(924, 64, '2015-01-05 21:51:32', 'Updated a item Air filterPWJ-A10 details'),
(925, 64, '2015-01-05 21:51:49', 'Updated a item Air filter77A10 details'),
(926, 64, '2015-01-05 21:53:05', 'Updated a item Air filter77A10 details'),
(927, 64, '2015-01-05 21:54:28', 'Updated a item Air filterMv266 details'),
(928, 64, '2015-01-05 21:55:00', 'Updated a item Air filter11050 details'),
(929, 64, '2015-01-05 21:55:10', 'Updated a item Air filter11050 details'),
(930, 64, '2015-01-05 21:55:19', 'Updated a item Air filter11090 details'),
(931, 64, '2015-01-05 22:03:28', 'Updated a item Air filterMv188 details'),
(932, 64, '2015-01-05 22:04:10', 'Updated a item Air filterMv188 details'),
(933, 64, '2015-01-05 22:05:28', 'Updated a item Air filter details'),
(934, 64, '2015-01-05 22:06:33', 'Updated a item Air filter11050 details'),
(935, 64, '2015-01-05 22:08:23', 'Updated a item Air filter11090 details'),
(936, 64, '2015-01-05 22:13:12', 'Updated a item Air filteB1010 details'),
(937, 64, '2015-01-05 22:15:06', 'Updated a item Air filter15070 details'),
(938, 64, '2015-01-05 22:18:07', 'Updated a item Air filter20040 details'),
(939, 64, '2015-01-05 22:19:07', 'Updated a item Air filter16020 details'),
(940, 64, '2015-01-05 22:19:59', 'Updated a item Air filter21030 details'),
(941, 64, '2015-01-05 22:20:26', 'Updated a item Air filter21030 details'),
(942, 64, '2015-01-05 22:20:34', 'Updated a item Air filter21030 details'),
(943, 64, '2015-01-05 22:22:19', 'Updated a item Air filter21050 details'),
(944, 64, '2015-01-05 22:24:18', 'Updated a item Air filter22020 details'),
(945, 64, '2015-01-05 22:26:05', 'Updated a item Air filter22600 details'),
(946, 64, '2015-01-05 22:27:00', 'Updated a item Air filter23030 details'),
(947, 64, '2015-01-05 22:27:51', 'Updated a item Air filter2810 details'),
(948, 64, '2015-01-05 22:28:57', 'Updated a item Air filter35020 details'),
(949, 64, '2015-01-05 22:31:39', 'Updated a item Air filter41B00 details'),
(950, 64, '2015-01-05 22:41:40', 'Updated a item Air filterAA090 details'),
(951, 64, '2015-01-05 22:42:32', 'Updated a item Air filterAA070 details'),
(952, 64, '2015-01-05 22:44:41', 'Updated a item Air filterP2J-003 details'),
(953, 64, '2015-01-05 22:45:53', 'Updated a item Air filterPNB003 details'),
(954, 64, '2015-01-05 22:46:32', 'Updated a item Air filterEB300 details'),
(955, 64, '2015-01-05 22:46:39', 'Updated a item Air filterEB300 details'),
(956, 64, '2015-01-05 22:47:20', 'Updated a item Air filter50060 details'),
(957, 64, '2015-01-05 22:47:59', 'Updated a item Air filteB1010 details'),
(958, 64, '2015-01-05 22:50:12', 'Updated a item Air filterPWJ-A10 details'),
(959, 64, '2015-01-05 22:50:58', 'Updated a item Air filter67060 details'),
(960, 64, '2015-01-05 22:54:21', 'deleted an item from the system'),
(961, 64, '2015-01-05 22:54:55', 'Updated a item Air transmission fluid 500ml details'),
(962, 64, '2015-01-05 23:03:26', 'Updated a item Air filterPNB003 details'),
(963, 64, '2015-01-05 23:09:12', 'Updated a item Air filter73C10 details'),
(964, 64, '2015-01-05 23:09:58', 'Updated a item Air filter77A10 details'),
(965, 64, '2015-01-05 23:12:45', 'Updated a item Air filterV0100 details'),
(966, 64, '2015-01-05 23:16:25', 'Updated a item Air filter2810 details'),
(967, 64, '2015-01-05 23:17:26', 'Updated a item Air filter70050 details'),
(968, 64, '2015-01-05 23:18:11', 'Updated a item Air filter74060 details'),
(969, 64, '2015-01-05 23:20:06', 'Updated a item Air filterMv266 details'),
(970, 64, '2015-01-05 23:23:49', 'Created an item Air filterED500 into the system'),
(971, 64, '2015-01-05 23:24:22', 'Updated a item Air transmission fluid 5ltrs details'),
(972, 64, '2015-01-05 23:26:17', 'Created an item Air filte31110 into the system'),
(973, 64, '2015-01-05 23:27:10', 'Created an item Air filter31120 into the system'),
(974, 64, '2015-01-05 23:28:34', 'Created an item Air filter50040 into the system'),
(975, 64, '2015-01-05 23:29:11', 'Created an item Air filter79402 into the system'),
(976, 64, '2015-01-05 23:30:49', 'Updated a item Air filter31120 details'),
(977, 64, '2015-01-05 23:33:03', 'Updated a item Air filter74020 details'),
(978, 64, '2015-01-05 23:33:36', 'Updated a item Air filter79402 details'),
(979, 64, '2015-01-05 23:39:48', 'Created an item Air filter47010 into the system'),
(980, 64, '2015-01-05 23:42:40', 'Created an item Oil FilterMB220900 into the system'),
(981, 64, '2015-01-05 23:47:26', 'Updated a item Fuel FilterMB220900 details'),
(982, 64, '2015-01-05 23:48:40', 'Created an item Fuel Filter64010 into the system'),
(983, 64, '2015-01-05 23:56:54', 'Created an item Oil Filter Toyota10001/03001 into the system'),
(984, 64, '2015-01-05 23:57:56', 'Created an item Oil Filter Toyota03006 into the system'),
(985, 64, '2015-01-05 23:59:46', 'Created an item Oil Filter Nissan65F00 into the system'),
(986, 64, '2015-01-06 00:01:18', 'Created an item Oil Filter Mark x-31020/80 into the system'),
(987, 64, '2015-01-06 00:02:33', 'Created an item Oil Filter Toyota Passo-37010 into the system'),
(988, 64, '2015-01-06 00:04:51', 'Created an item Oil Filter 20001/30002 into the system'),
(989, 64, '2015-01-06 00:05:58', 'Created an item Oil Filter MD135737 into the system'),
(990, 64, '2015-01-06 00:18:01', 'Updated a item Spark plugs 8H516 details'),
(991, 64, '2015-01-06 00:21:02', 'Created an item Spark Plugs BKR6E2756 into the system'),
(992, 64, '2015-01-06 00:26:45', 'Created an item Spark Plugs BP6ES-7811 into the system'),
(993, 64, '2015-01-06 00:28:18', 'Created an item Spark Plugs BP6EY-6278 into the system'),
(994, 64, '2015-01-06 00:29:33', 'Created an item Spark Plugs BCP5ES-7810 into the system'),
(995, 64, '2015-01-06 00:32:33', 'Updated a item Spark Plugs BCP5ES-7810 details'),
(996, 64, '2015-01-06 00:35:03', 'Created an item Spark plugs BKR6EYA4195 into the system'),
(997, 64, '2015-01-06 00:35:33', 'Signed out of the system'),
(998, 19, '2015-01-06 00:37:07', 'Logged Into the system'),
(999, 19, '2015-01-06 00:49:05', 'Clocked in a job card no 26 into the system '),
(1000, 19, '2015-01-06 00:51:22', 'Signed out of the system'),
(1001, 64, '2015-01-06 00:51:33', 'Logged Into the system'),
(1002, 64, '2015-01-06 00:52:41', 'Signed out of the system'),
(1003, 19, '2015-01-06 00:52:53', 'Logged Into the system'),
(1004, 19, '2015-01-06 00:59:41', 'Signed out of the system'),
(1005, 67, '2015-01-06 00:59:54', 'Logged Into the system'),
(1006, 67, '2015-01-06 01:00:25', 'Signed out of the system'),
(1007, 19, '2015-01-06 01:00:33', 'Logged Into the system'),
(1008, 19, '2015-01-06 01:04:18', 'Signed out of the system'),
(1009, 67, '2015-01-06 01:04:30', 'Logged Into the system'),
(1010, 67, '2015-01-06 01:22:22', 'Signed out of the system'),
(1011, 19, '2015-01-06 01:29:10', 'Logged Into the system'),
(1012, 19, '2015-01-06 01:53:13', 'Signed out of the system'),
(1013, 68, '2015-01-06 01:53:27', 'Logged Into the system'),
(1014, 68, '2015-01-06 01:53:36', 'Signed out of the system'),
(1015, 19, '2015-01-06 01:53:43', 'Logged Into the system'),
(1016, 19, '2015-01-06 01:53:57', 'Signed out of the system'),
(1017, 68, '2015-01-06 01:54:05', 'Logged Into the system'),
(1018, 19, '2015-01-06 01:59:52', 'Logged Into the system'),
(1019, 19, '2015-01-06 02:02:32', 'Signed out of the system'),
(1020, 64, '2015-01-06 02:03:15', 'Logged Into the system'),
(1021, 64, '2015-01-06 02:06:41', 'Created an item Spark Plugs Denso K16Single into the system'),
(1022, 64, '2015-01-06 02:08:25', 'Created an item Spark Plugs Denso K16Double into the system'),
(1023, 64, '2015-01-06 02:10:33', 'Created an item Spark Plugs Denso Q20 Single into the system'),
(1024, 64, '2015-01-06 02:12:27', 'Created an item Spark Plugs  K20Double into the system'),
(1025, 64, '2015-01-06 02:16:20', 'Signed out of the system'),
(1026, 62, '2015-01-06 02:16:43', 'Logged Into the system'),
(1027, 62, '2015-01-06 02:18:04', 'Created an labour task Replace rear axle tube into the system '),
(1028, 62, '2015-01-06 02:18:28', 'Created an labour task Replace top radiator hose into the system '),
(1029, 62, '2015-01-06 02:19:09', 'Created labour cost matrix into the system '),
(1030, 62, '2015-01-06 02:19:38', 'Created labour cost matrix into the system '),
(1031, 62, '2015-01-06 02:20:20', 'Added more job card tasks (72) into the system'),
(1032, 62, '2015-01-06 02:21:39', 'Created an labour task Replace diesel filter into the system '),
(1033, 62, '2015-01-06 02:22:09', 'Created labour cost matrix into the system '),
(1034, 62, '2015-01-06 02:25:53', 'Signed out of the system'),
(1035, 64, '2015-01-06 02:26:03', 'Logged Into the system'),
(1036, 64, '2015-01-06 02:30:17', 'Updated a item gear box oil details'),
(1037, 64, '2015-01-06 02:31:13', 'Signed out of the system'),
(1038, 62, '2015-01-06 02:31:28', 'Logged Into the system'),
(1039, 62, '2015-01-06 02:34:31', 'Signed out of the system'),
(1040, 64, '2015-01-06 02:34:40', 'Logged Into the system'),
(1041, 64, '2015-01-06 02:36:23', 'Updated a item gear box oil details'),
(1042, 64, '2015-01-06 02:36:32', 'Updated a item Gear box oil details'),
(1043, 64, '2015-01-06 02:39:36', 'Created an item Air filter06050 into the system'),
(1044, 64, '2015-01-06 02:47:01', 'Signed out of the system'),
(1045, 62, '2015-01-06 02:47:18', 'Logged Into the system'),
(1046, 62, '2015-01-06 02:48:50', 'Added more invoice tasks (72) into the system'),
(1047, 62, '2015-01-06 02:59:20', 'Update a preliminary job card task (26) into the system'),
(1048, 62, '2015-01-06 02:59:24', 'Update a preliminary job card task (24) into the system'),
(1049, 62, '2015-01-06 02:59:36', 'Update a preliminary job card task (24) into the system'),
(1050, 62, '2015-01-06 03:02:10', 'Update a preliminary job card task (29) into the system'),
(1051, 62, '2015-01-06 03:11:16', 'Update a invoice task (33) into the system'),
(1052, 62, '2015-01-06 03:11:55', 'Update a preliminary job card task (33) into the system'),
(1053, 62, '2015-01-06 03:15:28', 'Update a preliminary job card task (73) into the system'),
(1054, 62, '2015-01-06 03:18:29', 'Updated Company Contact Details'),
(1055, 62, '2015-01-06 03:26:38', 'Update a preliminary job card task (56) into the system'),
(1056, 62, '2015-01-06 03:27:17', 'Added more job card tasks (73) into the system'),
(1057, 0, '2015-01-06 03:31:56', 'Update a booking for Long term view capital ltd of vehicle KBV 863F into the system'),
(1058, 62, '2015-01-06 03:33:49', 'Update a preliminary job card task (64) into the system'),
(1059, 62, '2015-01-06 03:40:54', 'Signed out of the system'),
(1060, 62, '2015-01-06 03:42:12', 'Logged Into the system'),
(1061, 62, '2015-01-06 03:47:55', 'Added a booking for Long term view capital ltd of vehicle KBV 599Z into the system'),
(1062, 62, '2015-01-06 03:48:37', 'Created an labour task Replace  clutch unit into the system '),
(1063, 62, '2015-01-06 03:48:54', 'Created an labour task Replace front wheel bearing into the system '),
(1064, 62, '2015-01-06 03:50:47', 'Signed out of the system'),
(1065, 65, '2015-01-06 03:51:56', 'Logged Into the system'),
(1066, 65, '2015-01-06 03:53:12', 'Clocked in a job card no 28 into the system '),
(1067, 65, '2015-01-06 03:53:24', 'Signed out of the system'),
(1068, 63, '2015-01-06 03:53:38', 'Logged Into the system'),
(1069, 63, '2015-01-06 03:53:59', 'Clocked in a job card no 28 into the system '),
(1070, 63, '2015-01-06 03:54:16', 'Finished a task in job card no 26 into the system '),
(1071, 63, '2015-01-06 03:54:27', 'Signed out of the system'),
(1072, 62, '2015-01-06 03:54:39', 'Logged Into the system'),
(1073, 62, '2015-01-06 03:57:05', 'Created labour cost matrix into the system '),
(1074, 62, '2015-01-06 03:57:28', 'Update labour matrix details into the system'),
(1075, 62, '2015-01-06 03:57:50', 'Update a preliminary job card task (40) into the system'),
(1076, 64, '2015-01-06 18:57:08', 'Logged Into the system'),
(1077, 64, '2015-01-06 19:26:23', 'Signed out of the system'),
(1078, 62, '2015-01-06 19:26:36', 'Logged Into the system'),
(1079, 65, '2015-01-06 20:11:00', 'Logged Into the system'),
(1080, 65, '2015-01-06 20:11:18', 'Finished a task in job card no 28 into the system '),
(1081, 65, '2015-01-06 20:11:28', 'Signed out of the system'),
(1082, 66, '2015-01-06 20:11:42', 'Logged Into the system'),
(1083, 66, '2015-01-06 20:12:01', 'Signed out of the system'),
(1084, 63, '2015-01-06 20:12:14', 'Logged Into the system'),
(1085, 63, '2015-01-06 20:12:28', 'Finished a task in job card no 28 into the system '),
(1086, 63, '2015-01-06 20:12:31', 'Signed out of the system'),
(1087, 62, '2015-01-06 20:12:47', 'Logged Into the system'),
(1088, 62, '2015-01-06 20:20:05', 'Created labour cost matrix into the system '),
(1089, 62, '2015-01-06 20:20:48', 'Update a preliminary job card task (76) into the system'),
(1090, 62, '2015-01-06 20:21:07', 'Update a preliminary job card task (38) into the system'),
(1091, 62, '2015-01-06 20:31:36', 'Deleted labour task from the system '),
(1092, 62, '2015-01-06 20:32:57', 'Update labour task Clutch Overhaul details into the system '),
(1093, 62, '2015-01-06 20:33:30', 'Update labour matrix details into the system'),
(1094, 62, '2015-01-06 20:34:33', 'Update labour matrix details into the system'),
(1095, 62, '2015-01-06 20:34:57', 'Update a preliminary job card task (76) into the system'),
(1096, 62, '2015-01-06 20:35:03', 'Update a preliminary job card task (38) into the system'),
(1097, 62, '2015-01-06 20:59:48', 'Update labour matrix details into the system'),
(1098, 62, '2015-01-06 21:00:45', 'Update a invoice task (38) into the system'),
(1099, 62, '2015-01-06 21:00:49', 'Update a invoice task (76) into the system'),
(1100, 62, '2015-01-06 21:19:20', 'Update labour matrix details into the system'),
(1101, 62, '2015-01-06 21:22:07', 'Added a booking for Jackson Muraya of vehicle others into the system'),
(1102, 62, '2015-01-06 21:23:27', 'Signed out of the system'),
(1103, 64, '2015-01-06 21:26:35', 'Logged Into the system'),
(1104, 64, '2015-01-06 21:29:35', 'Created an item Clutch plate  corolla 110 into the system'),
(1105, 64, '2015-01-06 21:31:13', 'Created an item Pressure plate corolla 110 into the system'),
(1106, 64, '2015-01-06 21:33:13', 'Created an item Oil Filter Probox petrol into the system'),
(1107, 64, '2015-01-06 21:34:44', 'Created an item Brake pads probox into the system'),
(1108, 64, '2015-01-06 21:44:01', 'Updated a item Clutch plate  corolla 110 details'),
(1109, 64, '2015-01-06 21:45:14', 'Updated a item Pressure plate corolla 110 details'),
(1110, 64, '2015-01-06 21:45:40', 'Updated a item Brake pads probox details'),
(1111, 64, '2015-01-06 21:45:49', 'Signed out of the system'),
(1112, 62, '2015-01-06 21:46:01', 'Logged Into the system'),
(1113, 62, '2015-01-06 21:47:07', 'Added a booking for Jackson Muraya of vehicle Others into the system'),
(1114, 62, '2015-01-06 21:51:11', 'Signed out of the system'),
(1115, 64, '2015-01-06 21:51:31', 'Logged Into the system'),
(1116, 64, '2015-01-06 21:53:12', 'Signed out of the system'),
(1117, 62, '2015-01-06 21:53:24', 'Logged Into the system'),
(1118, 62, '2015-01-06 21:53:48', 'Added more job card tasks (38) into the system'),
(1119, 62, '2015-01-06 21:55:58', 'Signed out of the system'),
(1120, 64, '2015-01-06 21:56:08', 'Logged Into the system'),
(1121, 64, '2015-01-06 23:25:02', 'Signed out of the system'),
(1122, 64, '2015-01-06 23:25:10', 'Logged Into the system'),
(1123, 64, '2015-01-06 23:56:27', 'Updated a item Air filter97402 details'),
(1124, 64, '2015-01-06 23:58:21', 'Updated a item Air filter47010 details'),
(1125, 64, '2015-01-06 23:58:54', 'Updated a item Air filter47010 details'),
(1126, 64, '2015-01-07 00:04:20', 'Created an item Air filter50060 into the system'),
(1127, 64, '2015-01-07 00:04:55', 'Updated a item Air filterMv188 details'),
(1128, 64, '2015-01-07 00:05:17', 'Updated a item Air filterMv266 details'),
(1129, 64, '2015-01-07 02:37:36', 'Signed out of the system'),
(1130, 62, '2015-01-07 02:37:48', 'Logged Into the system'),
(1131, 62, '2015-01-07 02:39:11', 'Added a booking for Long term view capital ltd of vehicle KBW 145L into the system'),
(1132, 62, '2015-01-07 02:40:17', 'Created an labour task Replace passenger lights into the system '),
(1133, 62, '2015-01-07 02:41:07', 'Signed out of the system'),
(1134, 65, '2015-01-07 02:41:55', 'Logged Into the system'),
(1135, 65, '2015-01-07 02:42:30', 'Clocked in a job card no 29 into the system '),
(1136, 65, '2015-01-07 02:43:06', 'Stopped a task in a job card no 29 into the system '),
(1137, 65, '2015-01-07 02:43:13', 'Signed out of the system'),
(1138, 66, '2015-01-07 02:46:17', 'Logged Into the system'),
(1139, 66, '2015-01-07 02:49:36', 'Clocked in a job card no 29 into the system '),
(1140, 66, '2015-01-07 02:56:33', 'Signed out of the system'),
(1141, 62, '2015-01-07 02:56:47', 'Logged Into the system'),
(1142, 62, '2015-01-07 02:57:11', 'Added more job card tasks (28) into the system'),
(1143, 62, '2015-01-07 02:57:15', 'Signed out of the system'),
(1144, 63, '2015-01-07 02:57:26', 'Logged Into the system'),
(1145, 63, '2015-01-07 02:57:39', 'Clocked in a job card no 29 into the system '),
(1146, 63, '2015-01-07 02:58:34', 'Signed out of the system'),
(1147, 62, '2015-01-07 02:58:54', 'Logged Into the system'),
(1148, 62, '2015-01-07 02:59:43', 'Created labour cost matrix into the system '),
(1149, 62, '2015-01-07 03:00:17', 'Signed out of the system'),
(1150, 66, '2015-01-07 03:00:27', 'Logged Into the system'),
(1151, 66, '2015-01-07 03:01:37', 'Finished a task in job card no 29 into the system '),
(1152, 66, '2015-01-07 03:01:47', 'Signed out of the system'),
(1153, 62, '2015-01-07 03:02:05', 'Logged Into the system'),
(1154, 62, '2015-01-07 03:02:21', 'Update a preliminary job card task (77) into the system'),
(1155, 62, '2015-01-07 03:26:06', 'Signed out of the system'),
(1156, 64, '2015-01-07 18:48:38', 'Logged Into the system'),
(1157, 64, '2015-01-07 18:48:39', 'Logged Into the system'),
(1158, 64, '2015-01-07 18:57:54', 'Updated a item Spark plugs 8H516 details'),
(1159, 64, '2015-01-07 19:01:32', 'Updated a item Spark plugs 8H516 details'),
(1160, 64, '2015-01-07 19:03:03', 'Logged Into the system'),
(1161, 64, '2015-01-07 19:50:32', 'Signed out of the system'),
(1162, 62, '2015-01-07 19:59:33', 'Logged Into the system'),
(1163, 64, '2015-01-07 23:27:30', 'Logged Into the system'),
(1164, 64, '2015-01-08 01:11:41', 'Logged Into the system'),
(1165, 64, '2015-01-08 02:20:00', 'Signed out of the system'),
(1166, 62, '2015-01-08 02:20:31', 'Logged Into the system'),
(1167, 62, '2015-01-08 02:22:18', 'Added a booking for Team Fergie Transporters Ltd of vehicle KBY 755G into the system'),
(1168, 62, '2015-01-08 02:25:52', 'Signed out of the system'),
(1169, 66, '2015-01-08 02:26:42', 'Logged Into the system'),
(1170, 66, '2015-01-08 02:27:42', 'Clocked in a job card no 30 into the system '),
(1171, 66, '2015-01-08 02:28:11', 'Signed out of the system'),
(1172, 65, '2015-01-08 02:35:16', 'Logged Into the system'),
(1173, 65, '2015-01-08 02:36:13', 'Clocked in a job card no 30 into the system '),
(1174, 65, '2015-01-08 02:36:27', 'Resumed a task in a job card no 29 into the system '),
(1175, 65, '2015-01-08 02:37:03', 'Finished a task in job card no 29 into the system '),
(1176, 65, '2015-01-08 02:50:02', 'Signed out of the system'),
(1177, 66, '2015-01-08 02:50:17', 'Logged Into the system'),
(1178, 66, '2015-01-08 02:51:18', 'Stopped a task in a job card no 30 into the system '),
(1179, 66, '2015-01-08 02:52:18', 'Resumed a task in a job card no 30 into the system '),
(1180, 66, '2015-01-08 02:52:41', 'Finished a task in job card no 30 into the system '),
(1181, 66, '2015-01-08 02:54:21', 'Signed out of the system'),
(1182, 62, '2015-01-08 03:39:54', 'Logged Into the system'),
(1183, 62, '2015-01-08 03:40:04', 'Deleted Job Card Task from the system'),
(1184, 62, '2015-01-08 03:49:39', 'Signed out of the system'),
(1185, 62, '2015-01-08 19:33:46', 'Logged Into the system'),
(1186, 62, '2015-01-08 20:15:13', 'Created an labour task Draglink labour into the system '),
(1187, 62, '2015-01-08 20:18:28', 'Created labour cost matrix into the system '),
(1188, 62, '2015-01-08 20:19:22', 'Added a booking for Team Fergie Transporters Ltd of vehicle KBY 755G into the system'),
(1189, 62, '2015-01-08 20:20:08', 'Added more job card tasks (78) into the system'),
(1190, 66, '2015-01-08 20:33:47', 'Logged Into the system'),
(1191, 66, '2015-01-08 20:36:48', 'Clocked in a job card no 31 into the system '),
(1192, 66, '2015-01-08 20:37:22', 'Stopped a task in a job card no 31 into the system '),
(1193, 66, '2015-01-08 20:37:29', 'Signed out of the system'),
(1194, 62, '2015-01-08 21:41:01', 'Logged Into the system'),
(1195, 62, '2015-01-08 21:48:11', 'Signed out of the system'),
(1196, 62, '2015-01-08 22:57:25', 'Logged Into the system'),
(1197, 62, '2015-01-08 22:58:05', 'Signed out of the system'),
(1198, 64, '2015-01-08 23:13:26', 'Logged Into the system'),
(1199, 64, '2015-01-08 23:15:23', 'Updated a item indicator bulb 24v details'),
(1200, 64, '2015-01-08 23:16:53', 'Updated a item indicator bulb single 24v details'),
(1201, 64, '2015-01-08 23:18:34', 'Updated a item indicator bulb double 12v details'),
(1202, 64, '2015-01-08 23:19:11', 'Updated a item indicator bulb single 24v details'),
(1203, 64, '2015-01-08 23:31:35', 'Signed out of the system'),
(1204, 62, '2015-01-08 23:31:45', 'Logged Into the system'),
(1205, 62, '2015-01-08 23:32:33', 'Signed out of the system'),
(1206, 64, '2015-01-08 23:35:46', 'Logged Into the system'),
(1207, 64, '2015-01-08 23:45:48', 'Created an item horn relay into the system'),
(1208, 64, '2015-01-09 00:19:34', 'Updated a item Kingpin details'),
(1209, 64, '2015-01-09 01:37:40', 'Signed out of the system'),
(1210, 66, '2015-01-09 01:37:56', 'Logged Into the system'),
(1211, 66, '2015-01-09 01:38:50', 'Resumed a task in a job card no 31 into the system '),
(1212, 66, '2015-01-09 02:29:02', 'Finished a task in job card no 31 into the system '),
(1213, 66, '2015-01-09 02:30:42', 'Signed out of the system'),
(1214, 64, '2015-01-09 02:30:53', 'Logged Into the system'),
(1215, 64, '2015-01-09 02:31:06', 'Signed out of the system'),
(1216, 62, '2015-01-09 02:31:19', 'Logged Into the system'),
(1217, 62, '2015-01-09 02:37:21', 'Signed out of the system'),
(1218, 64, '2015-01-09 02:39:32', 'Logged Into the system'),
(1219, 64, '2015-01-09 02:44:45', 'Signed out of the system'),
(1220, 64, '2015-01-09 02:45:02', 'Logged Into the system'),
(1221, 64, '2015-01-09 02:52:15', 'Created an item RADIO into the system'),
(1222, 64, '2015-01-09 03:09:30', 'Created an item battery into the system'),
(1223, 62, '2015-01-09 04:00:08', 'Logged Into the system'),
(1224, 62, '2015-01-09 04:09:43', 'Logged Into the system'),
(1225, 62, '2015-01-09 04:12:30', 'Added a booking for Team Fergie Transporters Ltd of vehicle KBZ 348B into the system'),
(1226, 0, '2015-01-09 04:16:03', 'Update a booking for Team Fergie Transporters Ltd of vehicle KBZ 348B into the system'),
(1227, 0, '2015-01-09 04:21:16', 'Update a booking for Team Fergie Transporters Ltd of vehicle KBZ 348B into the system'),
(1228, 62, '2015-01-09 04:21:28', 'Deleted Job Card Task from the system'),
(1229, 62, '2015-01-09 04:21:38', 'Signed out of the system'),
(1230, 66, '2015-01-09 04:21:50', 'Logged Into the system'),
(1231, 66, '2015-01-09 04:22:06', 'Clocked in a job card no 32 into the system '),
(1232, 66, '2015-01-09 04:31:49', 'Finished a task in job card no 32 into the system '),
(1233, 66, '2015-01-09 04:36:42', 'Signed out of the system'),
(1234, 62, '2015-01-09 19:13:39', 'Logged Into the system'),
(1235, 62, '2015-01-09 19:24:53', 'Signed out of the system'),
(1236, 64, '2015-01-09 19:25:01', 'Logged Into the system'),
(1237, 62, '2015-01-09 19:55:17', 'Logged Into the system'),
(1238, 62, '2015-01-09 19:56:35', 'Added a booking for Long term view capital ltd of vehicle KBW 145L into the system'),
(1239, 62, '2015-01-09 19:57:13', 'Created an labour task repair exhaust gasket into the system '),
(1240, 62, '2015-01-09 19:57:39', 'Created labour cost matrix into the system '),
(1241, 64, '2015-01-09 20:52:07', 'Logged Into the system'),
(1242, 64, '2015-01-09 21:16:43', 'Logged Into the system'),
(1243, 64, '2015-01-09 21:54:16', 'Created an item Oil seal inner into the system'),
(1244, 64, '2015-01-10 00:37:49', 'Updated a item RADIO details'),
(1245, 64, '2015-01-10 00:38:52', 'Updated a item Kingpin details'),
(1246, 64, '2015-01-10 00:39:12', 'Updated a item horn relay details'),
(1247, 64, '2015-01-10 00:49:28', 'Created an item Fuel Filterz700 into the system'),
(1248, 64, '2015-01-10 00:50:44', 'Created an item Oil Filter6DBOB-0309-A into the system'),
(1249, 64, '2015-01-10 00:52:08', 'Created an item Air Cleaner NQR into the system'),
(1250, 64, '2015-01-10 00:52:53', 'Updated a item Oil Filter6DBOB-0309-A details'),
(1251, 64, '2015-01-10 00:57:29', 'Updated a item Oil Filter6DBOB-0309-A details'),
(1252, 64, '2015-01-10 03:37:14', 'Updated a item Oil Filter6DBOB-0309-A details'),
(1253, 64, '2015-01-10 03:44:42', 'Signed out of the system'),
(1254, 64, '2015-01-10 04:17:56', 'Logged Into the system'),
(1255, 64, '2015-01-10 04:30:46', 'Created an item Brake padsKD2718 into the system'),
(1256, 64, '2015-01-10 04:32:10', 'Created an item Brake padsKD2780 into the system'),
(1257, 64, '2015-01-10 04:32:49', 'Created an item Brake padsKD2701 into the system'),
(1258, 64, '2015-01-10 19:09:51', 'Logged Into the system'),
(1259, 64, '2015-01-10 19:11:49', 'Created an item tie rod end into the system'),
(1260, 64, '2015-01-10 19:12:40', 'Created an item drah links into the system'),
(1261, 64, '2015-01-10 19:14:00', 'Updated a item head light helogen 24v details'),
(1262, 64, '2015-01-10 19:15:09', 'Updated a item head light helogen 24v details'),
(1263, 64, '2015-01-10 19:19:19', 'Updated a item head light helogen 24v details'),
(1264, 64, '2015-01-10 19:20:25', 'Created an item Brake padsKD2725 into the system'),
(1265, 64, '2015-01-10 19:21:06', 'Created an item Brake padsKD2203 into the system'),
(1266, 64, '2015-01-10 19:22:26', 'Updated a item Brake padsKD2725 details'),
(1267, 64, '2015-01-10 19:23:48', 'Created an item Brake padsKD2208 into the system'),
(1268, 64, '2015-01-10 19:25:51', 'Created an item Brake padsKD2798 into the system'),
(1269, 64, '2015-01-10 19:26:36', 'Created an item Brake padsKD2740 into the system'),
(1270, 64, '2015-01-10 19:27:31', 'Created an item Brake padsKD2457 into the system'),
(1271, 64, '2015-01-10 19:28:07', 'Created an item Brake padsKD1740 into the system'),
(1272, 64, '2015-01-10 19:28:59', 'Created an item Brake padsKD2739 into the system'),
(1273, 64, '2015-01-10 19:29:30', 'Created an item Brake padsKD2776 into the system'),
(1274, 64, '2015-01-10 19:30:12', 'Created an item Brake padsKD1739 into the system'),
(1275, 64, '2015-01-10 19:30:41', 'Created an item Brake padsKD1735 into the system'),
(1276, 64, '2015-01-10 19:31:11', 'Created an item Brake padsKD2606/07 into the system'),
(1277, 64, '2015-01-10 19:31:50', 'Created an item Brake padsGDB7075S into the system'),
(1278, 64, '2015-01-10 19:37:58', 'Signed out of the system'),
(1279, 62, '2015-01-10 19:38:21', 'Logged Into the system'),
(1280, 62, '2015-01-10 19:40:18', 'Added more job card tasks (22) into the system'),
(1281, 62, '2015-01-10 19:41:22', 'Added more job card tasks (26) into the system'),
(1282, 62, '2015-01-10 19:42:29', 'Added more job card tasks (32) into the system'),
(1283, 62, '2015-01-10 19:44:37', 'Deleted Job Card Task from the system'),
(1284, 62, '2015-01-10 19:47:12', 'Created an labour task repair suspension system into the system '),
(1285, 62, '2015-01-10 19:48:30', 'Created labour cost matrix into the system '),
(1286, 62, '2015-01-10 19:49:13', 'Added more job card tasks (80) into the system'),
(1287, 62, '2015-01-10 19:50:50', 'Signed out of the system'),
(1288, 64, '2015-01-10 19:51:04', 'Logged Into the system'),
(1289, 64, '2015-01-10 19:52:51', 'Updated a item drag links details'),
(1290, 64, '2015-01-10 21:01:09', 'Signed out of the system'),
(1291, 62, '2015-01-10 21:01:23', 'Logged Into the system'),
(1292, 62, '2015-01-10 21:05:34', 'Signed out of the system'),
(1293, 64, '2015-01-10 21:05:47', 'Logged Into the system'),
(1294, 64, '2015-01-10 21:14:38', 'Created an item battery water into the system'),
(1295, 64, '2015-01-10 21:16:36', 'Created an item ENGINE OIL10LTRS into the system'),
(1296, 64, '2015-01-10 21:20:16', 'Signed out of the system'),
(1297, 62, '2015-01-10 21:20:27', 'Logged Into the system'),
(1298, 62, '2015-01-10 21:38:47', 'Added a booking for Engen petrol station of vehicle KAM 457U into the system'),
(1299, 62, '2015-01-10 21:39:34', 'Created an labour task Drain diesel  into the system '),
(1300, 62, '2015-01-10 21:40:13', 'Created labour cost matrix into the system '),
(1301, 0, '2015-01-10 21:45:06', 'Update a booking for Engen petrol station of vehicle KAM 457U into the system'),
(1302, 62, '2015-01-10 21:56:43', 'Added more job card tasks (47) into the system'),
(1303, 62, '2015-01-10 22:02:49', 'Update labour matrix details into the system'),
(1304, 62, '2015-01-10 22:38:49', 'Added a booking for Omwanza Ombati of vehicle KCA 020R into the system'),
(1305, 62, '2015-01-10 22:39:21', 'Signed out of the system'),
(1306, 66, '2015-01-10 22:41:02', 'Logged Into the system'),
(1307, 66, '2015-01-10 22:41:59', 'Clocked in a job card no 35 into the system '),
(1308, 66, '2015-01-10 22:58:43', 'Signed out of the system'),
(1309, 62, '2015-01-10 22:59:04', 'Logged Into the system'),
(1310, 0, '2015-01-10 23:06:30', 'Update a booking for Omwanza Ombati of vehicle KCA 020R into the system'),
(1311, 62, '2015-01-10 23:06:41', 'Update a preliminary job card task (54) into the system'),
(1312, 62, '2015-01-10 23:07:41', 'Update labour matrix details into the system'),
(1313, 62, '2015-01-10 23:08:24', 'Update labour matrix details into the system'),
(1314, 62, '2015-01-10 23:09:09', 'Added More customer belonging () into the system'),
(1315, 62, '2015-01-10 23:09:32', 'Update a customer belonging (2 jackets) into the system');
INSERT INTO `audit_trails` (`audit_id`, `user_id`, `date_of_event`, `action`) VALUES
(1316, 62, '2015-01-10 23:09:51', 'Added More customer belonging () into the system'),
(1317, 62, '2015-01-10 23:10:03', 'Update a customer belonging (magazine) into the system'),
(1318, 62, '2015-01-10 23:10:12', 'Update a preliminary job card task (54) into the system'),
(1319, 62, '2015-01-10 23:11:17', 'Signed out of the system'),
(1320, 64, '2015-01-10 23:11:31', 'Logged Into the system'),
(1321, 64, '2015-01-10 23:14:03', 'Signed out of the system'),
(1322, 62, '2015-01-10 23:14:15', 'Logged Into the system'),
(1323, 62, '2015-01-10 23:33:59', 'Added more job card tasks (22) into the system'),
(1324, 62, '2015-01-10 23:34:40', 'Update a preliminary job card task (22) into the system'),
(1325, 62, '2015-01-10 23:34:49', 'Deleted Job Card Task from the system'),
(1326, 62, '2015-01-10 23:39:21', 'Signed out of the system'),
(1327, 66, '2015-01-10 23:39:43', 'Logged Into the system'),
(1328, 66, '2015-01-10 23:40:24', 'Finished a task in job card no 35 into the system '),
(1329, 66, '2015-01-10 23:40:44', 'Signed out of the system'),
(1330, 62, '2015-01-10 23:40:55', 'Logged Into the system'),
(1331, 0, '2015-01-10 23:43:43', 'Update a booking for Omwanza Ombati of vehicle KCA 020R into the system'),
(1332, 64, '2015-01-11 03:54:02', 'Logged Into the system'),
(1333, 64, '2015-01-11 04:03:24', 'Updated a item Oil seal inner details'),
(1334, 64, '2015-01-11 04:03:57', 'Created an item Oil seal outer into the system'),
(1335, 64, '2015-01-11 04:09:21', 'Created an item Bearing rear outer into the system'),
(1336, 64, '2015-01-11 04:11:06', 'Created an item Bearing rear inner into the system'),
(1337, 64, '2015-01-11 04:13:15', 'Created an item bearing front inner into the system'),
(1338, 64, '2015-01-11 04:14:02', 'Created an item bearing front outer into the system'),
(1339, 64, '2015-01-11 19:29:34', 'Created an item Brake padsKD2607 into the system'),
(1340, 64, '2015-01-11 19:30:26', 'Created an item Brake pads liningX288 into the system'),
(1341, 64, '2015-01-11 19:31:48', 'Created an item Brake pads lining2342 into the system'),
(1342, 64, '2015-01-11 19:33:08', 'Created an item Brake pads liningGDB7075S into the system'),
(1343, 64, '2015-01-11 19:34:03', 'Created an item Brake pads liningNQR into the system'),
(1344, 64, '2015-01-11 19:36:03', 'Created an item Brake lining ProboxBS-K2358 into the system'),
(1345, 64, '2015-01-11 19:36:38', 'Updated a item Brake lining ProboxBS-K2358 details'),
(1346, 64, '2015-01-11 19:36:54', 'Updated a item Brake lining ProboxBS-K2358 details'),
(1347, 64, '2015-01-11 19:37:32', 'Updated a item Air Cleaner NQR details'),
(1348, 64, '2015-01-11 19:38:28', 'Updated a item Brake  liningNQR details'),
(1349, 64, '2015-01-11 19:39:30', 'deleted an item from the system'),
(1350, 64, '2015-01-11 19:39:59', 'Updated a item Brake padsGDB7075S details'),
(1351, 64, '2015-01-11 19:40:39', 'Updated a item Brake pads liningAK2342 details'),
(1352, 64, '2015-01-11 19:41:12', 'Updated a item Brake pads liningX288 details'),
(1353, 64, '2015-01-11 19:41:53', 'Updated a item Brake padsKD2607 details'),
(1354, 64, '2015-01-11 19:42:37', 'Updated a item Brake padsKD1735 details'),
(1355, 64, '2015-01-11 19:42:56', 'Updated a item Brake padsKD1739 details'),
(1356, 64, '2015-01-11 19:43:24', 'Updated a item Brake padsKD2776 details'),
(1357, 64, '2015-01-11 19:43:47', 'Updated a item Brake padsKD2739 details'),
(1358, 64, '2015-01-11 19:44:17', 'Updated a item Brake padsKD1740 details'),
(1359, 64, '2015-01-11 19:44:39', 'Updated a item Brake padsKD2457 details'),
(1360, 64, '2015-01-11 19:44:59', 'Updated a item Brake padsKD2740 details'),
(1361, 64, '2015-01-11 19:45:21', 'Updated a item Brake padsKD2798 details'),
(1362, 64, '2015-01-11 19:45:43', 'Updated a item Brake padsKD2208 details'),
(1363, 64, '2015-01-11 19:46:04', 'Updated a item Brake padsKD2203 details'),
(1364, 64, '2015-01-11 19:46:38', 'Updated a item Brake padsKD2725 details'),
(1365, 64, '2015-01-11 19:46:57', 'Updated a item Brake padsKD2701 details'),
(1366, 64, '2015-01-11 19:47:21', 'Updated a item Brake padsKD2780 details'),
(1367, 64, '2015-01-11 19:50:45', 'Updated a item Oil Filter6DBOB-0309-A details'),
(1368, 64, '2015-01-12 19:37:33', 'Logged Into the system'),
(1369, 64, '2015-01-12 19:39:56', 'Signed out of the system'),
(1370, 62, '2015-01-12 19:40:16', 'Logged Into the system'),
(1371, 62, '2015-01-12 19:41:05', 'Added a booking for Team Fergie Transporters Ltd of vehicle KBL 145L into the system'),
(1372, 62, '2015-01-12 19:43:36', 'Added a booking for Team Fergie Transporters Ltd of vehicle KBY 754G into the system'),
(1373, 62, '2015-01-12 19:46:17', 'Added a booking for Team Fergie Transporters Ltd of vehicle KBV 863F into the system'),
(1374, 62, '2015-01-12 19:48:55', 'Added a booking for Team Fergie Transporters Ltd of vehicle KBW 599Z into the system'),
(1375, 62, '2015-01-12 19:50:38', 'Added a booking for Long term view capital ltd of vehicle KBY 756G into the system'),
(1376, 62, '2015-01-12 19:52:09', 'Added a booking for Long term view capital ltd of vehicle KBW 145L into the system'),
(1377, 62, '2015-01-12 19:52:56', 'Signed out of the system'),
(1378, 66, '2015-01-12 19:53:04', 'Logged Into the system'),
(1379, 66, '2015-01-12 19:53:28', 'Clocked in a job card no 41 into the system '),
(1380, 66, '2015-01-12 19:53:42', 'Clocked in a job card no 40 into the system '),
(1381, 66, '2015-01-12 19:53:51', 'Clocked in a job card no 39 into the system '),
(1382, 66, '2015-01-12 19:54:01', 'Clocked in a job card no 38 into the system '),
(1383, 66, '2015-01-12 19:54:13', 'Clocked in a job card no 36 into the system '),
(1384, 66, '2015-01-12 19:54:25', 'Clocked in a job card no 31 into the system '),
(1385, 66, '2015-01-12 19:54:36', 'Signed out of the system'),
(1386, 65, '2015-01-12 19:54:48', 'Logged Into the system'),
(1387, 65, '2015-01-12 19:55:11', 'Clocked in a job card no 41 into the system '),
(1388, 65, '2015-01-12 19:55:31', 'Clocked in a job card no 40 into the system '),
(1389, 65, '2015-01-12 19:55:40', 'Clocked in a job card no 40 into the system '),
(1390, 65, '2015-01-12 19:55:57', 'Clocked in a job card no 39 into the system '),
(1391, 65, '2015-01-12 19:56:10', 'Clocked in a job card no 38 into the system '),
(1392, 65, '2015-01-12 19:56:19', 'Clocked in a job card no 37 into the system '),
(1393, 65, '2015-01-12 19:56:29', 'Clocked in a job card no 37 into the system '),
(1394, 65, '2015-01-12 19:56:35', 'Signed out of the system'),
(1395, 64, '2015-01-12 19:56:49', 'Logged Into the system'),
(1396, 64, '2015-01-12 20:16:12', 'Signed out of the system'),
(1397, 63, '2015-01-12 20:16:23', 'Logged Into the system'),
(1398, 63, '2015-01-12 20:16:35', 'Clocked in a job card no 39 into the system '),
(1399, 63, '2015-01-12 20:16:42', 'Clocked in a job card no 38 into the system '),
(1400, 63, '2015-01-12 20:16:50', 'Clocked in a job card no 37 into the system '),
(1401, 63, '2015-01-12 20:16:58', 'Clocked in a job card no 36 into the system '),
(1402, 63, '2015-01-12 20:17:14', 'Signed out of the system'),
(1403, 62, '2015-01-12 20:17:25', 'Logged Into the system'),
(1404, 62, '2015-01-12 20:26:33', 'Update a preliminary job card task (38) into the system'),
(1405, 62, '2015-01-12 20:26:35', 'Signed out of the system'),
(1406, 63, '2015-01-12 20:26:46', 'Logged Into the system'),
(1407, 63, '2015-01-12 20:26:59', 'Signed out of the system'),
(1408, 62, '2015-01-12 22:12:22', 'Logged Into the system'),
(1409, 62, '2015-01-12 22:12:57', 'Signed out of the system'),
(1410, 64, '2015-01-12 22:13:16', 'Logged Into the system'),
(1411, 64, '2015-01-12 22:13:32', 'Signed out of the system'),
(1412, 62, '2015-01-12 22:13:43', 'Logged Into the system'),
(1413, 62, '2015-01-12 22:14:16', 'Signed out of the system'),
(1414, 64, '2015-01-12 22:14:24', 'Logged Into the system'),
(1415, 64, '2015-01-12 22:15:16', 'Signed out of the system'),
(1416, 62, '2015-01-12 22:15:31', 'Logged Into the system'),
(1417, 62, '2015-01-12 22:16:01', 'Signed out of the system'),
(1418, 64, '2015-01-12 22:16:09', 'Logged Into the system'),
(1419, 64, '2015-01-12 22:45:03', 'Signed out of the system'),
(1420, 62, '2015-01-12 22:45:13', 'Logged Into the system'),
(1421, 62, '2015-01-12 22:46:57', 'Deleted Job Card Task from the system'),
(1422, 62, '2015-01-12 22:47:55', 'Deleted Job Card Task from the system'),
(1423, 62, '2015-01-12 22:48:35', 'Deleted Job Card Task from the system'),
(1424, 62, '2015-01-12 22:49:08', 'Added more job card tasks (33) into the system'),
(1425, 62, '2015-01-12 22:50:12', 'Deleted Job Card Task from the system'),
(1426, 62, '2015-01-12 22:51:22', 'Deleted Job Card Task from the system'),
(1427, 62, '2015-01-12 22:51:38', 'Update a preliminary job card task (47) into the system'),
(1428, 62, '2015-01-12 22:52:14', 'Signed out of the system'),
(1429, 63, '2015-01-12 22:52:23', 'Logged Into the system'),
(1430, 63, '2015-01-12 22:52:41', 'Finished a task in job card no 39 into the system '),
(1431, 63, '2015-01-12 22:52:56', 'Finished a task in job card no 37 into the system '),
(1432, 63, '2015-01-12 22:53:08', 'Finished a task in job card no 36 into the system '),
(1433, 63, '2015-01-12 22:53:16', 'Signed out of the system'),
(1434, 66, '2015-01-12 22:53:26', 'Logged Into the system'),
(1435, 66, '2015-01-12 22:53:40', 'Finished a task in job card no 40 into the system '),
(1436, 66, '2015-01-12 22:53:49', 'Finished a task in job card no 38 into the system '),
(1437, 66, '2015-01-12 22:54:00', 'Finished a task in job card no 36 into the system '),
(1438, 66, '2015-01-12 22:54:18', 'Finished a task in job card no 31 into the system '),
(1439, 66, '2015-01-12 22:54:21', 'Signed out of the system'),
(1440, 65, '2015-01-12 22:54:29', 'Logged Into the system'),
(1441, 65, '2015-01-12 22:54:45', 'Clocked in a job card no 38 into the system '),
(1442, 65, '2015-01-12 22:55:00', 'Finished a task in job card no 40 into the system '),
(1443, 65, '2015-01-12 22:55:14', 'Finished a task in job card no 39 into the system '),
(1444, 65, '2015-01-12 22:55:25', 'Finished a task in job card no 38 into the system '),
(1445, 65, '2015-01-12 22:55:38', 'Finished a task in job card no 37 into the system '),
(1446, 65, '2015-01-12 22:55:57', 'Finished a task in job card no 30 into the system '),
(1447, 65, '2015-01-12 22:56:05', 'Signed out of the system'),
(1448, 62, '2015-01-12 22:56:17', 'Logged Into the system'),
(1449, 67, '2015-01-12 23:27:38', 'Logged Into the system'),
(1450, 67, '2015-01-12 23:30:42', 'Signed out of the system'),
(1451, 69, '2015-01-12 23:30:57', 'Logged Into the system'),
(1452, 69, '2015-01-12 23:39:48', 'Signed out of the system'),
(1453, 69, '2015-01-13 00:32:40', 'Logged Into the system'),
(1454, 69, '2015-01-13 00:50:12', 'Signed out of the system'),
(1455, 66, '2015-01-13 00:50:39', 'Logged Into the system'),
(1456, 69, '2015-01-13 00:56:25', 'Logged Into the system'),
(1457, 69, '2015-01-13 01:11:08', 'Signed out of the system'),
(1458, 66, '2015-01-13 01:18:15', 'Logged Into the system'),
(1459, 66, '2015-01-13 01:19:14', 'Stopped a task in a job card no 41 into the system '),
(1460, 66, '2015-01-13 02:19:04', 'Signed out of the system'),
(1461, 62, '2015-01-13 02:23:28', 'Logged Into the system'),
(1462, 62, '2015-01-13 02:24:41', 'Update a invoice parts details into the system'),
(1463, 62, '2015-01-13 02:28:06', 'Signed out of the system'),
(1464, 66, '2015-01-13 02:28:14', 'Logged Into the system'),
(1465, 66, '2015-01-13 02:28:20', 'Resumed a task in a job card no 41 into the system '),
(1466, 66, '2015-01-13 02:28:40', 'Signed out of the system'),
(1467, 62, '2015-01-13 02:28:57', 'Logged Into the system'),
(1468, 62, '2015-01-13 02:44:09', 'Logged Into the system'),
(1469, 62, '2015-01-13 02:52:33', 'Signed out of the system'),
(1470, 64, '2015-01-13 02:52:43', 'Logged Into the system'),
(1471, 64, '2015-01-13 03:22:14', 'Signed out of the system'),
(1472, 69, '2015-01-13 03:22:29', 'Logged Into the system'),
(1473, 69, '2015-01-13 03:24:37', 'Signed out of the system'),
(1474, 69, '2015-01-13 03:28:34', 'Logged Into the system'),
(1475, 69, '2015-01-13 03:36:38', 'Signed out of the system'),
(1476, 66, '2015-01-13 03:36:57', 'Logged Into the system'),
(1477, 66, '2015-01-13 03:37:16', 'Finished a task in job card no 41 into the system '),
(1478, 66, '2015-01-13 03:37:23', 'Signed out of the system'),
(1479, 63, '2015-01-13 03:37:33', 'Logged Into the system'),
(1480, 63, '2015-01-13 03:37:45', 'Finished a task in job card no 41 into the system '),
(1481, 63, '2015-01-13 03:37:47', 'Signed out of the system'),
(1482, 69, '2015-01-13 03:38:25', 'Logged Into the system'),
(1483, 69, '2015-01-13 03:41:16', 'Signed out of the system'),
(1484, 64, '2015-01-13 03:41:46', 'Logged Into the system'),
(1485, 64, '2015-01-13 03:43:30', 'Updated a item Clutch plate  details'),
(1486, 64, '2015-01-13 03:50:16', 'Signed out of the system'),
(1487, 62, '2015-01-13 03:51:10', 'Logged Into the system'),
(1488, 62, '2015-01-13 03:52:29', 'Created labour cost matrix into the system '),
(1489, 62, '2015-01-13 03:52:59', 'Created labour cost matrix into the system '),
(1490, 62, '2015-01-13 03:53:24', 'Created labour cost matrix into the system '),
(1491, 62, '2015-01-13 03:55:43', 'Update a preliminary job card task (70) into the system'),
(1492, 62, '2015-01-13 04:05:32', 'Signed out of the system'),
(1493, 64, '2015-01-13 20:37:58', 'Logged Into the system'),
(1494, 64, '2015-01-13 20:38:45', 'Signed out of the system'),
(1495, 62, '2015-01-13 20:39:29', 'Logged Into the system'),
(1496, 62, '2015-01-13 20:40:27', 'Signed out of the system'),
(1497, 64, '2015-01-13 20:40:35', 'Logged Into the system'),
(1498, 64, '2015-01-13 21:35:17', 'Signed out of the system'),
(1499, 19, '2015-01-13 21:35:29', 'Logged Into the system'),
(1500, 19, '2015-01-13 21:49:00', 'Signed out of the system'),
(1501, 62, '2015-01-13 21:53:18', 'Logged Into the system'),
(1502, 62, '2015-01-13 21:53:55', 'Added a booking for Long term view capital ltd of vehicle KBV 599Z into the system'),
(1503, 62, '2015-01-13 21:57:46', 'Signed out of the system'),
(1504, 66, '2015-01-13 22:31:49', 'Logged Into the system'),
(1505, 66, '2015-01-13 22:32:02', 'Clocked in a job card no 42 into the system '),
(1506, 66, '2015-01-13 22:48:11', 'Stopped a task in a job card no 42 into the system '),
(1507, 66, '2015-01-14 00:08:35', 'Signed out of the system'),
(1508, 19, '2015-01-14 00:08:42', 'Logged Into the system'),
(1509, 19, '2015-01-14 00:59:24', 'Logged Into the system'),
(1510, 19, '2015-01-14 01:00:01', 'Logged Into the system'),
(1511, 19, '2015-01-14 01:20:42', 'Logged Into the system'),
(1512, 19, '2015-01-14 01:45:02', 'Signed out of the system'),
(1513, 62, '2015-01-14 01:49:42', 'Logged Into the system'),
(1514, 62, '2015-01-14 02:01:36', 'Signed out of the system'),
(1515, 19, '2015-01-14 02:25:32', 'Logged Into the system'),
(1516, 19, '2015-01-14 02:28:55', 'Signed out of the system'),
(1517, 66, '2015-01-14 03:18:20', 'Logged Into the system'),
(1518, 66, '2015-01-14 03:20:38', 'Resumed a task in a job card no 42 into the system '),
(1519, 66, '2015-01-14 03:20:42', 'Signed out of the system'),
(1520, 69, '2015-01-14 03:25:14', 'Logged Into the system'),
(1521, 62, '2015-01-14 03:28:16', 'Logged Into the system'),
(1522, 62, '2015-01-14 03:28:42', 'Deleted Invoice Item from the system'),
(1523, 62, '2015-01-14 03:28:48', 'Deleted Invoice Item from the system'),
(1524, 62, '2015-01-14 03:28:52', 'Deleted Invoice Item from the system'),
(1525, 62, '2015-01-14 03:28:58', 'Deleted Invoice Item from the system'),
(1526, 62, '2015-01-14 03:32:50', 'Deleted Invoice Item from the system'),
(1527, 62, '2015-01-14 03:32:53', 'Deleted Invoice Item from the system'),
(1528, 62, '2015-01-14 03:32:57', 'Deleted Invoice Task from the system'),
(1529, 62, '2015-01-14 03:33:01', 'Deleted Invoice Item from the system'),
(1530, 62, '2015-01-14 03:33:07', 'Deleted Invoice Item from the system'),
(1531, 62, '2015-01-14 03:34:58', 'Added more invoice tasks (22) into the system'),
(1532, 62, '2015-01-14 03:36:14', 'Deleted Invoice Item from the system'),
(1533, 62, '2015-01-14 03:36:20', 'Deleted Invoice Item from the system'),
(1534, 62, '2015-01-14 03:36:31', 'Deleted Invoice Item from the system'),
(1535, 62, '2015-01-14 03:36:34', 'Deleted Invoice Item from the system'),
(1536, 62, '2015-01-14 03:38:13', 'Signed out of the system'),
(1537, 64, '2015-01-14 03:38:20', 'Logged Into the system'),
(1538, 64, '2015-01-14 03:40:10', 'Signed out of the system'),
(1539, 62, '2015-01-14 03:40:25', 'Logged Into the system'),
(1540, 62, '2015-01-14 03:49:50', 'Signed out of the system'),
(1541, 64, '2015-01-14 03:50:06', 'Logged Into the system'),
(1542, 64, '2015-01-14 03:57:48', 'Signed out of the system'),
(1543, 62, '2015-01-14 03:58:12', 'Logged Into the system'),
(1544, 62, '2015-01-14 03:58:34', 'Added more job card tasks (67) into the system'),
(1545, 62, '2015-01-14 03:58:59', 'Signed out of the system'),
(1546, 63, '2015-01-14 03:59:12', 'Logged Into the system'),
(1547, 63, '2015-01-14 04:01:00', 'Clocked in a job card no 42 into the system '),
(1548, 63, '2015-01-14 04:01:24', 'Signed out of the system'),
(1549, 62, '2015-01-14 04:01:44', 'Logged Into the system'),
(1550, 62, '2015-01-14 04:04:25', 'Signed out of the system'),
(1551, 63, '2015-01-14 04:04:39', 'Logged Into the system'),
(1552, 63, '2015-01-14 04:04:51', 'Finished a task in job card no 42 into the system '),
(1553, 63, '2015-01-14 04:04:58', 'Signed out of the system'),
(1554, 68, '2015-01-14 04:04:59', 'Logged Into the system'),
(1555, 62, '2015-01-14 04:05:11', 'Logged Into the system'),
(1556, 62, '2015-01-14 04:08:59', 'Signed out of the system'),
(1557, 66, '2015-01-14 04:09:45', 'Logged Into the system'),
(1558, 66, '2015-01-14 04:10:29', 'Finished a task in job card no 42 into the system '),
(1559, 66, '2015-01-14 04:10:36', 'Signed out of the system'),
(1560, 19, '2015-01-14 04:11:55', 'Logged Into the system'),
(1561, 68, '2015-01-14 04:18:55', 'Signed out of the system'),
(1562, 62, '2015-01-14 19:58:42', 'Logged Into the system'),
(1563, 69, '2015-01-14 20:12:51', 'Logged Into the system'),
(1564, 62, '2015-01-14 20:18:56', 'Logged Into the system'),
(1565, 65, '2015-01-14 20:32:13', 'Logged Into the system'),
(1566, 65, '2015-01-14 20:32:33', 'Signed out of the system'),
(1567, 62, '2015-01-14 20:32:48', 'Logged Into the system'),
(1568, 62, '2015-01-14 20:34:28', 'Added a booking for Patch Osodo of vehicle KAT 171K into the system'),
(1569, 62, '2015-01-14 20:35:58', 'Created an labour task drain and refill ATF oil into the system '),
(1570, 62, '2015-01-14 20:36:38', 'Created labour cost matrix into the system '),
(1571, 62, '2015-01-14 20:37:17', 'Update labour matrix details into the system'),
(1572, 62, '2015-01-14 20:37:52', 'Update a preliminary job card task (82) into the system'),
(1573, 62, '2015-01-14 20:44:43', 'Signed out of the system'),
(1574, 66, '2015-01-14 20:45:32', 'Logged Into the system'),
(1575, 66, '2015-01-14 20:46:01', 'Clocked in a job card no 43 into the system '),
(1576, 66, '2015-01-14 21:38:39', 'Stopped a task in a job card no 43 into the system '),
(1577, 66, '2015-01-14 21:52:12', 'Signed out of the system'),
(1578, 62, '2015-01-14 21:52:32', 'Logged Into the system'),
(1579, 62, '2015-01-14 21:52:45', 'Signed out of the system'),
(1580, 64, '2015-01-14 21:52:59', 'Logged Into the system'),
(1581, 64, '2015-01-14 21:54:05', 'Signed out of the system'),
(1582, 64, '2015-01-14 21:59:25', 'Logged Into the system'),
(1583, 64, '2015-01-14 22:02:27', 'Created an item ATF MERC D2 into the system'),
(1584, 62, '2015-01-14 22:44:58', 'Logged Into the system'),
(1585, 62, '2015-01-14 22:45:51', 'Update labour matrix details into the system'),
(1586, 62, '2015-01-14 22:45:55', 'Signed out of the system'),
(1587, 66, '2015-01-14 22:46:05', 'Logged Into the system'),
(1588, 66, '2015-01-14 22:46:10', 'Resumed a task in a job card no 43 into the system '),
(1589, 66, '2015-01-14 22:46:14', 'Signed out of the system'),
(1590, 62, '2015-01-14 22:46:25', 'Logged Into the system'),
(1591, 62, '2015-01-14 22:48:39', 'Update a preliminary job card task (82) into the system'),
(1592, 62, '2015-01-14 22:49:10', 'Update labour matrix details into the system'),
(1593, 62, '2015-01-14 22:50:08', 'Update a preliminary job card task (82) into the system'),
(1594, 62, '2015-01-14 22:50:33', 'Signed out of the system'),
(1595, 66, '2015-01-14 22:50:42', 'Logged Into the system'),
(1596, 66, '2015-01-14 22:50:54', 'Finished a task in job card no 43 into the system '),
(1597, 66, '2015-01-14 22:51:01', 'Signed out of the system'),
(1598, 62, '2015-01-14 22:51:12', 'Logged Into the system'),
(1599, 69, '2015-01-14 22:57:56', 'Logged Into the system'),
(1600, 64, '2015-01-14 23:04:04', 'Logged Into the system'),
(1601, 62, '2015-01-14 23:04:46', 'Created an labour task diagnosis into the system '),
(1602, 62, '2015-01-14 23:04:59', 'Created an labour task defect report into the system '),
(1603, 62, '2015-01-14 23:06:37', 'Created labour cost matrix into the system '),
(1604, 62, '2015-01-14 23:06:52', 'Created labour cost matrix into the system '),
(1605, 64, '2015-01-14 23:10:12', 'Logged Into the system'),
(1606, 62, '2015-01-14 23:20:47', 'Signed out of the system'),
(1607, 62, '2015-01-14 23:21:02', 'Logged Into the system'),
(1608, 62, '2015-01-14 23:24:59', 'Added a booking for Joyce Nyanamba of vehicle KBN 144B into the system'),
(1609, 64, '2015-01-14 23:28:06', 'Created an item PATCHES No1 into the system'),
(1610, 62, '2015-01-14 23:29:07', 'Signed out of the system'),
(1611, 71, '2015-01-14 23:30:42', 'Logged Into the system'),
(1612, 64, '2015-01-14 23:30:50', 'Created an item PATCHES No2 into the system'),
(1613, 64, '2015-01-14 23:32:06', 'Created an item PATCHES No3 into the system'),
(1614, 71, '2015-01-14 23:32:23', 'Clocked in a job card no 44 into the system '),
(1615, 71, '2015-01-14 23:32:43', 'Signed out of the system'),
(1616, 64, '2015-01-14 23:37:51', 'Created an item CUP CLEANER into the system'),
(1617, 19, '2015-01-14 23:47:53', 'Logged Into the system'),
(1618, 64, '2015-01-14 23:51:39', 'Created an item DRIVE SHAFTBOOT into the system'),
(1619, 69, '2015-01-14 23:55:57', 'Logged Into the system'),
(1620, 69, '2015-01-14 23:57:53', 'Signed out of the system'),
(1621, 64, '2015-01-15 00:10:13', 'Created an item SOLUTION TINS 500GM into the system'),
(1622, 64, '2015-01-15 00:10:36', 'Updated a item SOLUTION TINS 500GM details'),
(1623, 64, '2015-01-15 00:10:39', 'Updated a item SOLUTION TINS 500GM details'),
(1624, 64, '2015-01-15 00:11:53', 'Created an item CFC CEMENT FREE into the system'),
(1625, 64, '2015-01-15 00:13:53', 'Created an item GATEX TUBELESS STRINGS into the system'),
(1626, 64, '2015-01-15 00:15:44', 'Created an item INSERTING TOOL4IN 1 into the system'),
(1627, 64, '2015-01-15 00:16:31', 'Created an item VALVE KEY into the system'),
(1628, 64, '2015-01-15 00:17:49', 'Created an item POP RIVERTS into the system'),
(1629, 0, '2015-01-15 00:18:37', 'Signed out of the system'),
(1630, 62, '2015-01-15 00:18:53', 'Logged Into the system'),
(1631, 62, '2015-01-15 00:21:40', 'Signed out of the system'),
(1632, 19, '2015-01-15 00:21:49', 'Logged Into the system'),
(1633, 19, '2015-01-15 00:34:02', 'Signed out of the system'),
(1634, 62, '2015-01-15 00:34:13', 'Logged Into the system'),
(1635, 64, '2015-01-15 00:34:41', 'Updated a item O ring Kit  details'),
(1636, 62, '2015-01-15 00:35:03', 'Added a booking for  Mr. Beutah Maroko of vehicle KBN 814J into the system'),
(1637, 64, '2015-01-15 00:35:08', 'Updated a item O ring Kit  details'),
(1638, 64, '2015-01-15 00:35:14', 'Updated a item O ring Kit  details'),
(1639, 62, '2015-01-15 00:38:26', 'Created an labour task dust boot replacement into the system '),
(1640, 64, '2015-01-15 00:38:39', 'Updated a item DUST SHAFTBOOT details'),
(1641, 64, '2015-01-15 00:39:02', 'Update a requisition parts details into the system'),
(1642, 62, '2015-01-15 00:41:03', 'Created labour cost matrix into the system '),
(1643, 62, '2015-01-15 00:41:56', 'Update a preliminary job card task (85) into the system'),
(1644, 62, '2015-01-15 00:42:07', 'Deleted Job Card Task from the system'),
(1645, 62, '2015-01-15 00:42:20', 'Signed out of the system'),
(1646, 66, '2015-01-15 00:42:54', 'Logged Into the system'),
(1647, 66, '2015-01-15 00:43:30', 'Clocked in a job card no 45 into the system '),
(1648, 64, '2015-01-15 00:45:38', 'Created an item ALDATE RAPID into the system'),
(1649, 64, '2015-01-15 00:47:38', 'Created an item Oil filter remover into the system'),
(1650, 64, '2015-01-15 00:50:29', 'Created an item SILICONE GREY into the system'),
(1651, 64, '2015-01-15 00:51:25', 'Created an item SILICONE CLEAR SMALL into the system'),
(1652, 64, '2015-01-15 00:52:03', 'Updated a item SILICONE GREY SMALL details'),
(1653, 64, '2015-01-15 00:53:21', 'Updated a item INSULATING TAPE details'),
(1654, 64, '2015-01-15 00:53:36', 'Updated a item INSULATING TAPE details'),
(1655, 66, '2015-01-15 00:54:53', 'Signed out of the system'),
(1656, 62, '2015-01-15 00:55:16', 'Logged Into the system'),
(1657, 70, '2015-01-15 01:22:33', 'Logged Into the system'),
(1658, 70, '2015-01-15 01:27:45', 'Logged Into the system'),
(1659, 64, '2015-01-15 01:28:58', 'Update requisition details details into the system'),
(1660, 64, '2015-01-15 01:29:34', 'Update requisition details details into the system'),
(1661, 62, '2015-01-15 01:36:22', 'Signed out of the system'),
(1662, 62, '2015-01-15 01:36:35', 'Logged Into the system'),
(1663, 64, '2015-01-15 02:00:07', 'Signed out of the system'),
(1664, 63, '2015-01-15 02:01:02', 'Logged Into the system'),
(1665, 63, '2015-01-15 02:02:18', 'Signed out of the system'),
(1666, 19, '2015-01-15 02:02:28', 'Logged Into the system'),
(1667, 69, '2015-01-15 02:02:30', 'Logged Into the system'),
(1668, 19, '2015-01-15 02:04:00', 'Signed out of the system'),
(1669, 19, '2015-01-15 02:05:00', 'Logged Into the system'),
(1670, 19, '2015-01-15 02:05:11', 'Signed out of the system'),
(1671, 19, '2015-01-15 02:05:59', 'Logged Into the system'),
(1672, 19, '2015-01-15 02:06:25', 'Signed out of the system'),
(1673, 71, '2015-01-15 02:06:37', 'Logged Into the system'),
(1674, 71, '2015-01-15 02:07:20', 'Finished a task in job card no 44 into the system '),
(1675, 71, '2015-01-15 02:07:28', 'Signed out of the system'),
(1676, 62, '2015-01-15 02:07:41', 'Logged Into the system'),
(1677, 62, '2015-01-15 02:09:20', 'Signed out of the system'),
(1678, 64, '2015-01-15 02:09:28', 'Logged Into the system'),
(1679, 64, '2015-01-15 02:09:54', 'Signed out of the system'),
(1680, 62, '2015-01-15 02:10:07', 'Logged Into the system'),
(1681, 62, '2015-01-15 02:14:38', 'Deleted Invoice Task from the system'),
(1682, 62, '2015-01-15 02:15:53', 'Signed out of the system'),
(1683, 64, '2015-01-15 02:16:01', 'Logged Into the system'),
(1684, 64, '2015-01-15 02:16:30', 'Update requisition details details into the system'),
(1685, 64, '2015-01-15 02:17:36', 'Signed out of the system'),
(1686, 62, '2015-01-15 02:17:46', 'Logged Into the system'),
(1687, 62, '2015-01-15 02:18:39', 'Added a booking for Joyce Nyanamba of vehicle KBN 144B into the system'),
(1688, 62, '2015-01-15 02:19:43', 'Signed out of the system'),
(1689, 64, '2015-01-15 02:19:51', 'Logged Into the system'),
(1690, 64, '2015-01-15 02:20:40', 'Signed out of the system'),
(1691, 19, '2015-01-15 02:20:47', 'Logged Into the system'),
(1692, 19, '2015-01-15 02:20:59', 'Clocked in a job card no 46 into the system '),
(1693, 19, '2015-01-15 02:21:17', 'Finished a task in job card no 46 into the system '),
(1694, 19, '2015-01-15 02:23:43', 'Created an labour task Cleaned The Body into the system '),
(1695, 63, '2015-01-15 02:24:35', 'Logged Into the system'),
(1696, 19, '2015-01-15 02:24:38', 'Created labour cost matrix into the system '),
(1697, 19, '2015-01-15 02:24:54', 'Added more invoice tasks (86) into the system'),
(1698, 63, '2015-01-15 02:24:55', 'Signed out of the system'),
(1699, 62, '2015-01-15 02:25:10', 'Logged Into the system'),
(1700, 19, '2015-01-15 02:25:45', 'Update labour matrix details into the system'),
(1701, 19, '2015-01-15 02:26:33', 'Update a invoice task (86) into the system'),
(1702, 19, '2015-01-15 02:31:09', 'Update labour task cleared throtle body details into the system '),
(1703, 19, '2015-01-15 02:32:10', 'Added a booking for Joyce Nyanamba of vehicle KBN 144B into the system'),
(1704, 19, '2015-01-15 02:34:32', 'Created an item SHOCK ABRSOBERS into the system'),
(1705, 19, '2015-01-15 02:35:15', 'Created an item STABILIZER LINKS into the system'),
(1706, 19, '2015-01-15 02:36:01', 'Created an item FRONT ARM BUSHES into the system'),
(1707, 67, '2015-01-15 02:37:06', 'Logged Into the system'),
(1708, 67, '2015-01-15 02:37:32', 'Changed his/her own password'),
(1709, 67, '2015-01-15 02:37:40', 'Signed out of the system'),
(1710, 19, '2015-01-15 02:38:29', 'Created an item ENGINE CRANG SHATF SENSOR into the system'),
(1711, 19, '2015-01-15 02:38:51', 'Added a booking for Joyce Nyanamba of vehicle KBN 144B into the system'),
(1712, 19, '2015-01-15 02:42:24', 'Update a quotation parts details into the system'),
(1713, 19, '2015-01-15 02:46:59', 'Added more job card parts details into the system'),
(1714, 19, '2015-01-15 02:47:40', 'Update a quotation parts details into the system'),
(1715, 19, '2015-01-15 02:48:26', 'Update a quotation parts details into the system'),
(1716, 19, '2015-01-15 02:48:46', 'Update a quotation parts details into the system'),
(1717, 19, '2015-01-15 02:50:01', 'Update a quotation parts details into the system'),
(1718, 64, '2015-01-15 03:06:58', 'Logged Into the system'),
(1719, 67, '2015-01-15 03:16:34', 'Logged Into the system'),
(1720, 67, '2015-01-15 03:16:42', 'Signed out of the system'),
(1721, 64, '2015-01-15 03:35:20', 'Signed out of the system'),
(1722, 19, '2015-01-15 03:35:31', 'Logged Into the system'),
(1723, 62, '2015-01-15 03:35:41', 'Logged Into the system'),
(1724, 62, '2015-01-15 03:36:52', 'Added a booking for Long term view capital ltd of vehicle KBV 599Z into the system'),
(1725, 62, '2015-01-15 03:40:47', 'Signed out of the system'),
(1726, 63, '2015-01-15 03:41:03', 'Logged Into the system'),
(1727, 63, '2015-01-15 03:42:08', 'Clocked in a job card no 47 into the system '),
(1728, 63, '2015-01-15 03:42:25', 'Finished a task in job card no 29 into the system '),
(1729, 63, '2015-01-15 03:42:32', 'Signed out of the system'),
(1730, 62, '2015-01-15 03:43:18', 'Logged Into the system'),
(1731, 62, '2015-01-15 03:54:49', 'Signed out of the system'),
(1732, 64, '2015-01-15 03:54:58', 'Logged Into the system'),
(1733, 62, '2015-01-15 03:55:16', 'Logged Into the system'),
(1734, 19, '2015-01-15 04:03:10', 'Logged Into the system'),
(1735, 19, '2015-01-15 04:06:12', 'Signed out of the system'),
(1736, 19, '2015-01-15 04:06:43', 'Logged Into the system'),
(1737, 64, '2015-01-15 19:00:58', 'Logged Into the system'),
(1738, 69, '2015-01-15 19:03:31', 'Logged Into the system'),
(1739, 69, '2015-01-15 19:14:17', 'Logged Into the system'),
(1740, 62, '2015-01-15 19:35:09', 'Logged Into the system'),
(1741, 62, '2015-01-15 19:36:08', 'Added a booking for Team Fergie Transporters Ltd of vehicle KBY 756G into the system'),
(1742, 62, '2015-01-15 19:38:47', 'Created an labour task replace quatre  set brake linings into the system '),
(1743, 62, '2015-01-15 19:39:21', 'Created an labour task replace half set brake linings into the system '),
(1744, 62, '2015-01-15 19:39:56', 'Created an labour task replace 1 set brake linings into the system '),
(1745, 62, '2015-01-15 19:40:13', 'Created an labour task replace 2 sets brake linings into the system '),
(1746, 62, '2015-01-15 19:42:01', 'Created labour cost matrix into the system '),
(1747, 62, '2015-01-15 19:42:33', 'Created labour cost matrix into the system '),
(1748, 62, '2015-01-15 19:43:13', 'Created labour cost matrix into the system '),
(1749, 62, '2015-01-15 19:43:30', 'Created labour cost matrix into the system '),
(1750, 62, '2015-01-15 19:44:29', 'Update a preliminary job card task (87) into the system'),
(1751, 62, '2015-01-15 19:46:03', 'Signed out of the system'),
(1752, 66, '2015-01-15 19:46:51', 'Logged Into the system'),
(1753, 66, '2015-01-15 19:47:22', 'Clocked in a job card no 48 into the system '),
(1754, 66, '2015-01-15 19:47:54', 'Signed out of the system'),
(1755, 64, '2015-01-15 20:08:27', 'Logged Into the system'),
(1756, 64, '2015-01-15 20:17:08', 'Updated a item Brake  liningNQR 1/4set details'),
(1757, 64, '2015-01-15 20:17:11', 'Updated a item Brake  liningNQR 1/4set details'),
(1758, 64, '2015-01-15 20:17:16', 'Updated a item Brake  liningNQR 1/4set details'),
(1759, 64, '2015-01-15 20:17:46', 'Added more requisition parts details into the system'),
(1760, 64, '2015-01-15 20:21:16', 'Created an item Break rubber into the system'),
(1761, 69, '2015-01-15 20:27:54', 'Logged Into the system'),
(1762, 64, '2015-01-15 20:30:20', 'Updated a item Brake  liningNQR 1/4set details'),
(1763, 64, '2015-01-15 20:30:22', 'Updated a item Brake  liningNQR 1/4set details'),
(1764, 64, '2015-01-15 20:30:26', 'Signed out of the system'),
(1765, 66, '2015-01-15 20:30:39', 'Logged Into the system'),
(1766, 66, '2015-01-15 20:30:55', 'Finished a task in job card no 48 into the system '),
(1767, 66, '2015-01-15 20:30:59', 'Signed out of the system'),
(1768, 62, '2015-01-15 20:31:12', 'Logged Into the system'),
(1769, 62, '2015-01-15 21:19:56', 'Updated a item Brake  lining(BL4 ISUZUVL.310.1) details'),
(1770, 62, '2015-01-15 21:36:24', 'Signed out of the system'),
(1771, 69, '2015-01-15 21:59:44', 'Logged Into the system'),
(1772, 62, '2015-01-15 22:19:58', 'Logged Into the system'),
(1773, 62, '2015-01-15 22:20:58', 'Added a booking for Engen petrol station of vehicle KAK 574K into the system'),
(1774, 62, '2015-01-15 22:21:48', 'Signed out of the system'),
(1775, 63, '2015-01-15 22:22:04', 'Logged Into the system'),
(1776, 63, '2015-01-15 22:23:06', 'Clocked in a job card no 49 into the system '),
(1777, 63, '2015-01-15 22:23:16', 'Finished a task in job card no 47 into the system '),
(1778, 63, '2015-01-15 22:23:31', 'Signed out of the system'),
(1779, 62, '2015-01-15 22:35:56', 'Logged Into the system'),
(1780, 62, '2015-01-15 22:40:16', 'Added a booking for Wamahiu of vehicle KAK 574K into the system'),
(1781, 62, '2015-01-15 22:41:03', 'Created an labour task Cleaning fuel tank into the system '),
(1782, 62, '2015-01-15 22:44:25', 'Created labour cost matrix into the system '),
(1783, 62, '2015-01-15 22:44:44', 'Update labour matrix details into the system'),
(1784, 69, '2015-01-15 22:53:37', 'Signed out of the system'),
(1785, 62, '2015-01-15 23:14:19', 'Added more job card tasks (22) into the system'),
(1786, 64, '2015-01-16 00:09:54', 'Updated a item head light bulb h4 24v details'),
(1787, 64, '2015-01-16 00:10:19', 'Updated a item head light bulb h4 24v details'),
(1788, 64, '2015-01-16 00:23:02', 'Created an item Rear inner seal into the system'),
(1789, 64, '2015-01-16 00:23:33', 'Created an item Rear outer seal into the system'),
(1790, 64, '2015-01-16 00:31:36', 'Created an item Tempareture guage  into the system'),
(1791, 64, '2015-01-16 01:07:41', 'Logged Into the system'),
(1792, 64, '2015-01-16 01:08:13', 'Signed out of the system'),
(1793, 69, '2015-01-16 01:17:12', 'Logged Into the system'),
(1794, 19, '2015-01-16 02:02:37', 'Logged Into the system'),
(1795, 62, '2015-01-16 02:36:30', 'Logged Into the system'),
(1796, 62, '2015-01-16 02:37:21', 'Created an labour task battery replacement into the system '),
(1797, 62, '2015-01-16 02:37:45', 'Created labour cost matrix into the system '),
(1798, 62, '2015-01-16 02:38:08', 'Added a booking for Team Fergie Transporters Ltd of vehicle KBL 145L into the system'),
(1799, 62, '2015-01-16 02:47:13', 'Created an labour task replace fuel pump into the system '),
(1800, 62, '2015-01-16 02:47:41', 'Created labour cost matrix into the system '),
(1801, 19, '2015-01-16 02:53:56', 'Logged Into the system'),
(1802, 19, '2015-01-16 03:00:56', 'Signed out of the system'),
(1803, 70, '2015-01-16 03:22:13', 'Logged Into the system'),
(1804, 67, '2015-01-16 03:58:13', 'Logged Into the system'),
(1805, 67, '2015-01-16 03:59:01', 'Signed out of the system'),
(1806, 62, '2015-01-16 20:08:20', 'Logged Into the system'),
(1807, 62, '2015-01-16 20:08:53', 'Signed out of the system'),
(1808, 64, '2015-01-16 20:36:10', 'Logged Into the system'),
(1809, 62, '2015-01-16 20:53:37', 'Logged Into the system'),
(1810, 62, '2015-01-16 20:56:05', 'Created a customer Alice Waweru into the system'),
(1811, 62, '2015-01-16 20:59:23', 'Signed out of the system'),
(1812, 67, '2015-01-16 21:20:07', 'Logged Into the system'),
(1813, 69, '2015-01-16 21:21:26', 'Logged Into the system'),
(1814, 62, '2015-01-16 21:33:37', 'Logged Into the system'),
(1815, 62, '2015-01-16 21:36:12', 'Signed out of the system'),
(1816, 67, '2015-01-16 21:42:16', 'Signed out of the system'),
(1817, 69, '2015-01-16 21:42:40', 'Logged Into the system'),
(1818, 69, '2015-01-16 21:43:53', 'Signed out of the system'),
(1819, 67, '2015-01-16 21:44:07', 'Logged Into the system'),
(1820, 69, '2015-01-16 21:49:58', 'Signed out of the system'),
(1821, 69, '2015-01-16 21:50:06', 'Logged Into the system'),
(1822, 67, '2015-01-16 21:53:30', 'Signed out of the system'),
(1823, 62, '2015-01-16 22:42:36', 'Logged Into the system'),
(1824, 62, '2015-01-16 23:05:00', 'Signed out of the system'),
(1825, 64, '2015-01-16 23:05:20', 'Logged Into the system'),
(1826, 64, '2015-01-16 23:14:23', 'Signed out of the system'),
(1827, 62, '2015-01-16 23:14:36', 'Logged Into the system'),
(1828, 68, '2015-01-16 23:21:27', 'Logged Into the system'),
(1829, 62, '2015-01-16 23:35:24', 'Signed out of the system'),
(1830, 64, '2015-01-16 23:35:38', 'Logged Into the system'),
(1831, 64, '2015-01-16 23:37:22', 'Signed out of the system'),
(1832, 62, '2015-01-16 23:37:34', 'Logged Into the system'),
(1833, 62, '2015-01-16 23:38:15', 'Update a invoice task (81) into the system'),
(1834, 62, '2015-01-16 23:42:31', 'Update a preliminary job card task (81) into the system'),
(1835, 62, '2015-01-16 23:43:29', 'Created labour cost matrix into the system '),
(1836, 62, '2015-01-16 23:43:58', 'Update labour matrix details into the system'),
(1837, 62, '2015-01-16 23:44:23', 'Update a preliminary job card task (81) into the system'),
(1838, 62, '2015-01-16 23:46:05', 'Deleted Job Card Task from the system'),
(1839, 62, '2015-01-16 23:46:32', 'Added more job card tasks (91) into the system'),
(1840, 67, '2015-01-17 00:01:53', 'Logged Into the system'),
(1841, 67, '2015-01-17 00:05:12', 'Signed out of the system'),
(1842, 62, '2015-01-17 01:01:43', 'Logged Into the system'),
(1843, 62, '2015-01-17 01:02:54', 'Added a booking for Dennis Mate of vehicle KBZ 774F into the system'),
(1844, 62, '2015-01-17 01:03:32', 'Signed out of the system'),
(1845, 63, '2015-01-17 01:04:12', 'Logged Into the system'),
(1846, 63, '2015-01-17 01:05:00', 'Clocked in a job card no 52 into the system '),
(1847, 63, '2015-01-17 01:08:50', 'Signed out of the system'),
(1848, 62, '2015-01-17 01:09:01', 'Logged Into the system'),
(1849, 0, '2015-01-17 01:09:57', 'Update a booking for Dennis Mate of vehicle KBZ 774F into the system'),
(1850, 62, '2015-01-17 01:10:20', 'Update a preliminary job card task (88) into the system'),
(1851, 62, '2015-01-17 01:11:18', 'Update labour matrix details into the system'),
(1852, 62, '2015-01-17 01:12:01', 'Update a preliminary job card task (88) into the system'),
(1853, 68, '2015-01-17 01:53:07', 'Logged Into the system'),
(1854, 62, '2015-01-17 01:53:31', 'Signed out of the system'),
(1855, 64, '2015-01-17 01:53:55', 'Logged Into the system'),
(1856, 64, '2015-01-17 01:56:45', 'Signed out of the system'),
(1857, 62, '2015-01-17 01:56:56', 'Logged Into the system'),
(1858, 62, '2015-01-17 01:58:43', 'Signed out of the system'),
(1859, 62, '2015-01-17 01:59:09', 'Logged Into the system'),
(1860, 67, '2015-01-17 02:05:00', 'Logged Into the system'),
(1861, 67, '2015-01-17 02:06:27', 'Signed out of the system'),
(1862, 68, '2015-01-17 02:08:06', 'Signed out of the system'),
(1863, 68, '2015-01-17 02:08:28', 'Logged Into the system'),
(1864, 62, '2015-01-17 02:12:46', 'Created an labour task propeller shaft labour into the system '),
(1865, 68, '2015-01-17 02:15:38', 'Update labour task Battery replacement details into the system '),
(1866, 68, '2015-01-17 02:16:28', 'Update labour task Battery terminal replacement details into the system '),
(1867, 68, '2015-01-17 02:16:35', 'Update labour task Battery terminal replacement details into the system '),
(1868, 68, '2015-01-17 02:17:05', 'Update labour task Battery Test details into the system '),
(1869, 68, '2015-01-17 02:18:25', 'Update labour task Brake Caliper Replacement Front details into the system '),
(1870, 68, '2015-01-17 02:19:01', 'Created an labour task Brake Caliper Replacement Rear into the system '),
(1871, 62, '2015-01-17 02:27:27', 'Added a booking for Njeru of vehicle KAX 764E into the system'),
(1872, 62, '2015-01-17 02:29:20', 'Signed out of the system'),
(1873, 64, '2015-01-17 02:29:32', 'Logged Into the system'),
(1874, 64, '2015-01-17 02:30:28', 'Signed out of the system'),
(1875, 62, '2015-01-17 02:30:40', 'Logged Into the system'),
(1876, 62, '2015-01-17 02:31:10', 'Signed out of the system'),
(1877, 64, '2015-01-17 02:31:22', 'Logged Into the system'),
(1878, 68, '2015-01-17 02:31:40', 'Update labour task Brake linning Replacement Front Isuzu NQR details into the system '),
(1879, 64, '2015-01-17 02:32:17', 'Signed out of the system'),
(1880, 62, '2015-01-17 02:32:27', 'Logged Into the system'),
(1881, 68, '2015-01-17 02:33:50', 'Update labour task Wheel cylinder Cupkit Front Isuzu NQR R/H/S details into the system '),
(1882, 68, '2015-01-17 02:34:59', 'Update labour task Wheel cylinder Cupkit Front Isuzu NQR R/H/S details into the system '),
(1883, 68, '2015-01-17 02:35:45', 'Update labour task Wheel cylinder Cupkit Front NQR one side details into the system '),
(1884, 68, '2015-01-17 02:36:46', 'Created an labour task Wheel cylinder Cupkit Isuzu NQR both sides into the system '),
(1885, 62, '2015-01-17 02:39:37', 'Signed out of the system'),
(1886, 63, '2015-01-17 02:40:02', 'Logged Into the system'),
(1887, 63, '2015-01-17 02:40:29', 'Stopped a task in a job card no 52 into the system '),
(1888, 63, '2015-01-17 02:40:38', 'Signed out of the system'),
(1889, 68, '2015-01-17 02:41:30', 'Update labour task Camshaft Gear Remove & Replace details into the system '),
(1890, 68, '2015-01-17 02:42:16', 'Update labour task Brakes adjustment Front details into the system '),
(1891, 68, '2015-01-17 02:42:38', 'Update labour task Brakes adjustment Rear details into the system '),
(1892, 62, '2015-01-17 02:43:23', 'Logged Into the system'),
(1893, 68, '2015-01-17 02:43:42', 'Created an labour task Brake Adjustment Front into the system '),
(1894, 62, '2015-01-17 02:44:04', 'Added a booking for Njuguna of vehicle KBZ 348B into the system'),
(1895, 68, '2015-01-17 02:44:24', 'Update labour task  Bonnet Cable adjustment details into the system '),
(1896, 68, '2015-01-17 02:45:16', 'Created an labour task Accelarator Cable Adjustment into the system '),
(1897, 62, '2015-01-17 02:49:17', 'Created engine range 1000 -1900 to 7000-9000 into the system '),
(1898, 62, '2015-01-17 02:50:18', 'Update engine range details into the system '),
(1899, 62, '2015-01-17 02:50:19', 'Update engine range details into the system '),
(1900, 62, '2015-01-17 02:51:00', 'Created labour cost matrix into the system '),
(1901, 62, '2015-01-17 02:51:49', 'Update labour matrix details into the system'),
(1902, 62, '2015-01-17 03:02:33', 'Logged Into the system'),
(1903, 62, '2015-01-17 03:03:48', 'Created labour cost matrix into the system '),
(1904, 62, '2015-01-17 03:04:04', 'Deleted labour cost matrix from the system'),
(1905, 62, '2015-01-17 03:04:32', 'Update labour matrix details into the system'),
(1906, 68, '2015-01-17 03:06:14', 'Logged Into the system'),
(1907, 68, '2015-01-17 03:07:11', 'Update labour task Clean throtle body details into the system '),
(1908, 68, '2015-01-17 03:07:37', 'Update labour task Clean fuel tank details into the system '),
(1909, 68, '2015-01-17 03:08:10', 'Update labour task Clutch adjustment details into the system '),
(1910, 68, '2015-01-17 03:08:54', 'Update labour task Cylinder Head Gasket Replacement details into the system '),
(1911, 68, '2015-01-17 03:09:22', 'Update labour task Defect Report details into the system '),
(1912, 68, '2015-01-17 03:10:03', 'Update labour task Diagnosis details into the system '),
(1913, 68, '2015-01-17 03:10:37', 'Update labour task Diesel filter replacement details into the system '),
(1914, 68, '2015-01-17 03:11:00', 'Created an labour task Clean Diesel Filter into the system '),
(1915, 68, '2015-01-17 03:12:20', 'Update labour task Distributor Cap Replacement details into the system '),
(1916, 0, '2015-01-17 03:12:30', 'Update a booking for Murimi of vehicle KAX 764E into the system'),
(1917, 62, '2015-01-17 03:12:37', 'Update a preliminary job card task (94) into the system'),
(1918, 68, '2015-01-17 03:13:12', 'Update labour task Draglink Replacement details into the system '),
(1919, 68, '2015-01-17 03:14:05', 'Update labour task Drain and refill ATF oil details into the system '),
(1920, 62, '2015-01-17 03:14:07', 'Added more job card tasks (67) into the system'),
(1921, 68, '2015-01-17 03:14:48', 'Update labour task Drain and refill ATF oil details into the system '),
(1922, 68, '2015-01-17 03:15:47', 'Update labour task Drain and refill engine oil details into the system '),
(1923, 68, '2015-01-17 03:16:59', 'Update labour task Drain & Refill  diesel Tank details into the system '),
(1924, 68, '2015-01-17 03:18:34', 'Update labour task Drive boot replacement  details into the system '),
(1925, 68, '2015-01-17 03:19:15', 'Update labour task Engine Remove & Refitt details into the system '),
(1926, 68, '2015-01-17 03:20:25', 'Update labour task Engine Mounting Replacement One side details into the system '),
(1927, 68, '2015-01-17 03:21:12', 'Created an labour task Engine mounting Replacement Both sides into the system '),
(1928, 68, '2015-01-17 03:21:43', 'Update labour task Engine Overhaul details into the system '),
(1929, 68, '2015-01-17 03:22:34', 'Update labour task Exhaust Manifold Gasket Replacement details into the system '),
(1930, 68, '2015-01-17 03:23:13', 'Created an labour task Exhaust  silencer Gasket Replacent into the system '),
(1931, 68, '2015-01-17 03:24:28', 'Update labour task Brake Disk skimming Front One side details into the system '),
(1932, 68, '2015-01-17 03:24:54', 'Created an labour task Brake Disk skimming Front Both sides into the system '),
(1933, 68, '2015-01-17 03:26:24', 'Update labour task Front crankshaft Oil  seal details into the system '),
(1934, 68, '2015-01-17 03:28:41', 'Update labour task Front oil seal isuzu details into the system '),
(1935, 68, '2015-01-17 03:31:47', 'Update labour task Front Hub Oil seal Isuzu details into the system '),
(1936, 68, '2015-01-17 03:34:51', 'Update labour task Greasing details into the system '),
(1937, 68, '2015-01-17 03:36:15', 'Update labour task Kingpin replacement Isuzu & Other Light Trucks details into the system '),
(1938, 68, '2015-01-17 03:40:02', 'Update labour task Sump Gasket Replacement details into the system '),
(1939, 64, '2015-01-17 03:41:28', 'Logged Into the system'),
(1940, 68, '2015-01-17 03:42:39', 'Update labour task Overheating Diagnosis details into the system '),
(1941, 68, '2015-01-17 03:43:49', 'Update labour task Partial Engine Assy Renmove & Refitt details into the system '),
(1942, 68, '2015-01-17 03:44:13', 'Update labour task Partial Engine Assy Remove & Refitt details into the system '),
(1943, 68, '2015-01-17 03:45:18', 'Update labour task Propeller shaft Bolts Replacement details into the system '),
(1944, 68, '2015-01-17 03:46:16', 'Update labour task Puncture repair Tubeless Tire details into the system '),
(1945, 64, '2015-01-17 03:46:55', 'Updated a item Rear Wheel inner1-03434659-0 details'),
(1946, 64, '2015-01-17 03:46:57', 'Updated a item Rear Wheel inner1-03434659-0 details'),
(1947, 68, '2015-01-17 03:47:01', 'Created an labour task Puncture Repair Patche into the system '),
(1948, 68, '2015-01-17 03:48:02', 'Update labour task Radiator Expansion Tank assy details into the system '),
(1949, 64, '2015-01-17 03:48:22', 'Updated a item Rear Wheel outer 4.3 8-89448094-0 details'),
(1950, 68, '2015-01-17 03:48:54', 'Update labour task Radio Repair details into the system '),
(1951, 68, '2015-01-17 03:49:55', 'Update labour task Rear  Hub oil seal Isuzu & Other Light Trucks details into the system '),
(1952, 64, '2015-01-17 03:50:48', 'Updated a item Rear inner seal 4.3 1-03434659-0 details'),
(1953, 64, '2015-01-17 03:50:50', 'Updated a item Rear inner seal 4.3 1-03434659-0 details'),
(1954, 68, '2015-01-17 03:50:51', 'Created an labour task Rear Hub Oil Seal Isuzu & Other Light Trucks both sides into the system '),
(1955, 68, '2015-01-17 03:53:19', 'Update labour task Rear Wheel Cylinder Cupkit Isuzu & Others details into the system '),
(1956, 68, '2015-01-17 03:54:05', 'Created an labour task Rear Wheel Cylinder Cupkit Isuzu & Others Both sides into the system '),
(1957, 62, '2015-01-17 03:55:16', 'Logged Into the system'),
(1958, 68, '2015-01-17 03:55:21', 'Update labour task Headlight Repairs details into the system '),
(1959, 62, '2015-01-17 03:55:23', 'Signed out of the system'),
(1960, 63, '2015-01-17 03:55:43', 'Logged Into the system'),
(1961, 63, '2015-01-17 03:55:57', 'Resumed a task in a job card no 52 into the system '),
(1962, 63, '2015-01-17 03:56:08', 'Signed out of the system'),
(1963, 62, '2015-01-17 03:56:19', 'Logged Into the system'),
(1964, 68, '2015-01-17 03:57:01', 'Update labour task Repair exhaust gasket details into the system '),
(1965, 64, '2015-01-17 04:01:02', 'Updated a item Front inner seal 8-942481171-0 details'),
(1966, 64, '2015-01-17 04:01:04', 'Updated a item Front inner seal 8-942481171-0 details'),
(1967, 64, '2015-01-17 04:02:18', 'Updated a item Front inner Bearing  8-942481171-0 details'),
(1968, 64, '2015-01-17 04:03:14', 'deleted an item from the system'),
(1969, 64, '2015-01-17 04:05:37', 'Updated a item Front inner Bearing  32207 details'),
(1970, 64, '2015-01-17 04:07:27', 'Updated a item Rear outer seal32213 details'),
(1971, 64, '2015-01-17 04:08:03', 'Updated a item Rear outer seal32213 details'),
(1972, 64, '2015-01-17 04:08:28', 'deleted an item from the system'),
(1973, 64, '2015-01-17 04:09:28', 'Updated a item Front real inner 8-942481171-0 details'),
(1974, 64, '2015-01-17 04:09:34', 'Updated a item Front rear inner 8-942481171-0 details'),
(1975, 62, '2015-01-17 04:39:46', 'Signed out of the system'),
(1976, 63, '2015-01-17 04:40:03', 'Logged Into the system'),
(1977, 63, '2015-01-17 04:40:57', 'Finished a task in job card no 52 into the system ');
INSERT INTO `audit_trails` (`audit_id`, `user_id`, `date_of_event`, `action`) VALUES
(1978, 63, '2015-01-17 04:41:02', 'Signed out of the system'),
(1979, 62, '2015-01-17 04:41:16', 'Logged Into the system'),
(1980, 62, '2015-01-17 04:47:32', 'Logged Into the system'),
(1981, 62, '2015-01-17 04:48:23', 'Created an labour task hand brake adjustment into the system '),
(1982, 62, '2015-01-17 04:48:42', 'Created an labour task lights repair into the system '),
(1983, 62, '2015-01-17 04:48:55', 'Signed out of the system'),
(1984, 64, '2015-01-17 19:16:53', 'Logged Into the system'),
(1985, 64, '2015-01-17 19:18:50', 'deleted an item from the system'),
(1986, 64, '2015-01-17 19:19:56', 'Updated a item Frontiouter Bearing  8-942481171-0 details'),
(1987, 64, '2015-01-17 19:20:05', 'Updated a item Front outer Bearing  8-942481171-0 details'),
(1988, 68, '2015-01-17 19:45:44', 'Logged Into the system'),
(1989, 64, '2015-01-17 19:46:20', 'Updated a item Rear outer bearing28680/22 details'),
(1990, 64, '2015-01-17 19:47:21', 'Updated a item Front inner Bearing  32210j details'),
(1991, 68, '2015-01-17 19:48:19', 'Update labour task Replace exhaust gasket details into the system '),
(1992, 64, '2015-01-17 19:49:08', 'Updated a item Front inner seal 8-942481171-0  details'),
(1993, 68, '2015-01-17 19:49:31', 'Update labour task Replace fanbelt details into the system '),
(1994, 64, '2015-01-17 19:49:53', 'Updated a item Front outer Bearing  32207jr details'),
(1995, 68, '2015-01-17 19:49:56', 'Update labour task Repair suspension system details into the system '),
(1996, 68, '2015-01-17 19:50:33', 'Update labour task Replace 1 set brake linings details into the system '),
(1997, 68, '2015-01-17 19:50:55', 'Update labour task Replace 2 sets brake linings details into the system '),
(1998, 64, '2015-01-17 19:51:49', 'Created an item rear inner bearing 32213 into the system'),
(1999, 68, '2015-01-17 19:53:12', 'Update labour task Replace brake linings details into the system '),
(2000, 68, '2015-01-17 19:53:37', 'Deleted labour task from the system '),
(2001, 68, '2015-01-17 19:54:31', 'Update labour task Replace fuel pump details into the system '),
(2002, 68, '2015-01-17 19:54:47', 'Deleted labour task from the system '),
(2003, 68, '2015-01-17 19:55:00', 'Deleted labour task from the system '),
(2004, 68, '2015-01-17 19:55:40', 'Update labour task Replace Interior lights details into the system '),
(2005, 68, '2015-01-17 19:56:05', 'Update labour task Replace spark plugs details into the system '),
(2006, 68, '2015-01-17 19:57:42', 'Deleted labour task from the system '),
(2007, 68, '2015-01-17 19:58:48', 'Update labour task Engine Short Block Remove & Refitt details into the system '),
(2008, 68, '2015-01-17 20:00:58', 'Update labour task Engine Short Block Remove & Refitt details into the system '),
(2009, 68, '2015-01-17 20:03:48', 'Update labour task Replace side mirror  details into the system '),
(2010, 62, '2015-01-17 20:04:49', 'Logged Into the system'),
(2011, 68, '2015-01-17 20:04:49', 'Update labour task Rectify Snake lights Matatu details into the system '),
(2012, 68, '2015-01-17 20:05:35', 'Update labour task Stater Brush Holder Assy details into the system '),
(2013, 62, '2015-01-17 20:05:46', 'Added a booking for Team Fergie Transporters Ltd of vehicle KBV 079P into the system'),
(2014, 68, '2015-01-17 20:06:22', 'Update labour task Timimg Belt Replacement details into the system '),
(2015, 62, '2015-01-17 20:06:49', 'Signed out of the system'),
(2016, 68, '2015-01-17 20:07:11', 'Update labour task Turbo Charger Replacement details into the system '),
(2017, 66, '2015-01-17 20:07:17', 'Logged Into the system'),
(2018, 66, '2015-01-17 20:07:40', 'Clocked in a job card no 55 into the system '),
(2019, 68, '2015-01-17 20:07:54', 'Update labour task Water Pump Replacement details into the system '),
(2020, 66, '2015-01-17 20:07:56', 'Finished a task in job card no 45 into the system '),
(2021, 66, '2015-01-17 20:07:58', 'Signed out of the system'),
(2022, 68, '2015-01-17 20:08:17', 'Update labour task Wheel studs replacement details into the system '),
(2023, 68, '2015-01-17 20:09:22', 'Update labour task Wiper Blade Replacement details into the system '),
(2024, 68, '2015-01-17 20:10:52', 'Created an labour task Replace Front Inner wheel Brgs into the system '),
(2025, 68, '2015-01-17 20:11:13', 'Created an labour task Replace Outer Front Wheel Brgs into the system '),
(2026, 68, '2015-01-17 20:11:55', 'Created an labour task Replace Rear Inner wheel Brgs into the system '),
(2027, 68, '2015-01-17 20:12:21', 'Created an labour task Replace Rear Outer Wheel Brgs into the system '),
(2028, 68, '2015-01-17 20:12:53', 'Created an labour task Replace Seat Belts Matatu into the system '),
(2029, 68, '2015-01-17 20:13:46', 'Created an labour task Replace Rear Diff Oil seal into the system '),
(2030, 68, '2015-01-17 20:14:04', 'Created an labour task Replace Rear Diff Gasket into the system '),
(2031, 64, '2015-01-17 20:18:48', 'Created an item Front inner Bearing  32210j1-08 into the system'),
(2032, 62, '2015-01-17 20:19:25', 'Logged Into the system'),
(2033, 64, '2015-01-17 20:20:02', 'Updated a item rear inner bearing 30213l1-06 details'),
(2034, 64, '2015-01-17 20:21:07', 'Updated a item Rear outer bearing28680/22102 details'),
(2035, 62, '2015-01-17 20:29:32', 'Update labour matrix details into the system'),
(2036, 62, '2015-01-17 20:29:42', 'Signed out of the system'),
(2037, 68, '2015-01-17 20:29:57', 'Logged Into the system'),
(2038, 68, '2015-01-17 20:33:48', 'Signed out of the system'),
(2039, 68, '2015-01-17 20:35:15', 'Created labour cost matrix into the system '),
(2040, 62, '2015-01-17 20:39:29', 'Logged Into the system'),
(2041, 62, '2015-01-17 20:40:14', 'Signed out of the system'),
(2042, 62, '2015-01-17 20:40:26', 'Logged Into the system'),
(2043, 62, '2015-01-17 20:41:06', 'Created an labour task Tubeless puncture repair into the system '),
(2044, 62, '2015-01-17 20:41:36', 'Created an labour task Tubeless patch repair into the system '),
(2045, 62, '2015-01-17 20:42:42', 'Created labour cost matrix into the system '),
(2046, 62, '2015-01-17 20:43:23', 'Created labour cost matrix into the system '),
(2047, 62, '2015-01-17 20:44:27', 'Deleted labour cost matrix from the system'),
(2048, 62, '2015-01-17 20:49:16', 'Added a booking for Alice Waweru of vehicle KBY 094U into the system'),
(2049, 62, '2015-01-17 20:49:57', 'Update a preliminary job card task (48) into the system'),
(2050, 62, '2015-01-17 20:50:33', 'Created labour cost matrix into the system '),
(2051, 62, '2015-01-17 20:50:46', 'Update a preliminary job card task (48) into the system'),
(2052, 62, '2015-01-17 20:51:44', 'Update labour matrix details into the system'),
(2053, 62, '2015-01-17 20:52:13', 'Update a preliminary job card task (48) into the system'),
(2054, 62, '2015-01-17 20:52:45', 'Update labour matrix details into the system'),
(2055, 62, '2015-01-17 20:53:18', 'Update labour matrix details into the system'),
(2056, 62, '2015-01-17 20:53:46', 'Update a preliminary job card task (48) into the system'),
(2057, 62, '2015-01-17 20:54:33', 'Update labour matrix details into the system'),
(2058, 62, '2015-01-17 20:54:43', 'Update a preliminary job card task (48) into the system'),
(2059, 0, '2015-01-17 20:56:17', 'Update a booking for Alice Waweru of vehicle KBY 094U into the system'),
(2060, 62, '2015-01-17 20:57:52', 'Added a booking for Mr./Mrs of vehicle KAK 450D into the system'),
(2061, 62, '2015-01-17 21:01:42', 'Deleted labour task from the system '),
(2062, 62, '2015-01-17 21:04:11', 'Created labour cost matrix into the system '),
(2063, 62, '2015-01-17 21:04:52', 'Created labour cost matrix into the system '),
(2064, 62, '2015-01-17 21:05:04', 'Created labour cost matrix into the system '),
(2065, 62, '2015-01-17 21:05:18', 'Created labour cost matrix into the system '),
(2066, 62, '2015-01-17 21:05:38', 'Update labour matrix details into the system'),
(2067, 62, '2015-01-17 21:06:06', 'Created labour cost matrix into the system '),
(2068, 62, '2015-01-17 21:06:18', 'Created labour cost matrix into the system '),
(2069, 62, '2015-01-17 21:06:57', 'Created labour cost matrix into the system '),
(2070, 62, '2015-01-17 21:07:18', 'Update labour matrix details into the system'),
(2071, 62, '2015-01-17 21:07:32', 'Update labour matrix details into the system'),
(2072, 62, '2015-01-17 21:07:44', 'Update labour matrix details into the system'),
(2073, 62, '2015-01-17 21:08:21', 'Update labour matrix details into the system'),
(2074, 62, '2015-01-17 21:08:36', 'Update labour matrix details into the system'),
(2075, 62, '2015-01-17 21:08:59', 'Update labour matrix details into the system'),
(2076, 62, '2015-01-17 21:09:25', 'Update labour matrix details into the system'),
(2077, 62, '2015-01-17 21:09:52', 'Update labour matrix details into the system'),
(2078, 62, '2015-01-17 21:10:07', 'Update labour matrix details into the system'),
(2079, 62, '2015-01-17 21:10:35', 'Created labour cost matrix into the system '),
(2080, 62, '2015-01-17 21:11:03', 'Update labour matrix details into the system'),
(2081, 62, '2015-01-17 21:11:20', 'Update labour matrix details into the system'),
(2082, 62, '2015-01-17 21:11:32', 'Update labour matrix details into the system'),
(2083, 62, '2015-01-17 21:11:46', 'Created labour cost matrix into the system '),
(2084, 62, '2015-01-17 21:12:11', 'Update labour matrix details into the system'),
(2085, 62, '2015-01-17 21:12:24', 'Update labour matrix details into the system'),
(2086, 62, '2015-01-17 21:12:37', 'Update labour matrix details into the system'),
(2087, 62, '2015-01-17 21:13:03', 'Created labour cost matrix into the system '),
(2088, 62, '2015-01-17 21:14:43', 'Created labour cost matrix into the system '),
(2089, 62, '2015-01-17 21:14:46', 'Signed out of the system'),
(2090, 62, '2015-01-17 21:15:02', 'Logged Into the system'),
(2091, 62, '2015-01-17 21:15:29', 'Created labour cost matrix into the system '),
(2092, 62, '2015-01-17 21:16:25', 'Created labour cost matrix into the system '),
(2093, 62, '2015-01-17 21:16:49', 'Update labour matrix details into the system'),
(2094, 64, '2015-01-17 21:17:03', 'Signed out of the system'),
(2095, 62, '2015-01-17 21:17:08', 'Update labour matrix details into the system'),
(2096, 66, '2015-01-17 21:17:35', 'Logged Into the system'),
(2097, 66, '2015-01-17 21:18:02', 'Stopped a task in a job card no 55 into the system '),
(2098, 66, '2015-01-17 21:18:19', 'Resumed a task in a job card no 55 into the system '),
(2099, 66, '2015-01-17 21:18:33', 'Finished a task in job card no 55 into the system '),
(2100, 66, '2015-01-17 21:18:38', 'Signed out of the system'),
(2101, 62, '2015-01-17 21:19:03', 'Update labour matrix details into the system'),
(2102, 62, '2015-01-17 21:20:20', 'Created labour cost matrix into the system '),
(2103, 62, '2015-01-17 21:22:49', 'Created labour cost matrix into the system '),
(2104, 62, '2015-01-17 21:23:25', 'Added more job card tasks (106) into the system'),
(2105, 62, '2015-01-17 21:23:32', 'Update a preliminary job card task (92) into the system'),
(2106, 62, '2015-01-17 21:24:01', 'Update labour matrix details into the system'),
(2107, 62, '2015-01-17 21:24:21', 'Update a preliminary job card task (106) into the system'),
(2108, 64, '2015-01-17 21:29:23', 'Logged Into the system'),
(2109, 64, '2015-01-17 21:30:21', 'Updated a item Grease 500gm details'),
(2110, 62, '2015-01-17 21:33:36', 'Created an labour task Brake lining replacement rear into the system '),
(2111, 62, '2015-01-17 21:35:11', 'Created labour cost matrix into the system '),
(2112, 62, '2015-01-17 21:36:27', 'Added more job card tasks (117) into the system'),
(2113, 64, '2015-01-17 21:39:11', 'Updated a item Brake fluid details'),
(2114, 64, '2015-01-17 21:39:20', 'Updated a item Brake fluid details'),
(2115, 62, '2015-01-17 21:39:39', 'Update a invoice parts details into the system'),
(2116, 62, '2015-01-17 22:01:55', 'Deleted labour task from the system '),
(2117, 69, '2015-01-18 00:32:36', 'Logged Into the system'),
(2118, 69, '2015-01-18 00:35:03', 'Signed out of the system'),
(2119, 64, '2015-01-18 00:35:07', 'Signed out of the system'),
(2120, 69, '2015-01-18 00:35:13', 'Logged Into the system'),
(2121, 64, '2015-01-18 00:35:14', 'Logged Into the system'),
(2122, 69, '2015-01-18 00:36:23', 'Signed out of the system'),
(2123, 69, '2015-01-18 00:37:31', 'Logged Into the system'),
(2124, 69, '2015-01-18 00:37:44', 'Signed out of the system'),
(2125, 0, '2015-01-18 22:54:03', 'Logged Into the system'),
(2126, 0, '2015-01-18 22:54:06', 'Logged Into the system'),
(2127, 64, '2015-01-18 22:54:16', 'Logged Into the system'),
(2128, 64, '2015-01-19 20:05:35', 'Signed out of the system'),
(2129, 62, '2015-01-19 20:05:49', 'Logged Into the system'),
(2130, 62, '2015-01-19 20:11:17', 'Added a booking for Team Fergie Transporters Ltd of vehicle KBY 754G into the system'),
(2131, 62, '2015-01-19 20:19:49', 'Added a booking for Team Fergie Transporters Ltd of vehicle Kbv 863F into the system'),
(2132, 62, '2015-01-19 20:21:53', 'Added a booking for Team Fergie Transporters Ltd of vehicle KBY 756G into the system'),
(2133, 62, '2015-01-19 20:24:40', 'Created labour cost matrix into the system '),
(2134, 62, '2015-01-19 20:25:03', 'Created labour cost matrix into the system '),
(2135, 62, '2015-01-19 20:25:24', 'Created labour cost matrix into the system '),
(2136, 62, '2015-01-19 20:25:38', 'Created labour cost matrix into the system '),
(2137, 62, '2015-01-19 20:26:01', 'Created labour cost matrix into the system '),
(2138, 62, '2015-01-19 20:26:18', 'Created labour cost matrix into the system '),
(2139, 62, '2015-01-19 20:27:23', 'Created labour cost matrix into the system '),
(2140, 62, '2015-01-19 20:27:42', 'Created labour cost matrix into the system '),
(2141, 62, '2015-01-19 20:28:57', 'Created labour cost matrix into the system '),
(2142, 62, '2015-01-19 20:29:11', 'Created labour cost matrix into the system '),
(2143, 62, '2015-01-19 20:29:39', 'Created labour cost matrix into the system '),
(2144, 62, '2015-01-19 20:29:53', 'Created labour cost matrix into the system '),
(2145, 62, '2015-01-19 20:30:52', 'Created labour cost matrix into the system '),
(2146, 62, '2015-01-19 20:31:04', 'Created labour cost matrix into the system '),
(2147, 62, '2015-01-19 20:31:15', 'Created labour cost matrix into the system '),
(2148, 62, '2015-01-19 20:31:43', 'Created labour cost matrix into the system '),
(2149, 62, '2015-01-19 20:32:06', 'Created labour cost matrix into the system '),
(2150, 62, '2015-01-19 20:32:20', 'Created labour cost matrix into the system '),
(2151, 62, '2015-01-19 20:32:33', 'Created labour cost matrix into the system '),
(2152, 62, '2015-01-19 20:33:35', 'Update labour matrix details into the system'),
(2153, 62, '2015-01-19 20:34:29', 'Update a preliminary job card task (117) into the system'),
(2154, 62, '2015-01-19 20:34:33', 'Update a preliminary job card task (104) into the system'),
(2155, 62, '2015-01-19 20:34:49', 'Update a preliminary job card task (61) into the system'),
(2156, 62, '2015-01-19 20:34:53', 'Update a preliminary job card task (60) into the system'),
(2157, 62, '2015-01-19 20:34:57', 'Update a preliminary job card task (37) into the system'),
(2158, 64, '2015-01-19 20:37:37', 'Logged Into the system'),
(2159, 62, '2015-01-19 20:57:41', 'Added a booking for Bonface Kuria of vehicle KQY 456 into the system'),
(2160, 62, '2015-01-19 20:58:23', 'Added more job card tasks (48) into the system'),
(2161, 69, '2015-01-19 21:16:23', 'Logged Into the system'),
(2162, 62, '2015-01-19 21:23:37', 'Logged Into the system'),
(2163, 64, '2015-01-19 21:34:43', 'Logged Into the system'),
(2164, 62, '2015-01-19 22:03:21', 'Update a preliminary job card task (34) into the system'),
(2165, 62, '2015-01-19 22:06:45', 'Update labour matrix details into the system'),
(2166, 62, '2015-01-19 22:06:55', 'Update a preliminary job card task (34) into the system'),
(2167, 62, '2015-01-19 22:08:45', 'Added more job card tasks (97) into the system'),
(2168, 62, '2015-01-19 22:11:06', 'Update a preliminary job card task (92) into the system'),
(2169, 62, '2015-01-19 22:24:25', 'Logged Into the system'),
(2170, 62, '2015-01-19 22:25:55', 'Created labour cost matrix into the system '),
(2171, 62, '2015-01-19 22:27:05', 'Created labour cost matrix into the system '),
(2172, 62, '2015-01-19 22:27:21', 'Created labour cost matrix into the system '),
(2173, 62, '2015-01-19 22:27:39', 'Created labour cost matrix into the system '),
(2174, 62, '2015-01-19 22:27:50', 'Created labour cost matrix into the system '),
(2175, 62, '2015-01-19 22:28:06', 'Created labour cost matrix into the system '),
(2176, 62, '2015-01-19 22:28:25', 'Created labour cost matrix into the system '),
(2177, 62, '2015-01-19 22:28:46', 'Created labour cost matrix into the system '),
(2178, 62, '2015-01-19 22:29:09', 'Created labour cost matrix into the system '),
(2179, 62, '2015-01-19 22:30:55', 'Created labour cost matrix into the system '),
(2180, 62, '2015-01-19 22:32:10', 'Created labour cost matrix into the system '),
(2181, 62, '2015-01-19 22:32:23', 'Created labour cost matrix into the system '),
(2182, 62, '2015-01-19 22:33:01', 'Created labour cost matrix into the system '),
(2183, 62, '2015-01-19 22:34:12', 'Created labour cost matrix into the system '),
(2184, 62, '2015-01-19 22:34:24', 'Created labour cost matrix into the system '),
(2185, 62, '2015-01-19 22:35:03', 'Created labour cost matrix into the system '),
(2186, 62, '2015-01-19 22:35:22', 'Created labour cost matrix into the system '),
(2187, 62, '2015-01-19 22:35:40', 'Created labour cost matrix into the system '),
(2188, 62, '2015-01-19 22:36:29', 'Created labour cost matrix into the system '),
(2189, 62, '2015-01-19 22:36:54', 'Created labour cost matrix into the system '),
(2190, 62, '2015-01-19 22:37:08', 'Created labour cost matrix into the system '),
(2191, 62, '2015-01-19 22:37:21', 'Created labour cost matrix into the system '),
(2192, 62, '2015-01-19 22:37:32', 'Created labour cost matrix into the system '),
(2193, 62, '2015-01-19 22:37:50', 'Created labour cost matrix into the system '),
(2194, 62, '2015-01-19 22:38:01', 'Created labour cost matrix into the system '),
(2195, 62, '2015-01-19 22:38:11', 'Created labour cost matrix into the system '),
(2196, 62, '2015-01-19 22:38:24', 'Created labour cost matrix into the system '),
(2197, 62, '2015-01-19 22:40:17', 'Created labour cost matrix into the system '),
(2198, 62, '2015-01-19 22:41:16', 'Created labour cost matrix into the system '),
(2199, 62, '2015-01-19 22:41:36', 'Created labour cost matrix into the system '),
(2200, 62, '2015-01-19 22:41:49', 'Created labour cost matrix into the system '),
(2201, 62, '2015-01-19 22:42:22', 'Created labour cost matrix into the system '),
(2202, 62, '2015-01-19 22:43:16', 'Created labour cost matrix into the system '),
(2203, 62, '2015-01-19 22:43:27', 'Created labour cost matrix into the system '),
(2204, 62, '2015-01-19 22:45:43', 'Created labour cost matrix into the system '),
(2205, 62, '2015-01-19 22:46:14', 'Created labour cost matrix into the system '),
(2206, 62, '2015-01-19 22:46:28', 'Created labour cost matrix into the system '),
(2207, 62, '2015-01-19 22:52:46', 'Update a preliminary job card task (47) into the system'),
(2208, 62, '2015-01-19 22:55:46', 'Added more job card tasks (48) into the system'),
(2209, 62, '2015-01-19 22:55:51', 'Update a preliminary job card task (48) into the system'),
(2210, 62, '2015-01-19 22:57:22', 'Created labour cost matrix into the system '),
(2211, 62, '2015-01-19 22:58:23', 'Update labour matrix details into the system'),
(2212, 62, '2015-01-19 22:59:07', 'Created labour cost matrix into the system '),
(2213, 62, '2015-01-19 22:59:24', 'Created labour cost matrix into the system '),
(2214, 62, '2015-01-19 23:01:23', 'Created labour cost matrix into the system '),
(2215, 62, '2015-01-19 23:01:41', 'Created labour cost matrix into the system '),
(2216, 64, '2015-01-19 23:01:58', 'Updated a item battery details'),
(2217, 62, '2015-01-19 23:02:11', 'Created labour cost matrix into the system '),
(2218, 62, '2015-01-19 23:02:26', 'Created labour cost matrix into the system '),
(2219, 62, '2015-01-19 23:02:42', 'Created labour cost matrix into the system '),
(2220, 62, '2015-01-19 23:02:56', 'Created labour cost matrix into the system '),
(2221, 62, '2015-01-19 23:03:09', 'Created labour cost matrix into the system '),
(2222, 64, '2015-01-19 23:03:20', 'Signed out of the system'),
(2223, 62, '2015-01-19 23:03:21', 'Created labour cost matrix into the system '),
(2224, 62, '2015-01-19 23:04:48', 'Created labour cost matrix into the system '),
(2225, 62, '2015-01-19 23:05:59', 'Created labour cost matrix into the system '),
(2226, 62, '2015-01-19 23:06:19', 'Created labour cost matrix into the system '),
(2227, 62, '2015-01-19 23:06:32', 'Created labour cost matrix into the system '),
(2228, 62, '2015-01-19 23:06:47', 'Created labour cost matrix into the system '),
(2229, 62, '2015-01-19 23:07:01', 'Created labour cost matrix into the system '),
(2230, 62, '2015-01-19 23:07:49', 'Created labour cost matrix into the system '),
(2231, 62, '2015-01-19 23:08:02', 'Created labour cost matrix into the system '),
(2232, 62, '2015-01-19 23:08:18', 'Created labour cost matrix into the system '),
(2233, 62, '2015-01-19 23:09:01', 'Created labour cost matrix into the system '),
(2234, 62, '2015-01-19 23:18:17', 'Created labour cost matrix into the system '),
(2235, 62, '2015-01-19 23:18:43', 'Created labour cost matrix into the system '),
(2236, 69, '2015-01-19 23:19:30', 'Added more job card parts details into the system'),
(2237, 62, '2015-01-19 23:25:00', 'Added a booking for Team fergie Transporters of vehicle KBY 756G into the system'),
(2238, 64, '2015-01-19 23:47:59', 'Logged Into the system'),
(2239, 64, '2015-01-19 23:48:51', 'Logged Into the system'),
(2240, 62, '2015-01-19 23:55:25', 'Added a booking for Team fergie Transporters of vehicle KBY 756G into the system'),
(2241, 0, '2015-01-19 23:57:43', 'Update a booking for Team fergie Transporters of vehicle KBY 755G into the system'),
(2242, 62, '2015-01-19 23:58:28', 'Update labour matrix details into the system'),
(2243, 64, '2015-01-19 23:58:40', 'Updated a item Headlight Bulb 24v details'),
(2244, 62, '2015-01-19 23:58:45', 'Created labour cost matrix into the system '),
(2245, 62, '2015-01-19 23:59:10', 'Created labour cost matrix into the system '),
(2246, 64, '2015-01-19 23:59:21', 'Updated a item Head light Single Bulb 24v details'),
(2247, 62, '2015-01-19 23:59:33', 'Created labour cost matrix into the system '),
(2248, 62, '2015-01-19 23:59:46', 'Created labour cost matrix into the system '),
(2249, 64, '2015-01-19 23:59:54', 'Updated a item Head light Double Bulb 12V details'),
(2250, 62, '2015-01-20 00:00:17', 'Created labour cost matrix into the system '),
(2251, 64, '2015-01-20 00:00:27', 'Updated a item Head light Single Bulb  12v details'),
(2252, 64, '2015-01-20 00:02:25', 'Updated a item Head light Single Bulb  12v details'),
(2253, 62, '2015-01-20 00:46:19', 'Logged Into the system'),
(2254, 62, '2015-01-20 00:47:45', 'Created labour cost matrix into the system '),
(2255, 62, '2015-01-20 00:48:42', 'Created labour cost matrix into the system '),
(2256, 62, '2015-01-20 00:49:41', 'Created labour cost matrix into the system '),
(2257, 62, '2015-01-20 00:50:39', 'Created labour cost matrix into the system '),
(2258, 62, '2015-01-20 00:51:55', 'Created an labour task Injector Nozzle Repair into the system '),
(2259, 62, '2015-01-20 00:52:15', 'Created labour cost matrix into the system '),
(2260, 62, '2015-01-20 00:52:29', 'Created labour cost matrix into the system '),
(2261, 62, '2015-01-20 00:52:43', 'Created labour cost matrix into the system '),
(2262, 62, '2015-01-20 00:52:56', 'Created labour cost matrix into the system '),
(2263, 62, '2015-01-20 00:53:15', 'Created labour cost matrix into the system '),
(2264, 62, '2015-01-20 00:53:29', 'Created labour cost matrix into the system '),
(2265, 62, '2015-01-20 00:53:44', 'Created labour cost matrix into the system '),
(2266, 62, '2015-01-20 00:54:01', 'Created labour cost matrix into the system '),
(2267, 62, '2015-01-20 00:54:21', 'Created labour cost matrix into the system '),
(2268, 62, '2015-01-20 00:54:37', 'Created labour cost matrix into the system '),
(2269, 62, '2015-01-20 00:54:50', 'Created labour cost matrix into the system '),
(2270, 62, '2015-01-20 00:55:03', 'Created labour cost matrix into the system '),
(2271, 62, '2015-01-20 00:55:24', 'Created labour cost matrix into the system '),
(2272, 62, '2015-01-20 00:55:39', 'Created labour cost matrix into the system '),
(2273, 62, '2015-01-20 00:56:16', 'Created labour cost matrix into the system '),
(2274, 62, '2015-01-20 00:56:43', 'Created labour cost matrix into the system '),
(2275, 62, '2015-01-20 00:56:57', 'Created labour cost matrix into the system '),
(2276, 62, '2015-01-20 00:57:19', 'Created labour cost matrix into the system '),
(2277, 62, '2015-01-20 00:58:25', 'Created labour cost matrix into the system '),
(2278, 62, '2015-01-20 01:01:02', 'Created labour cost matrix into the system '),
(2279, 62, '2015-01-20 01:01:39', 'Created labour cost matrix into the system '),
(2280, 62, '2015-01-20 01:02:00', 'Created labour cost matrix into the system '),
(2281, 62, '2015-01-20 01:02:23', 'Created labour cost matrix into the system '),
(2282, 62, '2015-01-20 01:03:01', 'Created labour cost matrix into the system '),
(2283, 62, '2015-01-20 01:03:57', 'Created labour cost matrix into the system '),
(2284, 62, '2015-01-20 01:04:48', 'Created labour cost matrix into the system '),
(2285, 62, '2015-01-20 01:05:32', 'Created labour cost matrix into the system '),
(2286, 62, '2015-01-20 01:06:08', 'Created labour cost matrix into the system '),
(2287, 62, '2015-01-20 01:06:39', 'Created labour cost matrix into the system '),
(2288, 62, '2015-01-20 01:07:23', 'Created labour cost matrix into the system '),
(2289, 62, '2015-01-20 01:07:47', 'Created labour cost matrix into the system '),
(2290, 62, '2015-01-20 01:08:22', 'Created labour cost matrix into the system '),
(2291, 62, '2015-01-20 01:08:39', 'Created labour cost matrix into the system '),
(2292, 62, '2015-01-20 01:11:53', 'Created labour cost matrix into the system '),
(2293, 62, '2015-01-20 01:12:26', 'Created labour cost matrix into the system '),
(2294, 62, '2015-01-20 01:13:18', 'Created labour cost matrix into the system '),
(2295, 62, '2015-01-20 01:13:47', 'Created labour cost matrix into the system '),
(2296, 62, '2015-01-20 01:14:06', 'Created labour cost matrix into the system '),
(2297, 62, '2015-01-20 01:16:20', 'Created labour cost matrix into the system '),
(2298, 62, '2015-01-20 01:16:48', 'Created labour cost matrix into the system '),
(2299, 62, '2015-01-20 01:17:31', 'Created labour cost matrix into the system '),
(2300, 62, '2015-01-20 01:17:52', 'Created labour cost matrix into the system '),
(2301, 62, '2015-01-20 01:18:17', 'Created labour cost matrix into the system '),
(2302, 19, '2015-01-20 01:21:49', 'Logged Into the system'),
(2303, 19, '2015-01-20 01:23:00', 'Signed out of the system'),
(2304, 69, '2015-01-20 01:23:17', 'Logged Into the system'),
(2305, 69, '2015-01-20 01:23:46', 'Signed out of the system'),
(2306, 19, '2015-01-20 01:23:53', 'Logged Into the system'),
(2307, 19, '2015-01-20 01:24:45', 'Signed out of the system'),
(2308, 69, '2015-01-20 01:25:04', 'Logged Into the system'),
(2309, 64, '2015-01-20 01:25:25', 'Deleted Requistion Item from the system'),
(2310, 64, '2015-01-20 01:29:20', 'Deleted Requistion Item from the system'),
(2311, 64, '2015-01-20 01:29:23', 'Deleted Requistion Item from the system'),
(2312, 69, '2015-01-20 01:33:07', 'Signed out of the system'),
(2313, 19, '2015-01-20 01:33:13', 'Logged Into the system'),
(2314, 62, '2015-01-20 01:34:33', 'Created labour cost matrix into the system '),
(2315, 62, '2015-01-20 01:35:16', 'Created labour cost matrix into the system '),
(2316, 62, '2015-01-20 01:36:03', 'Created labour cost matrix into the system '),
(2317, 62, '2015-01-20 01:36:29', 'Created labour cost matrix into the system '),
(2318, 62, '2015-01-20 01:37:10', 'Created labour cost matrix into the system '),
(2319, 62, '2015-01-20 01:37:45', 'Created labour cost matrix into the system '),
(2320, 19, '2015-01-20 01:38:05', 'Created a fixed asset category Tools into the system '),
(2321, 62, '2015-01-20 01:38:16', 'Created labour cost matrix into the system '),
(2322, 62, '2015-01-20 01:38:36', 'Created labour cost matrix into the system '),
(2323, 62, '2015-01-20 01:38:57', 'Created labour cost matrix into the system '),
(2324, 62, '2015-01-20 01:39:20', 'Created labour cost matrix into the system '),
(2325, 62, '2015-01-20 01:39:58', 'Created labour cost matrix into the system '),
(2326, 62, '2015-01-20 01:40:15', 'Created labour cost matrix into the system '),
(2327, 62, '2015-01-20 01:40:34', 'Created labour cost matrix into the system '),
(2328, 62, '2015-01-20 01:44:59', 'Created labour cost matrix into the system '),
(2329, 62, '2015-01-20 01:46:15', 'Created labour cost matrix into the system '),
(2330, 62, '2015-01-20 01:46:41', 'Created labour cost matrix into the system '),
(2331, 62, '2015-01-20 01:47:16', 'Created labour cost matrix into the system '),
(2332, 62, '2015-01-20 01:47:45', 'Created labour cost matrix into the system '),
(2333, 62, '2015-01-20 01:48:47', 'Created labour cost matrix into the system '),
(2334, 62, '2015-01-20 01:49:34', 'Created labour cost matrix into the system '),
(2335, 62, '2015-01-20 01:50:04', 'Created labour cost matrix into the system '),
(2336, 62, '2015-01-20 01:51:22', 'Created labour cost matrix into the system '),
(2337, 62, '2015-01-20 01:51:46', 'Created labour cost matrix into the system '),
(2338, 19, '2015-01-20 01:51:53', 'Updated Sub Module Details'),
(2339, 62, '2015-01-20 01:52:04', 'Created labour cost matrix into the system '),
(2340, 62, '2015-01-20 01:52:20', 'Created labour cost matrix into the system '),
(2341, 19, '2015-01-20 01:52:29', 'Updated Sub Module Details'),
(2342, 62, '2015-01-20 01:52:35', 'Created labour cost matrix into the system '),
(2343, 62, '2015-01-20 01:53:59', 'Created labour cost matrix into the system '),
(2344, 62, '2015-01-20 01:54:23', 'Created labour cost matrix into the system '),
(2345, 62, '2015-01-20 01:54:36', 'Created labour cost matrix into the system '),
(2346, 62, '2015-01-20 01:55:24', 'Created labour cost matrix into the system '),
(2347, 62, '2015-01-20 01:55:44', 'Created labour cost matrix into the system '),
(2348, 62, '2015-01-20 01:55:59', 'Created labour cost matrix into the system '),
(2349, 62, '2015-01-20 01:56:15', 'Created labour cost matrix into the system '),
(2350, 19, '2015-01-20 01:59:15', 'Signed out of the system'),
(2351, 62, '2015-01-20 02:01:45', 'Created labour cost matrix into the system '),
(2352, 62, '2015-01-20 02:02:01', 'Created labour cost matrix into the system '),
(2353, 62, '2015-01-20 02:02:18', 'Created labour cost matrix into the system '),
(2354, 62, '2015-01-20 02:05:36', 'Created labour cost matrix into the system '),
(2355, 62, '2015-01-20 02:05:54', 'Created labour cost matrix into the system '),
(2356, 62, '2015-01-20 02:06:11', 'Created labour cost matrix into the system '),
(2357, 62, '2015-01-20 02:06:43', 'Created labour cost matrix into the system '),
(2358, 62, '2015-01-20 02:06:55', 'Created labour cost matrix into the system '),
(2359, 62, '2015-01-20 02:07:39', 'Created labour cost matrix into the system '),
(2360, 62, '2015-01-20 02:08:14', 'Created labour cost matrix into the system '),
(2361, 62, '2015-01-20 02:08:45', 'Update labour matrix details into the system'),
(2362, 62, '2015-01-20 02:09:17', 'Update labour matrix details into the system'),
(2363, 62, '2015-01-20 02:10:06', 'Created labour cost matrix into the system '),
(2364, 62, '2015-01-20 02:10:54', 'Created labour cost matrix into the system '),
(2365, 62, '2015-01-20 02:11:46', 'Created labour cost matrix into the system '),
(2366, 62, '2015-01-20 02:12:16', 'Created labour cost matrix into the system '),
(2367, 62, '2015-01-20 02:12:47', 'Created labour cost matrix into the system '),
(2368, 62, '2015-01-20 02:15:23', 'Created labour cost matrix into the system '),
(2369, 62, '2015-01-20 02:15:48', 'Created labour cost matrix into the system '),
(2370, 62, '2015-01-20 02:16:02', 'Created labour cost matrix into the system '),
(2371, 62, '2015-01-20 02:17:23', 'Created labour cost matrix into the system '),
(2372, 62, '2015-01-20 02:17:35', 'Created labour cost matrix into the system '),
(2373, 62, '2015-01-20 02:17:54', 'Created labour cost matrix into the system '),
(2374, 62, '2015-01-20 02:18:40', 'Created labour cost matrix into the system '),
(2375, 62, '2015-01-20 02:56:06', 'Deleted Invoice Item from the system'),
(2376, 62, '2015-01-20 02:56:11', 'Deleted Invoice Item from the system'),
(2377, 62, '2015-01-20 02:56:29', 'Update a invoice parts details into the system'),
(2378, 62, '2015-01-20 02:56:35', 'Update a invoice task (78) into the system'),
(2379, 62, '2015-01-20 02:56:41', 'Update a invoice task (26) into the system'),
(2380, 69, '2015-01-20 03:07:23', 'Logged Into the system'),
(2381, 62, '2015-01-20 03:36:45', 'Logged Into the system'),
(2382, 62, '2015-01-20 03:55:33', 'Created a customer Moses Okumu into the system'),
(2383, 19, '2015-01-20 03:57:45', 'Logged Into the system'),
(2384, 62, '2015-01-20 03:58:12', 'Added a booking for Moses Okumu of vehicle KBU 750N into the system'),
(2385, 62, '2015-01-20 04:01:27', 'Added more job card tasks (73) into the system'),
(2386, 64, '2015-01-20 04:03:40', 'Updated a item RADIATOR COOLANT details'),
(2387, 64, '2015-01-20 04:13:17', 'Updated a item RADIATOR COOLANT details'),
(2388, 64, '2015-01-20 04:13:19', 'Updated a item RADIATOR COOLANT details'),
(2389, 62, '2015-01-20 04:15:18', 'Signed out of the system'),
(2390, 62, '2015-01-20 04:15:34', 'Logged Into the system'),
(2391, 62, '2015-01-20 04:26:34', 'Signed out of the system'),
(2392, 70, '2015-01-20 04:33:31', 'Logged Into the system'),
(2393, 19, '2015-01-20 04:50:35', 'Logged Into the system'),
(2394, 70, '2015-01-20 04:54:42', 'Logged Into the system'),
(2395, 19, '2015-01-20 05:14:52', 'Signed out of the system'),
(2396, 62, '2015-01-20 19:02:18', 'Logged Into the system'),
(2397, 62, '2015-01-20 19:03:06', 'Signed out of the system'),
(2398, 64, '2015-01-20 19:03:18', 'Logged Into the system'),
(2399, 70, '2015-01-20 19:05:40', 'Logged Into the system'),
(2400, 67, '2015-01-20 19:46:20', 'Logged Into the system'),
(2401, 64, '2015-01-20 20:34:29', 'Logged Into the system'),
(2402, 64, '2015-01-20 20:37:52', 'Updated a item Battery Water details'),
(2403, 67, '2015-01-20 22:16:38', 'Signed out of the system'),
(2404, 70, '2015-01-20 23:36:20', 'Logged Into the system'),
(2405, 67, '2015-01-21 00:02:18', 'Logged Into the system'),
(2406, 67, '2015-01-21 00:04:05', 'Signed out of the system'),
(2407, 67, '2015-01-21 00:04:18', 'Logged Into the system'),
(2408, 67, '2015-01-21 01:12:37', 'Signed out of the system'),
(2409, 64, '2015-01-21 02:08:25', 'Logged Into the system'),
(2410, 64, '2015-01-21 02:08:37', 'Signed out of the system'),
(2411, 62, '2015-01-21 02:08:49', 'Logged Into the system'),
(2412, 67, '2015-01-21 02:41:50', 'Logged Into the system'),
(2413, 64, '2015-01-21 03:02:12', 'Logged Into the system'),
(2414, 69, '2015-01-21 19:43:13', 'Logged Into the system'),
(2415, 64, '2015-01-21 19:45:02', 'Logged Into the system'),
(2416, 62, '2015-01-21 19:47:27', 'Logged Into the system'),
(2417, 69, '2015-01-21 19:58:39', 'Update customer Team Fergie Transporters  details into the system '),
(2418, 69, '2015-01-21 19:59:20', 'Update customer Team Fergie Transporters  details into the system '),
(2419, 69, '2015-01-21 20:01:21', 'Update customer Team Fergie Transporters  details into the system '),
(2420, 64, '2015-01-21 20:05:30', 'Signed out of the system'),
(2421, 67, '2015-01-21 20:05:50', 'Logged Into the system'),
(2422, 67, '2015-01-21 20:08:46', 'Signed out of the system'),
(2423, 64, '2015-01-21 20:29:51', 'Logged Into the system'),
(2424, 62, '2015-01-21 20:32:03', 'Signed out of the system'),
(2425, 66, '2015-01-21 20:32:20', 'Logged Into the system'),
(2426, 66, '2015-01-21 20:32:37', 'Clocked in a job card no 58 into the system '),
(2427, 69, '2015-01-21 20:32:45', 'Logged Into the system'),
(2428, 66, '2015-01-21 20:32:49', 'Clocked in a job card no 58 into the system '),
(2429, 66, '2015-01-21 20:33:07', 'Clocked in a job card no 58 into the system '),
(2430, 66, '2015-01-21 20:33:27', 'Clocked in a job card no 54 into the system '),
(2431, 66, '2015-01-21 20:33:40', 'Clocked in a job card no 54 into the system '),
(2432, 66, '2015-01-21 20:33:54', 'Clocked in a job card no 51 into the system '),
(2433, 66, '2015-01-21 20:34:07', 'Clocked in a job card no 20 into the system '),
(2434, 66, '2015-01-21 20:34:23', 'Clocked in a job card no 48 into the system '),
(2435, 66, '2015-01-21 20:34:25', 'Signed out of the system'),
(2436, 65, '2015-01-21 20:34:37', 'Logged Into the system'),
(2437, 65, '2015-01-21 20:34:47', 'Clocked in a job card no 60 into the system '),
(2438, 65, '2015-01-21 20:34:59', 'Signed out of the system'),
(2439, 63, '2015-01-21 20:35:08', 'Logged Into the system'),
(2440, 63, '2015-01-21 20:35:19', 'Clocked in a job card no 63 into the system '),
(2441, 63, '2015-01-21 20:35:31', 'Clocked in a job card no 59 into the system '),
(2442, 63, '2015-01-21 20:35:39', 'Clocked in a job card no 59 into the system '),
(2443, 63, '2015-01-21 20:36:48', 'Clocked in a job card no 52 into the system '),
(2444, 63, '2015-01-21 20:37:22', 'Signed out of the system'),
(2445, 62, '2015-01-21 21:06:37', 'Logged Into the system'),
(2446, 62, '2015-01-21 21:06:40', 'Signed out of the system'),
(2447, 66, '2015-01-21 21:07:07', 'Logged Into the system'),
(2448, 66, '2015-01-21 21:07:21', 'Finished a task in job card no 48 into the system '),
(2449, 66, '2015-01-21 21:07:30', 'Finished a task in job card no 58 into the system '),
(2450, 66, '2015-01-21 21:07:39', 'Finished a task in job card no 58 into the system '),
(2451, 66, '2015-01-21 21:07:49', 'Finished a task in job card no 58 into the system '),
(2452, 66, '2015-01-21 21:07:57', 'Finished a task in job card no 54 into the system '),
(2453, 66, '2015-01-21 21:08:05', 'Finished a task in job card no 54 into the system '),
(2454, 66, '2015-01-21 21:08:13', 'Finished a task in job card no 51 into the system '),
(2455, 66, '2015-01-21 21:08:21', 'Finished a task in job card no 20 into the system '),
(2456, 66, '2015-01-21 21:08:24', 'Signed out of the system'),
(2457, 63, '2015-01-21 21:08:42', 'Logged Into the system'),
(2458, 63, '2015-01-21 21:09:00', 'Finished a task in job card no 63 into the system '),
(2459, 63, '2015-01-21 21:09:08', 'Finished a task in job card no 59 into the system '),
(2460, 63, '2015-01-21 21:09:15', 'Finished a task in job card no 59 into the system '),
(2461, 63, '2015-01-21 21:09:24', 'Finished a task in job card no 52 into the system '),
(2462, 63, '2015-01-21 21:09:35', 'Finished a task in job card no 49 into the system '),
(2463, 63, '2015-01-21 21:09:37', 'Signed out of the system'),
(2464, 65, '2015-01-21 21:09:47', 'Logged Into the system'),
(2465, 65, '2015-01-21 21:09:57', 'Finished a task in job card no 60 into the system '),
(2466, 65, '2015-01-21 21:10:06', 'Finished a task in job card no 38 into the system '),
(2467, 65, '2015-01-21 21:10:34', 'Signed out of the system'),
(2468, 62, '2015-01-21 21:10:46', 'Logged Into the system'),
(2469, 70, '2015-01-21 21:12:04', 'Logged Into the system'),
(2470, 62, '2015-01-21 21:18:40', 'Added a booking for Team fergie Transporters of vehicle KBY 756G into the system'),
(2471, 62, '2015-01-21 21:19:23', 'Signed out of the system'),
(2472, 71, '2015-01-21 21:38:51', 'Logged Into the system'),
(2473, 71, '2015-01-21 21:39:44', 'Clocked in a job card no 64 into the system '),
(2474, 71, '2015-01-21 21:39:58', 'Signed out of the system'),
(2475, 19, '2015-01-21 21:46:43', 'Logged Into the system'),
(2476, 19, '2015-01-21 21:47:36', 'Logged Into the system'),
(2477, 19, '2015-01-21 21:47:42', 'Signed out of the system'),
(2478, 71, '2015-01-21 21:52:22', 'Logged Into the system'),
(2479, 71, '2015-01-21 21:53:11', 'Finished a task in job card no 64 into the system '),
(2480, 71, '2015-01-21 21:53:16', 'Signed out of the system'),
(2481, 19, '2015-01-21 22:09:03', 'Signed out of the system'),
(2482, 70, '2015-01-21 22:29:38', 'Created a deduction type NHIF into the system '),
(2483, 70, '2015-01-21 22:29:47', 'Created a deduction type WELFARE into the system '),
(2484, 69, '2015-01-21 22:42:56', 'Signed out of the system'),
(2485, 19, '2015-01-21 22:46:09', 'Logged Into the system'),
(2486, 70, '2015-01-21 23:02:06', 'Logged Into the system'),
(2487, 62, '2015-01-21 23:05:04', 'Logged Into the system'),
(2488, 62, '2015-01-21 23:11:22', 'Update a preliminary job card task (32) into the system'),
(2489, 62, '2015-01-21 23:11:39', 'Update a preliminary job card task (107) into the system'),
(2490, 62, '2015-01-21 23:11:52', 'Added more job card tasks (70) into the system'),
(2491, 62, '2015-01-21 23:11:55', 'Signed out of the system'),
(2492, 63, '2015-01-21 23:12:08', 'Logged Into the system'),
(2493, 63, '2015-01-21 23:12:19', 'Clocked in a job card no 64 into the system '),
(2494, 63, '2015-01-21 23:12:21', 'Signed out of the system'),
(2495, 62, '2015-01-21 23:12:43', 'Logged Into the system'),
(2496, 69, '2015-01-21 23:15:13', 'Logged Into the system'),
(2497, 62, '2015-01-21 23:17:38', 'Signed out of the system'),
(2498, 65, '2015-01-21 23:17:48', 'Logged Into the system'),
(2499, 65, '2015-01-21 23:17:56', 'Signed out of the system'),
(2500, 62, '2015-01-21 23:18:06', 'Logged Into the system'),
(2501, 62, '2015-01-21 23:20:40', 'Update a preliminary job card task (109) into the system'),
(2502, 62, '2015-01-21 23:21:10', 'Added more job card tasks (108) into the system'),
(2503, 67, '2015-01-21 23:24:36', 'Logged Into the system'),
(2504, 62, '2015-01-21 23:24:57', 'Update a invoice task (108) into the system'),
(2505, 62, '2015-01-21 23:25:47', 'Update a invoice task (109) into the system'),
(2506, 62, '2015-01-21 23:26:17', 'Added more invoice tasks (62) into the system'),
(2507, 67, '2015-01-21 23:28:04', 'Signed out of the system'),
(2508, 67, '2015-01-21 23:33:25', 'Logged Into the system'),
(2509, 69, '2015-01-21 23:37:11', 'Signed out of the system'),
(2510, 69, '2015-01-21 23:37:52', 'Logged Into the system'),
(2511, 69, '2015-01-21 23:48:03', 'Logged Into the system'),
(2512, 69, '2015-01-21 23:48:24', 'Signed out of the system'),
(2513, 19, '2015-01-21 23:48:33', 'Logged Into the system'),
(2514, 19, '2015-01-21 23:53:04', 'Signed out of the system'),
(2515, 69, '2015-01-21 23:53:19', 'Logged Into the system'),
(2516, 69, '2015-01-21 23:53:36', 'Signed out of the system'),
(2517, 19, '2015-01-21 23:53:45', 'Logged Into the system'),
(2518, 19, '2015-01-21 23:54:09', 'Signed out of the system'),
(2519, 69, '2015-01-21 23:54:28', 'Logged Into the system'),
(2520, 62, '2015-01-21 23:57:35', 'Added a booking for Joseph Kirigi of vehicle KBR 284V into the system'),
(2521, 62, '2015-01-21 23:57:58', 'Update a preliminary job card task (48) into the system'),
(2522, 62, '2015-01-22 00:02:41', 'Added a booking for Joseph Kirigi of vehicle KBR 284V into the system'),
(2523, 62, '2015-01-22 00:03:27', 'Signed out of the system'),
(2524, 72, '2015-01-22 00:03:35', 'Logged Into the system'),
(2525, 72, '2015-01-22 00:03:54', 'Clocked in a job card no 65 into the system '),
(2526, 72, '2015-01-22 00:04:05', 'Clocked in a job card no 60 into the system '),
(2527, 70, '2015-01-22 00:06:31', 'Logged Into the system'),
(2528, 72, '2015-01-22 00:06:49', 'Clocked in a job card no 65 into the system '),
(2529, 72, '2015-01-22 00:07:08', 'Finished a task in job card no 60 into the system '),
(2530, 72, '2015-01-22 00:08:10', 'Finished a task in job card no 65 into the system '),
(2531, 72, '2015-01-22 00:08:28', 'Signed out of the system'),
(2532, 62, '2015-01-22 00:08:44', 'Logged Into the system'),
(2533, 70, '2015-01-22 00:09:13', 'Logged Into the system'),
(2534, 62, '2015-01-22 00:12:08', 'Signed out of the system'),
(2535, 63, '2015-01-22 00:12:18', 'Logged Into the system'),
(2536, 63, '2015-01-22 00:12:34', 'Signed out of the system'),
(2537, 62, '2015-01-22 00:12:46', 'Logged Into the system'),
(2538, 62, '2015-01-22 00:13:04', 'Signed out of the system'),
(2539, 72, '2015-01-22 00:13:13', 'Logged Into the system'),
(2540, 72, '2015-01-22 00:13:25', 'Finished a task in job card no 65 into the system '),
(2541, 72, '2015-01-22 00:13:27', 'Signed out of the system'),
(2542, 62, '2015-01-22 00:13:36', 'Logged Into the system'),
(2543, 62, '2015-01-22 00:20:01', 'Signed out of the system'),
(2544, 72, '2015-01-22 00:20:11', 'Logged Into the system'),
(2545, 72, '2015-01-22 00:20:17', 'Signed out of the system'),
(2546, 62, '2015-01-22 00:20:25', 'Logged Into the system'),
(2547, 62, '2015-01-22 00:22:57', 'Signed out of the system'),
(2548, 62, '2015-01-22 00:23:07', 'Logged Into the system'),
(2549, 62, '2015-01-22 00:24:15', 'Signed out of the system'),
(2550, 62, '2015-01-22 00:24:27', 'Logged Into the system'),
(2551, 62, '2015-01-22 00:24:36', 'Signed out of the system'),
(2552, 19, '2015-01-22 00:24:56', 'Logged Into the system'),
(2553, 62, '2015-01-22 00:25:34', 'Logged Into the system'),
(2554, 62, '2015-01-22 00:27:46', 'Signed out of the system'),
(2555, 62, '2015-01-22 00:27:58', 'Logged Into the system'),
(2556, 67, '2015-01-22 00:30:23', 'Signed out of the system'),
(2557, 62, '2015-01-22 00:37:11', 'Logged Into the system'),
(2558, 70, '2015-01-22 00:37:41', 'Logged Into the system'),
(2559, 70, '2015-01-22 01:03:42', 'Logged Into the system'),
(2560, 68, '2015-01-22 01:48:29', 'Logged Into the system'),
(2561, 68, '2015-01-22 01:50:49', 'Signed out of the system'),
(2562, 68, '2015-01-22 01:50:52', 'Logged Into the system'),
(2563, 19, '2015-01-22 01:53:24', 'Logged Into the system'),
(2564, 19, '2015-01-22 01:56:39', 'Signed out of the system'),
(2565, 68, '2015-01-22 01:57:01', 'Signed out of the system'),
(2566, 68, '2015-01-22 01:57:03', 'Logged Into the system'),
(2567, 19, '2015-01-22 02:01:51', 'Logged Into the system'),
(2568, 70, '2015-01-22 02:05:38', 'Logged Into the system'),
(2569, 19, '2015-01-22 02:07:54', 'Signed out of the system'),
(2570, 62, '2015-01-22 02:16:33', 'Logged Into the system'),
(2571, 62, '2015-01-22 02:22:02', 'Added a booking for Silas Ringera of vehicle KAN 587P into the system'),
(2572, 62, '2015-01-22 02:22:27', 'Signed out of the system'),
(2573, 72, '2015-01-22 02:22:41', 'Logged Into the system'),
(2574, 72, '2015-01-22 02:22:52', 'Clocked in a job card no 66 into the system '),
(2575, 72, '2015-01-22 02:24:21', 'Clocked in a job card no 66 into the system '),
(2576, 72, '2015-01-22 02:24:25', 'Signed out of the system'),
(2577, 62, '2015-01-22 02:24:36', 'Logged Into the system'),
(2578, 62, '2015-01-22 02:43:27', 'Signed out of the system'),
(2579, 72, '2015-01-22 02:43:55', 'Logged Into the system'),
(2580, 72, '2015-01-22 02:44:34', 'Finished a task in job card no 66 into the system '),
(2581, 72, '2015-01-22 02:44:53', 'Finished a task in job card no 66 into the system '),
(2582, 72, '2015-01-22 02:45:07', 'Signed out of the system'),
(2583, 62, '2015-01-22 02:45:17', 'Logged Into the system'),
(2584, 69, '2015-01-22 02:48:18', 'Signed out of the system'),
(2585, 19, '2015-01-22 02:48:32', 'Logged Into the system'),
(2586, 19, '2015-01-22 03:05:53', 'Logged Into the system'),
(2587, 68, '2015-01-22 03:06:24', 'Signed out of the system'),
(2588, 68, '2015-01-22 03:06:26', 'Logged Into the system'),
(2589, 19, '2015-01-22 03:09:45', 'Signed out of the system'),
(2590, 69, '2015-01-22 03:10:08', 'Logged Into the system'),
(2591, 68, '2015-01-22 03:24:50', 'Logged Into the system'),
(2592, 62, '2015-01-22 03:56:14', 'Deleted Invoice Task from the system'),
(2593, 62, '2015-01-22 04:01:08', 'Added a booking for Njuguna of vehicle KBZ 348B into the system'),
(2594, 62, '2015-01-22 04:01:45', 'Signed out of the system'),
(2595, 66, '2015-01-22 04:01:53', 'Logged Into the system'),
(2596, 66, '2015-01-22 04:02:11', 'Clocked in a job card no 67 into the system '),
(2597, 66, '2015-01-22 04:02:19', 'Clocked in a job card no 67 into the system '),
(2598, 66, '2015-01-22 04:02:22', 'Signed out of the system'),
(2599, 62, '2015-01-22 04:02:33', 'Logged Into the system'),
(2600, 62, '2015-01-22 04:03:06', 'Update a invoice task (47) into the system'),
(2601, 62, '2015-01-22 04:03:47', 'Update a invoice task (47) into the system'),
(2602, 62, '2015-01-22 04:07:30', 'Update a invoice task (63) into the system'),
(2603, 62, '2015-01-22 04:07:34', 'Update a invoice task (28) into the system'),
(2604, 62, '2015-01-22 04:07:40', 'Update a invoice task (72) into the system'),
(2605, 62, '2015-01-22 04:08:32', 'Update a invoice task (26) into the system'),
(2606, 62, '2015-01-22 04:08:36', 'Update a invoice task (24) into the system'),
(2607, 62, '2015-01-22 04:09:49', 'Update a invoice task (47) into the system'),
(2608, 62, '2015-01-22 04:10:11', 'Update a invoice task (29) into the system'),
(2609, 62, '2015-01-22 04:10:14', 'Update a invoice task (77) into the system'),
(2610, 62, '2015-01-22 04:10:18', 'Update a invoice task (28) into the system'),
(2611, 19, '2015-01-22 04:10:27', 'Signed out of the system'),
(2612, 62, '2015-01-22 04:10:44', 'Update a invoice task (80) into the system'),
(2613, 62, '2015-01-22 04:10:47', 'Update a invoice task (26) into the system'),
(2614, 62, '2015-01-22 04:10:49', 'Update a invoice task (22) into the system'),
(2615, 62, '2015-01-22 04:10:53', 'Update a invoice task (22) into the system'),
(2616, 62, '2015-01-22 04:10:58', 'Update a invoice task (78) into the system'),
(2617, 62, '2015-01-22 04:11:28', 'Update a invoice task (81) into the system'),
(2618, 62, '2015-01-22 04:12:42', 'Signed out of the system'),
(2619, 66, '2015-01-22 04:13:03', 'Logged Into the system'),
(2620, 66, '2015-01-22 04:13:43', 'Finished a task in job card no 67 into the system '),
(2621, 66, '2015-01-22 04:13:50', 'Signed out of the system'),
(2622, 71, '2015-01-22 04:14:37', 'Logged Into the system'),
(2623, 64, '2015-01-22 04:14:38', 'Logged Into the system'),
(2624, 71, '2015-01-22 04:15:07', 'Finished a task in job card no 67 into the system '),
(2625, 71, '2015-01-22 04:18:08', 'Signed out of the system'),
(2626, 63, '2015-01-22 05:03:46', 'Logged Into the system'),
(2627, 63, '2015-01-22 05:04:01', 'Finished a task in job card no 64 into the system '),
(2628, 63, '2015-01-22 05:04:36', 'Signed out of the system'),
(2629, 64, '2015-01-22 05:04:58', 'Logged Into the system'),
(2630, 64, '2015-01-22 05:07:32', 'Deleted Requistion Item from the system'),
(2631, 64, '2015-01-22 05:07:55', 'Added more requisition parts details into the system'),
(2632, 64, '2015-01-22 05:24:34', 'Logged Into the system');
INSERT INTO `audit_trails` (`audit_id`, `user_id`, `date_of_event`, `action`) VALUES
(2633, 64, '2015-01-22 18:55:27', 'Logged Into the system'),
(2634, 62, '2015-01-22 19:37:54', 'Logged Into the system'),
(2635, 62, '2015-01-22 19:38:32', 'Added a booking for Team Fergie Transporters  of vehicle Kbv 863F into the system'),
(2636, 62, '2015-01-22 19:42:08', 'Update a preliminary job card task (68) into the system'),
(2637, 62, '2015-01-22 19:42:17', 'Signed out of the system'),
(2638, 63, '2015-01-22 19:43:04', 'Logged Into the system'),
(2639, 63, '2015-01-22 19:43:35', 'Clocked in a job card no 68 into the system '),
(2640, 63, '2015-01-22 20:26:16', 'Signed out of the system'),
(2641, 62, '2015-01-22 20:27:49', 'Logged Into the system'),
(2642, 62, '2015-01-22 20:28:53', 'Update a invoice task (47) into the system'),
(2643, 62, '2015-01-22 20:31:18', 'Update a invoice task (97) into the system'),
(2644, 62, '2015-01-22 20:32:09', 'Update a invoice task (34) into the system'),
(2645, 62, '2015-01-22 20:36:46', 'Deleted Job Card Task from the system'),
(2646, 62, '2015-01-22 20:40:18', 'Update a invoice task (24) into the system'),
(2647, 62, '2015-01-22 20:40:31', 'Update a invoice task (26) into the system'),
(2648, 62, '2015-01-22 20:40:35', 'Update a invoice task (28) into the system'),
(2649, 62, '2015-01-22 20:41:08', 'Update a invoice task (28) into the system'),
(2650, 62, '2015-01-22 20:41:12', 'Update a invoice task (24) into the system'),
(2651, 62, '2015-01-22 20:43:06', 'Update a invoice task (17) into the system'),
(2652, 62, '2015-01-22 20:43:17', 'Update a invoice task (47) into the system'),
(2653, 62, '2015-01-22 20:44:39', 'Update a invoice task (73) into the system'),
(2654, 62, '2015-01-22 20:44:43', 'Update a invoice task (56) into the system'),
(2655, 62, '2015-01-22 21:00:09', 'Added a booking for Francis Kambo of vehicle KBR 987E into the system'),
(2656, 62, '2015-01-22 21:07:21', 'Signed out of the system'),
(2657, 72, '2015-01-22 21:07:32', 'Logged Into the system'),
(2658, 72, '2015-01-22 21:07:58', 'Clocked in a job card no 69 into the system '),
(2659, 72, '2015-01-22 21:08:34', 'Finished a task in job card no 69 into the system '),
(2660, 72, '2015-01-22 21:08:37', 'Signed out of the system'),
(2661, 62, '2015-01-22 21:08:49', 'Logged Into the system'),
(2662, 70, '2015-01-22 21:10:56', 'Logged Into the system'),
(2663, 68, '2015-01-22 21:11:13', 'Logged Into the system'),
(2664, 69, '2015-01-22 21:20:40', 'Logged Into the system'),
(2665, 62, '2015-01-22 22:01:37', 'Added a booking for Moses Okumu of vehicle KBU 750N into the system'),
(2666, 64, '2015-01-22 22:08:30', 'Logged Into the system'),
(2667, 64, '2015-01-22 22:10:17', 'Created an item Oil filter DE014 SCOPIO into the system'),
(2668, 64, '2015-01-22 22:12:04', 'Created an item Upper harm bushes Scopio 2 into the system'),
(2669, 64, '2015-01-22 22:12:52', 'Created an item Brake pads Scopio into the system'),
(2670, 64, '2015-01-22 22:14:32', 'Created an item Shocks absorber ( front0 into the system'),
(2671, 64, '2015-01-22 22:15:51', 'Created an item Diesel filter scopio into the system'),
(2672, 64, '2015-01-22 22:16:33', 'Updated a item Shocks absorber ( front) scopio details'),
(2673, 64, '2015-01-22 22:17:31', 'Created an item Air cleaner (scopio) into the system'),
(2674, 64, '2015-01-22 22:20:18', 'Updated a item Oil filter DE014 SCOPIO details'),
(2675, 62, '2015-01-22 22:30:01', 'Created an labour task Replace brake pads into the system '),
(2676, 62, '2015-01-22 22:30:43', 'Created labour cost matrix into the system '),
(2677, 62, '2015-01-22 22:31:15', 'Update a quotation task (119) into the system'),
(2678, 62, '2015-01-22 22:31:53', 'Update a quotation task (80) into the system'),
(2679, 62, '2015-01-22 22:32:30', 'Update labour task Repair suspension system details into the system '),
(2680, 64, '2015-01-22 22:38:16', 'Updated a item Oil filter DE014 SCOPIO details'),
(2681, 64, '2015-01-22 22:38:17', 'Signed out of the system'),
(2682, 63, '2015-01-22 22:38:38', 'Logged Into the system'),
(2683, 63, '2015-01-22 22:39:10', 'Stopped a task in a job card no 68 into the system '),
(2684, 62, '2015-01-22 22:41:53', 'Created labour cost matrix into the system '),
(2685, 62, '2015-01-22 22:42:12', 'Created labour cost matrix into the system '),
(2686, 62, '2015-01-22 22:42:41', 'Added a booking for Joyce Nyanamba of vehicle KBN 144B into the system'),
(2687, 62, '2015-01-22 22:43:13', 'Signed out of the system'),
(2688, 62, '2015-01-22 22:44:04', 'Logged Into the system'),
(2689, 62, '2015-01-22 22:44:36', 'Logged Into the system'),
(2690, 62, '2015-01-22 22:44:52', 'Update a quotation task (80) into the system'),
(2691, 62, '2015-01-22 22:53:20', 'Deleted Quotation Item from the system'),
(2692, 62, '2015-01-22 23:06:15', 'Logged Into the system'),
(2693, 62, '2015-01-22 23:06:36', 'Added a booking for Moses Okumu of vehicle KBU 750N into the system'),
(2694, 62, '2015-01-22 23:07:47', 'Signed out of the system'),
(2695, 62, '2015-01-22 23:08:42', 'Logged Into the system'),
(2696, 62, '2015-01-22 23:36:06', 'Signed out of the system'),
(2697, 63, '2015-01-22 23:36:19', 'Logged Into the system'),
(2698, 63, '2015-01-22 23:36:30', 'Clocked in a job card no 71 into the system '),
(2699, 63, '2015-01-22 23:36:45', 'Signed out of the system'),
(2700, 62, '2015-01-22 23:36:53', 'Logged Into the system'),
(2701, 62, '2015-01-22 23:37:16', 'Logged Into the system'),
(2702, 62, '2015-01-22 23:38:02', 'Created an labour task Hand brake linings labour into the system '),
(2703, 62, '2015-01-22 23:38:31', 'Created labour cost matrix into the system '),
(2704, 62, '2015-01-22 23:38:59', 'Added more job card tasks (120) into the system'),
(2705, 62, '2015-01-22 23:39:06', 'Signed out of the system'),
(2706, 66, '2015-01-22 23:39:15', 'Logged Into the system'),
(2707, 66, '2015-01-22 23:39:28', 'Clocked in a job card no 68 into the system '),
(2708, 66, '2015-01-22 23:39:38', 'Clocked in a job card no 70 into the system '),
(2709, 66, '2015-01-22 23:39:58', 'Signed out of the system'),
(2710, 62, '2015-01-22 23:40:21', 'Logged Into the system'),
(2711, 62, '2015-01-22 23:42:11', 'Signed out of the system'),
(2712, 63, '2015-01-22 23:42:21', 'Logged Into the system'),
(2713, 63, '2015-01-22 23:42:39', 'Finished a task in job card no 71 into the system '),
(2714, 63, '2015-01-22 23:42:46', 'Signed out of the system'),
(2715, 62, '2015-01-22 23:42:59', 'Logged Into the system'),
(2716, 62, '2015-01-22 23:44:26', 'Update labour matrix details into the system'),
(2717, 62, '2015-01-22 23:44:45', 'Update labour matrix details into the system'),
(2718, 62, '2015-01-22 23:45:04', 'Update a invoice task (67) into the system'),
(2719, 62, '2015-01-23 00:26:50', 'Added a booking for Miss of vehicle KBT 725U into the system'),
(2720, 62, '2015-01-23 00:27:21', 'Signed out of the system'),
(2721, 66, '2015-01-23 00:27:27', 'Logged Into the system'),
(2722, 66, '2015-01-23 00:27:38', 'Clocked in a job card no 72 into the system '),
(2723, 66, '2015-01-23 00:27:54', 'Finished a task in job card no 70 into the system '),
(2724, 66, '2015-01-23 00:28:01', 'Signed out of the system'),
(2725, 62, '2015-01-23 00:28:26', 'Logged Into the system'),
(2726, 62, '2015-01-23 00:30:30', 'Signed out of the system'),
(2727, 62, '2015-01-23 00:30:44', 'Logged Into the system'),
(2728, 62, '2015-01-23 00:30:53', 'Signed out of the system'),
(2729, 66, '2015-01-23 00:31:35', 'Logged Into the system'),
(2730, 66, '2015-01-23 00:31:48', 'Finished a task in job card no 72 into the system '),
(2731, 66, '2015-01-23 00:31:54', 'Signed out of the system'),
(2732, 62, '2015-01-23 00:32:21', 'Logged Into the system'),
(2733, 69, '2015-01-23 00:33:38', 'Signed out of the system'),
(2734, 69, '2015-01-23 00:34:02', 'Logged Into the system'),
(2735, 69, '2015-01-23 00:37:45', 'Signed out of the system'),
(2736, 69, '2015-01-23 00:37:56', 'Logged Into the system'),
(2737, 70, '2015-01-23 00:44:54', 'Logged Into the system'),
(2738, 69, '2015-01-23 01:19:20', 'Deleted Invoice Task from the system'),
(2739, 69, '2015-01-23 01:19:31', 'Deleted Invoice Task from the system'),
(2740, 69, '2015-01-23 01:20:31', 'Deleted Invoice Task from the system'),
(2741, 0, '2015-01-23 01:32:48', 'Update a booking for Team Fergie Transporters  of vehicle KBW 145L into the system'),
(2742, 69, '2015-01-23 01:47:07', 'Update customer Njuguna  details into the system '),
(2743, 62, '2015-01-23 01:55:42', 'Signed out of the system'),
(2744, 63, '2015-01-23 01:55:50', 'Logged Into the system'),
(2745, 63, '2015-01-23 01:55:58', 'Resumed a task in a job card no 68 into the system '),
(2746, 63, '2015-01-23 01:56:22', 'Finished a task in job card no 68 into the system '),
(2747, 63, '2015-01-23 01:56:34', 'Finished a task in job card no 68 into the system '),
(2748, 63, '2015-01-23 01:56:37', 'Signed out of the system'),
(2749, 62, '2015-01-23 01:56:47', 'Logged Into the system'),
(2750, 69, '2015-01-23 02:20:25', 'Update customer Murimi details into the system '),
(2751, 62, '2015-01-23 02:23:15', 'Added a booking for Mr./Mrs Others of vehicle KBY 756G DM into the system'),
(2752, 62, '2015-01-23 02:28:47', 'Created an labour task Tyre change into the system '),
(2753, 62, '2015-01-23 02:29:28', 'Created labour cost matrix into the system '),
(2754, 62, '2015-01-23 02:29:45', 'Created labour cost matrix into the system '),
(2755, 62, '2015-01-23 02:29:56', 'Created labour cost matrix into the system '),
(2756, 62, '2015-01-23 02:30:31', 'Added more job card tasks (48) into the system'),
(2757, 62, '2015-01-23 02:31:19', 'Added more job card tasks (48) into the system'),
(2758, 62, '2015-01-23 02:31:35', 'Added more job card tasks (48) into the system'),
(2759, 62, '2015-01-23 02:32:15', 'Added more job card tasks (48) into the system'),
(2760, 62, '2015-01-23 02:32:35', 'Added more job card tasks (121) into the system'),
(2761, 62, '2015-01-23 02:32:58', 'Added more job card tasks (121) into the system'),
(2762, 62, '2015-01-23 02:33:51', 'Added more job card tasks (92) into the system'),
(2763, 62, '2015-01-23 02:34:17', 'Signed out of the system'),
(2764, 66, '2015-01-23 02:34:26', 'Logged Into the system'),
(2765, 66, '2015-01-23 02:34:45', 'Clocked in a job card no 73 into the system '),
(2766, 66, '2015-01-23 02:34:54', 'Clocked in a job card no 73 into the system '),
(2767, 66, '2015-01-23 02:35:07', 'Clocked in a job card no 73 into the system '),
(2768, 66, '2015-01-23 02:35:16', 'Clocked in a job card no 73 into the system '),
(2769, 66, '2015-01-23 02:35:24', 'Clocked in a job card no 73 into the system '),
(2770, 66, '2015-01-23 02:35:34', 'Clocked in a job card no 73 into the system '),
(2771, 66, '2015-01-23 02:35:43', 'Clocked in a job card no 73 into the system '),
(2772, 66, '2015-01-23 02:35:51', 'Clocked in a job card no 73 into the system '),
(2773, 66, '2015-01-23 02:35:58', 'Clocked in a job card no 73 into the system '),
(2774, 66, '2015-01-23 02:36:12', 'Clocked in a job card no 73 into the system '),
(2775, 66, '2015-01-23 02:36:56', 'Clocked in a job card no 73 into the system '),
(2776, 66, '2015-01-23 02:37:04', 'Clocked in a job card no 73 into the system '),
(2777, 66, '2015-01-23 02:37:13', 'Signed out of the system'),
(2778, 62, '2015-01-23 02:37:24', 'Logged Into the system'),
(2779, 62, '2015-01-23 02:45:48', 'Added a booking for MR.Benz of vehicle KBY 756G DM 2 into the system'),
(2780, 62, '2015-01-23 02:46:52', 'Signed out of the system'),
(2781, 0, '2015-01-23 02:46:52', 'Signed out of the system'),
(2782, 66, '2015-01-23 02:46:59', 'Logged Into the system'),
(2783, 66, '2015-01-23 02:47:13', 'Finished a task in job card no 73 into the system '),
(2784, 66, '2015-01-23 02:47:22', 'Finished a task in job card no 73 into the system '),
(2785, 66, '2015-01-23 02:47:30', 'Finished a task in job card no 73 into the system '),
(2786, 66, '2015-01-23 02:47:40', 'Finished a task in job card no 73 into the system '),
(2787, 66, '2015-01-23 02:47:50', 'Finished a task in job card no 73 into the system '),
(2788, 66, '2015-01-23 02:47:59', 'Finished a task in job card no 73 into the system '),
(2789, 66, '2015-01-23 02:48:08', 'Finished a task in job card no 73 into the system '),
(2790, 66, '2015-01-23 02:48:17', 'Finished a task in job card no 73 into the system '),
(2791, 66, '2015-01-23 02:48:25', 'Finished a task in job card no 73 into the system '),
(2792, 66, '2015-01-23 02:48:35', 'Finished a task in job card no 73 into the system '),
(2793, 66, '2015-01-23 02:48:43', 'Finished a task in job card no 73 into the system '),
(2794, 66, '2015-01-23 02:48:52', 'Finished a task in job card no 73 into the system '),
(2795, 66, '2015-01-23 02:49:16', 'Clocked in a job card no 73 into the system '),
(2796, 66, '2015-01-23 02:49:30', 'Clocked in a job card no 74 into the system '),
(2797, 66, '2015-01-23 02:49:40', 'Signed out of the system'),
(2798, 0, '2015-01-23 02:49:40', 'Signed out of the system'),
(2799, 62, '2015-01-23 02:49:50', 'Logged Into the system'),
(2800, 62, '2015-01-23 02:50:17', 'Signed out of the system'),
(2801, 0, '2015-01-23 02:50:17', 'Signed out of the system'),
(2802, 66, '2015-01-23 02:50:37', 'Logged Into the system'),
(2803, 66, '2015-01-23 02:50:51', 'Finished a task in job card no 73 into the system '),
(2804, 66, '2015-01-23 02:50:53', 'Signed out of the system'),
(2805, 0, '2015-01-23 02:50:53', 'Signed out of the system'),
(2806, 62, '2015-01-23 02:51:01', 'Logged Into the system'),
(2807, 62, '2015-01-23 03:13:20', 'Signed out of the system'),
(2808, 64, '2015-01-23 03:13:32', 'Logged Into the system'),
(2809, 64, '2015-01-23 03:16:04', 'Signed out of the system'),
(2810, 62, '2015-01-23 03:16:15', 'Logged Into the system'),
(2811, 62, '2015-01-23 03:18:38', 'Signed out of the system'),
(2812, 63, '2015-01-23 03:18:49', 'Logged Into the system'),
(2813, 63, '2015-01-23 03:35:39', 'Finished a task in job card no 74 into the system '),
(2814, 63, '2015-01-23 03:35:42', 'Signed out of the system'),
(2815, 0, '2015-01-23 03:35:42', 'Signed out of the system'),
(2816, 62, '2015-01-23 03:35:53', 'Logged Into the system'),
(2817, 62, '2015-01-23 03:35:55', 'Logged Into the system'),
(2818, 62, '2015-01-23 03:37:15', 'Signed out of the system'),
(2819, 63, '2015-01-23 03:37:24', 'Logged Into the system'),
(2820, 63, '2015-01-23 03:37:45', 'Signed out of the system'),
(2821, 62, '2015-01-23 03:37:55', 'Logged Into the system'),
(2822, 62, '2015-01-23 03:39:05', 'Logged Into the system'),
(2823, 62, '2015-01-23 03:39:10', 'Logged Into the system'),
(2824, 62, '2015-01-23 03:39:11', 'Logged Into the system'),
(2825, 62, '2015-01-23 03:45:52', 'Created an labour task Repair  Hydraulic Steering Pipe Merc into the system '),
(2826, 62, '2015-01-23 03:46:27', 'Created labour cost matrix into the system '),
(2827, 62, '2015-01-23 03:46:47', 'Update labour matrix details into the system'),
(2828, 62, '2015-01-23 03:47:42', 'Update a preliminary job card task (122) into the system'),
(2829, 62, '2015-01-23 03:48:13', 'Signed out of the system'),
(2830, 64, '2015-01-23 03:48:43', 'Logged Into the system'),
(2831, 64, '2015-01-23 03:49:28', 'Signed out of the system'),
(2832, 62, '2015-01-23 03:49:38', 'Logged Into the system'),
(2833, 62, '2015-01-23 03:50:21', 'Update labour matrix details into the system'),
(2834, 62, '2015-01-23 03:50:53', 'Update a preliminary job card task (122) into the system'),
(2835, 62, '2015-01-23 03:52:41', 'Update labour matrix details into the system'),
(2836, 62, '2015-01-23 03:53:03', 'Update a preliminary job card task (122) into the system'),
(2837, 62, '2015-01-23 03:53:45', 'Update labour matrix details into the system'),
(2838, 62, '2015-01-23 03:53:56', 'Update a preliminary job card task (122) into the system'),
(2839, 62, '2015-01-23 03:54:25', 'Update labour matrix details into the system'),
(2840, 62, '2015-01-23 03:54:38', 'Update a preliminary job card task (122) into the system'),
(2841, 62, '2015-01-23 03:55:21', 'Update labour matrix details into the system'),
(2842, 62, '2015-01-23 03:55:43', 'Update a preliminary job card task (122) into the system'),
(2843, 62, '2015-01-23 03:56:42', 'Update labour matrix details into the system'),
(2844, 62, '2015-01-23 03:56:52', 'Update a preliminary job card task (122) into the system'),
(2845, 62, '2015-01-23 03:57:23', 'Update labour matrix details into the system'),
(2846, 62, '2015-01-23 03:57:36', 'Update a preliminary job card task (122) into the system'),
(2847, 62, '2015-01-23 03:58:30', 'Update labour matrix details into the system'),
(2848, 62, '2015-01-23 03:58:45', 'Update a preliminary job card task (122) into the system'),
(2849, 62, '2015-01-23 04:09:25', 'Update invoice details details into the system'),
(2850, 64, '2015-01-23 04:10:56', 'Logged Into the system'),
(2851, 62, '2015-01-23 04:14:24', 'Signed out of the system'),
(2852, 64, '2015-01-23 18:50:45', 'Logged Into the system'),
(2853, 62, '2015-01-23 19:11:47', 'Logged Into the system'),
(2854, 62, '2015-01-23 19:34:16', 'Added a booking for Joseph Tororei of vehicle others into the system'),
(2855, 62, '2015-01-23 19:34:41', 'Signed out of the system'),
(2856, 66, '2015-01-23 19:34:49', 'Logged Into the system'),
(2857, 66, '2015-01-23 19:35:04', 'Clocked in a job card no 75 into the system '),
(2858, 66, '2015-01-23 19:35:11', 'Signed out of the system'),
(2859, 62, '2015-01-23 19:35:23', 'Logged Into the system'),
(2860, 62, '2015-01-23 19:35:37', 'Signed out of the system'),
(2861, 66, '2015-01-23 19:35:45', 'Logged Into the system'),
(2862, 66, '2015-01-23 19:35:56', 'Finished a task in job card no 75 into the system '),
(2863, 66, '2015-01-23 19:35:58', 'Signed out of the system'),
(2864, 62, '2015-01-23 19:36:05', 'Logged Into the system'),
(2865, 69, '2015-01-23 19:37:40', 'Logged Into the system'),
(2866, 62, '2015-01-23 20:07:27', 'Update customer Team fergie Transporters details into the system '),
(2867, 62, '2015-01-23 20:09:01', 'Added a booking for Team fergie Transporters of vehicle KBY 755G into the system'),
(2868, 62, '2015-01-23 20:09:26', 'Signed out of the system'),
(2869, 66, '2015-01-23 20:10:00', 'Logged Into the system'),
(2870, 66, '2015-01-23 20:10:19', 'Clocked in a job card no 76 into the system '),
(2871, 66, '2015-01-23 20:10:48', 'Signed out of the system'),
(2872, 62, '2015-01-23 20:11:01', 'Logged Into the system'),
(2873, 62, '2015-01-23 21:06:29', 'Added a booking for Cunningham Mwathi of vehicle KBS 772A into the system'),
(2874, 62, '2015-01-23 21:07:08', 'Signed out of the system'),
(2875, 66, '2015-01-23 21:07:16', 'Logged Into the system'),
(2876, 66, '2015-01-23 21:07:29', 'Clocked in a job card no 77 into the system '),
(2877, 66, '2015-01-23 21:07:38', 'Finished a task in job card no 76 into the system '),
(2878, 66, '2015-01-23 21:08:18', 'Signed out of the system'),
(2879, 62, '2015-01-23 21:08:29', 'Logged Into the system'),
(2880, 62, '2015-01-23 21:09:29', 'Created labour cost matrix into the system '),
(2881, 62, '2015-01-23 21:09:42', 'Update a preliminary job card task (103) into the system'),
(2882, 62, '2015-01-23 21:09:58', 'Signed out of the system'),
(2883, 66, '2015-01-23 21:10:07', 'Logged Into the system'),
(2884, 66, '2015-01-23 21:10:21', 'Finished a task in job card no 77 into the system '),
(2885, 66, '2015-01-23 21:10:30', 'Signed out of the system'),
(2886, 62, '2015-01-23 21:10:41', 'Logged Into the system'),
(2887, 62, '2015-01-23 21:32:04', 'Added more invoice tasks (103) into the system'),
(2888, 62, '2015-01-23 21:53:50', 'Logged Into the system'),
(2889, 62, '2015-01-23 22:01:53', 'Added more job card tasks (61) into the system'),
(2890, 62, '2015-01-23 22:01:57', 'Signed out of the system'),
(2891, 63, '2015-01-23 22:02:06', 'Logged Into the system'),
(2892, 63, '2015-01-23 22:02:18', 'Clocked in a job card no 68 into the system '),
(2893, 63, '2015-01-23 22:02:27', 'Signed out of the system'),
(2894, 62, '2015-01-23 22:02:38', 'Logged Into the system'),
(2895, 62, '2015-01-23 22:04:02', 'Signed out of the system'),
(2896, 66, '2015-01-23 22:04:19', 'Logged Into the system'),
(2897, 66, '2015-01-23 22:04:46', 'Clocked in a job card no 64 into the system '),
(2898, 66, '2015-01-23 22:06:38', 'Signed out of the system'),
(2899, 62, '2015-01-23 22:06:51', 'Logged Into the system'),
(2900, 68, '2015-01-23 22:07:20', 'Logged Into the system'),
(2901, 62, '2015-01-23 22:10:32', 'Signed out of the system'),
(2902, 62, '2015-01-23 22:10:41', 'Logged Into the system'),
(2903, 62, '2015-01-23 22:10:46', 'Signed out of the system'),
(2904, 66, '2015-01-23 22:10:54', 'Logged Into the system'),
(2905, 66, '2015-01-23 22:11:15', 'Clocked in a job card no 58 into the system '),
(2906, 66, '2015-01-23 22:11:54', 'Signed out of the system'),
(2907, 62, '2015-01-23 22:12:06', 'Logged Into the system'),
(2908, 64, '2015-01-23 22:20:51', 'Updated a item CURD CLEANER details'),
(2909, 62, '2015-01-23 22:22:41', 'Signed out of the system'),
(2910, 66, '2015-01-23 22:22:51', 'Logged Into the system'),
(2911, 66, '2015-01-23 22:23:11', 'Logged Into the system'),
(2912, 66, '2015-01-23 22:31:08', 'Finished a task in job card no 68 into the system '),
(2913, 66, '2015-01-23 22:31:16', 'Finished a task in job card no 58 into the system '),
(2914, 66, '2015-01-23 22:31:24', 'Finished a task in job card no 64 into the system '),
(2915, 66, '2015-01-23 22:31:52', 'Signed out of the system'),
(2916, 0, '2015-01-23 22:31:52', 'Signed out of the system'),
(2917, 62, '2015-01-23 22:32:03', 'Logged Into the system'),
(2918, 64, '2015-01-23 22:34:11', 'Logged Into the system'),
(2919, 64, '2015-01-23 22:36:29', 'deleted an item from the system'),
(2920, 62, '2015-01-23 22:46:12', 'Signed out of the system'),
(2921, 66, '2015-01-23 22:46:22', 'Logged Into the system'),
(2922, 66, '2015-01-23 22:46:49', 'Signed out of the system'),
(2923, 62, '2015-01-23 22:46:59', 'Logged Into the system'),
(2924, 62, '2015-01-23 22:50:16', 'Added more job card tasks (91) into the system'),
(2925, 62, '2015-01-23 22:50:44', 'Signed out of the system'),
(2926, 63, '2015-01-23 22:50:55', 'Logged Into the system'),
(2927, 63, '2015-01-23 22:51:11', 'Clocked in a job card no 49 into the system '),
(2928, 63, '2015-01-23 22:51:14', 'Signed out of the system'),
(2929, 62, '2015-01-23 22:51:25', 'Logged Into the system'),
(2930, 62, '2015-01-23 23:12:35', 'Signed out of the system'),
(2931, 66, '2015-01-23 23:12:43', 'Logged Into the system'),
(2932, 66, '2015-01-23 23:12:56', 'Finished a task in job card no 49 into the system '),
(2933, 66, '2015-01-23 23:13:03', 'Signed out of the system'),
(2934, 62, '2015-01-23 23:13:14', 'Logged Into the system'),
(2935, 69, '2015-01-23 23:16:55', 'Logged Into the system'),
(2936, 64, '2015-01-23 23:23:40', 'Updated a item Brake padsKD2718 details'),
(2937, 62, '2015-01-23 23:24:06', 'Signed out of the system'),
(2938, 64, '2015-01-23 23:24:14', 'Updated a item Brake padsKD2780 details'),
(2939, 62, '2015-01-23 23:24:19', 'Logged Into the system'),
(2940, 64, '2015-01-23 23:25:11', 'Updated a item Brake padsKD2701 details'),
(2941, 64, '2015-01-23 23:27:19', 'Updated a item Brake padsKD2725 details'),
(2942, 64, '2015-01-23 23:28:48', 'Updated a item Brake padsKD2203 details'),
(2943, 64, '2015-01-23 23:29:08', 'Updated a item Brake padsKD2208 details'),
(2944, 64, '2015-01-23 23:30:06', 'Updated a item Brake padsKD2798 details'),
(2945, 64, '2015-01-23 23:31:11', 'Updated a item Brake padsKD2740 details'),
(2946, 64, '2015-01-23 23:32:26', 'Updated a item Brake padsKD2457 details'),
(2947, 64, '2015-01-24 00:03:27', 'Updated a item Brake padsKD1740 details'),
(2948, 64, '2015-01-24 00:11:49', 'Updated a item Brake padsKD2739 details'),
(2949, 64, '2015-01-24 00:12:14', 'Updated a item Brake padsKD2739 details'),
(2950, 64, '2015-01-24 00:13:30', 'Updated a item Brake padsKD2776 details'),
(2951, 64, '2015-01-24 00:14:30', 'Updated a item Brake padsKD2776 details'),
(2952, 64, '2015-01-24 00:17:40', 'Updated a item Brake padsKD1739 details'),
(2953, 64, '2015-01-24 00:18:32', 'Updated a item Brake padsKD1739 details'),
(2954, 62, '2015-01-24 00:49:01', 'Logged Into the system'),
(2955, 62, '2015-01-24 00:49:35', 'Added more job card tasks (121) into the system'),
(2956, 62, '2015-01-24 00:50:49', 'Update labour matrix details into the system'),
(2957, 62, '2015-01-24 00:51:09', 'Update a preliminary job card task (121) into the system'),
(2958, 62, '2015-01-24 00:51:50', 'Update labour matrix details into the system'),
(2959, 62, '2015-01-24 00:52:00', 'Update a preliminary job card task (121) into the system'),
(2960, 62, '2015-01-24 00:52:45', 'Update labour matrix details into the system'),
(2961, 62, '2015-01-24 00:52:58', 'Update a preliminary job card task (121) into the system'),
(2962, 62, '2015-01-24 00:53:47', 'Update labour matrix details into the system'),
(2963, 62, '2015-01-24 00:54:04', 'Update a preliminary job card task (121) into the system'),
(2964, 62, '2015-01-24 00:56:12', 'Update labour matrix details into the system'),
(2965, 62, '2015-01-24 00:56:24', 'Update a preliminary job card task (121) into the system'),
(2966, 62, '2015-01-24 00:57:19', 'Update labour matrix details into the system'),
(2967, 62, '2015-01-24 00:57:36', 'Update a preliminary job card task (121) into the system'),
(2968, 62, '2015-01-24 00:58:04', 'Update labour matrix details into the system'),
(2969, 62, '2015-01-24 00:58:15', 'Update a preliminary job card task (121) into the system'),
(2970, 62, '2015-01-24 00:58:21', 'Update a preliminary job card task (121) into the system'),
(2971, 62, '2015-01-24 00:59:15', 'Update labour matrix details into the system'),
(2972, 62, '2015-01-24 00:59:27', 'Update a preliminary job card task (121) into the system'),
(2973, 62, '2015-01-24 00:59:59', 'Update labour matrix details into the system'),
(2974, 62, '2015-01-24 01:00:08', 'Update a preliminary job card task (121) into the system'),
(2975, 62, '2015-01-24 01:00:36', 'Update labour matrix details into the system'),
(2976, 62, '2015-01-24 01:00:46', 'Update a preliminary job card task (121) into the system'),
(2977, 62, '2015-01-24 01:01:20', 'Signed out of the system'),
(2978, 66, '2015-01-24 01:01:30', 'Logged Into the system'),
(2979, 66, '2015-01-24 01:01:42', 'Clocked in a job card no 76 into the system '),
(2980, 64, '2015-01-24 01:05:24', 'deleted an item from the system'),
(2981, 64, '2015-01-24 01:06:36', 'Updated a item ARADATE RAPID details'),
(2982, 64, '2015-01-24 01:07:41', 'Updated a item Brake pads Toyota probox platz succed details'),
(2983, 64, '2015-01-24 01:08:13', 'Updated a item Brake pads liningX288 details'),
(2984, 64, '2015-01-24 01:08:52', 'Updated a item Brake pads  probox details'),
(2985, 64, '2015-01-24 01:09:23', 'Updated a item Brake pads liningAK2342 details'),
(2986, 64, '2015-01-24 01:10:23', 'Updated a item Brake lining ProboxBS-K2358 details'),
(2987, 64, '2015-01-24 01:11:30', 'deleted an item from the system'),
(2988, 64, '2015-01-24 01:11:59', 'Updated a item Fuel Filterz700 details'),
(2989, 64, '2015-01-24 01:12:22', 'Updated a item Oil Filter6DBOB-0309-A details'),
(2990, 64, '2015-01-24 01:13:22', 'Updated a item Air Cleaner NQR details'),
(2991, 64, '2015-01-24 01:15:14', 'Updated a item Rear Wheel inner1-03434659-0 details'),
(2992, 64, '2015-01-24 01:16:26', 'Updated a item Rear Wheel outer 4.3 8-89448094-0 details'),
(2993, 64, '2015-01-24 01:17:15', 'Updated a item Front inner Bearing  32210j1-08 details'),
(2994, 64, '2015-01-24 01:18:17', 'Updated a item Front inner seal 8-942481171-0  details'),
(2995, 64, '2015-01-24 01:19:08', 'Updated a item Front outer Bearing  32207jr details'),
(2996, 64, '2015-01-24 01:22:16', 'Updated a item rear inner outer 30213l1-06 details'),
(2997, 64, '2015-01-24 01:23:17', 'Updated a item Rear inner bearing28680/22102 details'),
(2998, 64, '2015-01-24 01:24:11', 'Updated a item CURB  CLEANER details'),
(2999, 64, '2015-01-24 01:25:35', 'Updated a item Oil Filter Mark x-31020/80 details'),
(3000, 64, '2015-01-24 01:26:55', 'Updated a item Oil Filter Nissan65F00 details'),
(3001, 64, '2015-01-24 01:27:37', 'Updated a item Oil Filter Toyota Passo-37010 details'),
(3002, 64, '2015-01-24 01:28:11', 'Updated a item Oil Filter Toyota03006 details'),
(3003, 66, '2015-01-24 01:29:08', 'Finished a task in job card no 76 into the system '),
(3004, 66, '2015-01-24 01:29:11', 'Signed out of the system'),
(3005, 62, '2015-01-24 01:29:25', 'Logged Into the system'),
(3006, 62, '2015-01-24 01:33:24', 'Created an labour task Replaced Crankshaft sensor into the system '),
(3007, 62, '2015-01-24 01:34:38', 'Created labour cost matrix into the system '),
(3008, 64, '2015-01-24 01:36:38', 'Created an item CRUNK SHAFT SENSOR into the system'),
(3009, 64, '2015-01-24 01:38:21', 'Updated a item CRANK SHAFT SENSOR details'),
(3010, 64, '2015-01-24 01:42:19', 'Updated a item Engine oil3ltrs details'),
(3011, 64, '2015-01-24 01:43:40', 'Updated a item Engine oi l3ltrs details'),
(3012, 62, '2015-01-24 01:44:50', 'Logged Into the system'),
(3013, 64, '2015-01-24 01:46:01', 'Added more requisition parts details into the system'),
(3014, 64, '2015-01-24 01:48:32', 'Updated a item Engine oi 1.5ltrs details'),
(3015, 64, '2015-01-24 01:48:48', 'Deleted Requistion Item from the system'),
(3016, 64, '2015-01-24 01:49:05', 'Added more requisition parts details into the system'),
(3017, 64, '2015-01-24 01:50:10', 'Updated a item Engine oil 1.5ltrs details'),
(3018, 64, '2015-01-24 01:50:29', 'Deleted Requistion Item from the system'),
(3019, 64, '2015-01-24 01:50:57', 'Added more requisition parts details into the system'),
(3020, 62, '2015-01-24 01:52:18', 'Added more job card tasks (123) into the system'),
(3021, 62, '2015-01-24 01:52:23', 'Deleted Job Card Task from the system'),
(3022, 62, '2015-01-24 01:53:00', 'Signed out of the system'),
(3023, 66, '2015-01-24 01:53:09', 'Logged Into the system'),
(3024, 66, '2015-01-24 01:53:20', 'Clocked in a job card no 70 into the system '),
(3025, 66, '2015-01-24 01:53:27', 'Signed out of the system'),
(3026, 62, '2015-01-24 01:53:36', 'Logged Into the system'),
(3027, 62, '2015-01-24 01:54:55', 'Update a preliminary job card task (67) into the system'),
(3028, 69, '2015-01-24 02:10:38', 'Signed out of the system'),
(3029, 19, '2015-01-24 02:10:48', 'Logged Into the system'),
(3030, 19, '2015-01-24 02:11:21', 'Signed out of the system'),
(3031, 19, '2015-01-24 02:11:28', 'Logged Into the system'),
(3032, 19, '2015-01-24 02:12:24', 'Signed out of the system'),
(3033, 62, '2015-01-24 02:12:38', 'Logged Into the system'),
(3034, 69, '2015-01-24 02:15:22', 'Logged Into the system'),
(3035, 69, '2015-01-24 02:15:35', 'Signed out of the system'),
(3036, 19, '2015-01-24 02:15:45', 'Logged Into the system'),
(3037, 62, '2015-01-24 02:16:41', 'Added a booking for Snowball Sacco of vehicle KAC 196G into the system'),
(3038, 62, '2015-01-24 02:17:02', 'Signed out of the system'),
(3039, 66, '2015-01-24 02:17:11', 'Logged Into the system'),
(3040, 66, '2015-01-24 02:17:21', 'Clocked in a job card no 78 into the system '),
(3041, 66, '2015-01-24 02:17:26', 'Signed out of the system'),
(3042, 62, '2015-01-24 02:17:36', 'Logged Into the system'),
(3043, 62, '2015-01-24 02:18:56', 'Update labour matrix details into the system'),
(3044, 62, '2015-01-24 02:25:52', 'Logged Into the system'),
(3045, 69, '2015-01-24 02:29:39', 'Logged Into the system'),
(3046, 62, '2015-01-24 02:37:36', 'Signed out of the system'),
(3047, 66, '2015-01-24 02:37:46', 'Logged Into the system'),
(3048, 66, '2015-01-24 02:38:05', 'Finished a task in job card no 70 into the system '),
(3049, 66, '2015-01-24 02:38:32', 'Finished a task in job card no 78 into the system '),
(3050, 66, '2015-01-24 02:38:56', 'Signed out of the system'),
(3051, 62, '2015-01-24 02:39:08', 'Logged Into the system'),
(3052, 70, '2015-01-24 03:08:10', 'Logged Into the system'),
(3053, 62, '2015-01-24 03:40:41', 'Added more invoice tasks (91) into the system'),
(3054, 62, '2015-01-24 03:46:05', 'Signed out of the system'),
(3055, 62, '2015-01-24 03:46:25', 'Logged Into the system'),
(3056, 62, '2015-01-24 04:06:41', 'Signed out of the system'),
(3057, 62, '2015-01-24 04:14:30', 'Logged Into the system'),
(3058, 62, '2015-01-24 04:17:23', 'Signed out of the system'),
(3059, 19, '2015-01-24 05:05:50', 'Logged Into the system'),
(3060, 70, '2015-01-24 05:20:24', 'Logged Into the system'),
(3061, 19, '2015-01-24 05:44:00', 'Signed out of the system'),
(3062, 64, '2015-01-24 18:50:31', 'Logged Into the system'),
(3063, 62, '2015-01-24 19:27:08', 'Logged Into the system'),
(3064, 62, '2015-01-24 19:27:54', 'Added a booking for Team Fergie Transporters  of vehicle KBV 079P into the system'),
(3065, 62, '2015-01-24 19:29:42', 'Signed out of the system'),
(3066, 66, '2015-01-24 19:29:53', 'Logged Into the system'),
(3067, 66, '2015-01-24 19:30:05', 'Clocked in a job card no 79 into the system '),
(3068, 66, '2015-01-24 19:30:11', 'Signed out of the system'),
(3069, 62, '2015-01-24 19:33:16', 'Logged Into the system'),
(3070, 62, '2015-01-24 19:38:36', 'Signed out of the system'),
(3071, 0, '2015-01-24 19:38:36', 'Signed out of the system'),
(3072, 66, '2015-01-24 19:38:45', 'Logged Into the system'),
(3073, 66, '2015-01-24 19:38:59', 'Finished a task in job card no 79 into the system '),
(3074, 66, '2015-01-24 19:39:13', 'Signed out of the system'),
(3075, 62, '2015-01-24 19:39:23', 'Logged Into the system'),
(3076, 68, '2015-01-24 20:05:28', 'Logged Into the system'),
(3077, 62, '2015-01-24 20:45:41', 'Logged Into the system'),
(3078, 62, '2015-01-24 20:47:10', 'Created an labour task Service A1 into the system '),
(3079, 62, '2015-01-24 20:47:25', 'Created an labour task Service A2 into the system '),
(3080, 62, '2015-01-24 20:47:38', 'Created an labour task Service A3 into the system '),
(3081, 62, '2015-01-24 20:47:53', 'Created an labour task Service B1 into the system '),
(3082, 62, '2015-01-24 20:48:05', 'Created an labour task Service B2 into the system '),
(3083, 62, '2015-01-24 20:48:15', 'Created an labour task Service B3 into the system '),
(3084, 62, '2015-01-24 20:49:01', 'Created labour cost matrix into the system '),
(3085, 62, '2015-01-24 20:49:20', 'Created labour cost matrix into the system '),
(3086, 62, '2015-01-24 20:49:35', 'Created labour cost matrix into the system '),
(3087, 62, '2015-01-24 20:52:38', 'Created labour cost matrix into the system '),
(3088, 62, '2015-01-24 20:53:08', 'Created labour cost matrix into the system '),
(3089, 62, '2015-01-24 20:53:27', 'Created labour cost matrix into the system '),
(3090, 62, '2015-01-24 21:26:41', 'Update labour matrix details into the system'),
(3091, 62, '2015-01-24 21:27:27', 'Update labour matrix details into the system'),
(3092, 62, '2015-01-24 21:27:48', 'Update labour matrix details into the system'),
(3093, 62, '2015-01-24 21:43:38', 'Added a booking for mr. of vehicle KBZ 594W into the system'),
(3094, 62, '2015-01-24 21:44:10', 'Signed out of the system'),
(3095, 66, '2015-01-24 21:44:21', 'Logged Into the system'),
(3096, 66, '2015-01-24 21:44:34', 'Clocked in a job card no 80 into the system '),
(3097, 66, '2015-01-24 21:45:00', 'Signed out of the system'),
(3098, 62, '2015-01-24 21:45:16', 'Logged Into the system'),
(3099, 62, '2015-01-24 21:45:43', 'Update labour matrix details into the system'),
(3100, 62, '2015-01-24 21:46:06', 'Update labour matrix details into the system'),
(3101, 62, '2015-01-24 21:46:48', 'Update labour matrix details into the system'),
(3102, 62, '2015-01-24 21:47:53', 'Update a preliminary job card task (121) into the system'),
(3103, 62, '2015-01-24 21:48:11', 'Update a preliminary job card task (121) into the system'),
(3104, 62, '2015-01-24 21:49:55', 'Update labour matrix details into the system'),
(3105, 62, '2015-01-24 21:50:12', 'Update a preliminary job card task (121) into the system'),
(3106, 62, '2015-01-24 21:51:27', 'Update labour matrix details into the system'),
(3107, 62, '2015-01-24 21:51:37', 'Update a preliminary job card task (121) into the system'),
(3108, 62, '2015-01-24 21:57:32', 'Signed out of the system'),
(3109, 66, '2015-01-24 21:57:44', 'Logged Into the system'),
(3110, 66, '2015-01-24 21:58:13', 'Finished a task in job card no 80 into the system '),
(3111, 66, '2015-01-24 21:58:23', 'Signed out of the system'),
(3112, 62, '2015-01-24 21:58:38', 'Logged Into the system'),
(3113, 69, '2015-01-24 22:00:10', 'Logged Into the system'),
(3114, 62, '2015-01-24 22:16:29', 'Created labour cost matrix into the system '),
(3115, 62, '2015-01-24 22:19:59', 'Created labour cost matrix into the system '),
(3116, 62, '2015-01-24 22:20:49', 'Created labour cost matrix into the system '),
(3117, 62, '2015-01-24 22:21:45', 'Created labour cost matrix into the system '),
(3118, 62, '2015-01-24 22:22:21', 'Created labour cost matrix into the system '),
(3119, 62, '2015-01-24 22:22:42', 'Created labour cost matrix into the system '),
(3120, 62, '2015-01-24 22:23:02', 'Created labour cost matrix into the system '),
(3121, 62, '2015-01-24 22:23:37', 'Created labour cost matrix into the system '),
(3122, 62, '2015-01-24 22:23:57', 'Created labour cost matrix into the system '),
(3123, 62, '2015-01-24 22:24:17', 'Created labour cost matrix into the system '),
(3124, 62, '2015-01-24 22:24:33', 'Created labour cost matrix into the system '),
(3125, 62, '2015-01-24 22:25:16', 'Created labour cost matrix into the system '),
(3126, 62, '2015-01-24 22:28:36', 'Created an labour task Rectify Gearbox into the system '),
(3127, 62, '2015-01-24 22:32:38', 'Created labour cost matrix into the system '),
(3128, 62, '2015-01-24 22:33:13', 'Created labour cost matrix into the system '),
(3129, 62, '2015-01-24 22:33:45', 'Created labour cost matrix into the system '),
(3130, 62, '2015-01-24 22:34:07', 'Created labour cost matrix into the system '),
(3131, 62, '2015-01-24 22:34:28', 'Update labour matrix details into the system'),
(3132, 62, '2015-01-24 22:34:43', 'Update labour matrix details into the system'),
(3133, 62, '2015-01-24 22:35:16', 'Added more job card tasks (130) into the system'),
(3134, 62, '2015-01-24 22:35:24', 'Deleted Job Card Task from the system'),
(3135, 62, '2015-01-24 22:35:33', 'Signed out of the system'),
(3136, 66, '2015-01-24 22:35:42', 'Logged Into the system'),
(3137, 66, '2015-01-24 22:35:53', 'Clocked in a job card no 78 into the system '),
(3138, 66, '2015-01-24 22:35:55', 'Signed out of the system'),
(3139, 62, '2015-01-24 22:36:04', 'Logged Into the system'),
(3140, 62, '2015-01-24 22:40:26', 'Created a customer Mrs.I into the system'),
(3141, 62, '2015-01-24 22:41:17', 'Added a booking for Mrs.I of vehicle KBM 138M into the system'),
(3142, 62, '2015-01-24 22:41:39', 'Signed out of the system'),
(3143, 66, '2015-01-24 22:41:52', 'Logged Into the system'),
(3144, 66, '2015-01-24 22:42:05', 'Clocked in a job card no 81 into the system '),
(3145, 66, '2015-01-24 22:42:07', 'Signed out of the system'),
(3146, 0, '2015-01-24 22:42:07', 'Signed out of the system'),
(3147, 62, '2015-01-24 22:42:16', 'Logged Into the system'),
(3148, 62, '2015-01-24 23:22:04', 'Signed out of the system'),
(3149, 66, '2015-01-24 23:22:18', 'Logged Into the system'),
(3150, 66, '2015-01-24 23:22:39', 'Finished a task in job card no 81 into the system '),
(3151, 66, '2015-01-24 23:22:51', 'Finished a task in job card no 78 into the system '),
(3152, 66, '2015-01-24 23:22:55', 'Signed out of the system'),
(3153, 62, '2015-01-24 23:23:05', 'Logged Into the system'),
(3154, 69, '2015-01-24 23:23:29', 'Logged Into the system'),
(3155, 62, '2015-01-24 23:41:33', 'Logged Into the system'),
(3156, 62, '2015-01-24 23:43:16', 'Update customer Mrs.Priscilla Naitera details into the system '),
(3157, 62, '2015-01-24 23:50:47', 'Added a booking for Mr Others of vehicle KBV 443R into the system'),
(3158, 62, '2015-01-24 23:51:26', 'Signed out of the system'),
(3159, 66, '2015-01-24 23:51:35', 'Logged Into the system'),
(3160, 66, '2015-01-24 23:51:50', 'Signed out of the system'),
(3161, 62, '2015-01-24 23:51:59', 'Logged Into the system'),
(3162, 62, '2015-01-24 23:52:28', 'Added a booking for Mr Others of vehicle KBV 443R into the system'),
(3163, 62, '2015-01-24 23:53:00', 'Signed out of the system'),
(3164, 65, '2015-01-24 23:53:14', 'Logged Into the system'),
(3165, 65, '2015-01-24 23:53:25', 'Clocked in a job card no 82 into the system '),
(3166, 65, '2015-01-24 23:53:28', 'Signed out of the system'),
(3167, 62, '2015-01-24 23:53:38', 'Logged Into the system'),
(3168, 62, '2015-01-24 23:54:13', 'Created an labour task Rivetting job into the system '),
(3169, 62, '2015-01-24 23:54:53', 'Created labour cost matrix into the system '),
(3170, 62, '2015-01-24 23:55:19', 'Update a preliminary job card task (131) into the system'),
(3171, 62, '2015-01-24 23:56:06', 'Update labour matrix details into the system'),
(3172, 62, '2015-01-24 23:56:19', 'Update a preliminary job card task (131) into the system'),
(3173, 62, '2015-01-24 23:56:47', 'Update labour matrix details into the system'),
(3174, 62, '2015-01-24 23:56:55', 'Update a preliminary job card task (131) into the system'),
(3175, 62, '2015-01-24 23:57:20', 'Update labour matrix details into the system'),
(3176, 62, '2015-01-24 23:57:30', 'Update a preliminary job card task (131) into the system'),
(3177, 62, '2015-01-25 00:18:50', 'Added a booking for Maxwell Karasha of vehicle KAP 172W into the system'),
(3178, 62, '2015-01-25 00:19:34', 'Signed out of the system'),
(3179, 65, '2015-01-25 00:19:45', 'Logged Into the system'),
(3180, 65, '2015-01-25 00:19:56', 'Clocked in a job card no 83 into the system '),
(3181, 65, '2015-01-25 00:20:10', 'Finished a task in job card no 82 into the system '),
(3182, 65, '2015-01-25 00:20:22', 'Signed out of the system'),
(3183, 62, '2015-01-25 00:20:34', 'Logged Into the system'),
(3184, 62, '2015-01-25 02:36:39', 'Added a booking for Mr.Mukundi of vehicle KBW 608W into the system'),
(3185, 62, '2015-01-25 02:37:01', 'Signed out of the system'),
(3186, 62, '2015-01-25 02:37:12', 'Logged Into the system'),
(3187, 62, '2015-01-25 02:37:20', 'Signed out of the system'),
(3188, 66, '2015-01-25 02:37:28', 'Logged Into the system'),
(3189, 66, '2015-01-25 02:37:43', 'Clocked in a job card no 84 into the system '),
(3190, 66, '2015-01-25 02:37:51', 'Finished a task in job card no 83 into the system '),
(3191, 66, '2015-01-25 02:42:41', 'Signed out of the system'),
(3192, 62, '2015-01-25 02:42:53', 'Logged Into the system'),
(3193, 62, '2015-01-25 02:44:02', 'Update labour matrix details into the system'),
(3194, 62, '2015-01-25 02:44:20', 'Update labour matrix details into the system'),
(3195, 62, '2015-01-25 02:44:48', 'Update a preliminary job card task (130) into the system'),
(3196, 62, '2015-01-25 02:46:11', 'Update labour matrix details into the system'),
(3197, 62, '2015-01-25 02:46:19', 'Update a preliminary job card task (130) into the system'),
(3198, 62, '2015-01-25 02:46:56', 'Update labour matrix details into the system'),
(3199, 62, '2015-01-25 02:47:11', 'Update a preliminary job card task (130) into the system'),
(3200, 62, '2015-01-25 02:47:33', 'Update labour matrix details into the system'),
(3201, 62, '2015-01-25 02:47:59', 'Update a preliminary job card task (130) into the system'),
(3202, 62, '2015-01-25 02:48:46', 'Update labour matrix details into the system'),
(3203, 62, '2015-01-25 02:48:54', 'Update a preliminary job card task (130) into the system'),
(3204, 62, '2015-01-25 02:49:21', 'Update labour matrix details into the system'),
(3205, 62, '2015-01-25 02:49:30', 'Update a preliminary job card task (130) into the system'),
(3206, 70, '2015-01-25 03:40:40', 'Logged Into the system'),
(3207, 62, '2015-01-25 03:41:05', 'Signed out of the system'),
(3208, 66, '2015-01-25 03:41:14', 'Logged Into the system'),
(3209, 66, '2015-01-25 03:41:26', 'Signed out of the system'),
(3210, 62, '2015-01-25 03:41:37', 'Logged Into the system'),
(3211, 62, '2015-01-25 03:42:04', 'Update a invoice task (130) into the system'),
(3212, 62, '2015-01-25 19:22:44', 'Logged Into the system'),
(3213, 62, '2015-01-25 19:42:07', 'Added a booking for Team Fergie Transporters  of vehicle Kbv 863F into the system'),
(3214, 62, '2015-01-25 19:42:52', 'Signed out of the system'),
(3215, 66, '2015-01-25 19:43:00', 'Logged Into the system'),
(3216, 66, '2015-01-25 19:43:26', 'Finished a task in job card no 84 into the system '),
(3217, 66, '2015-01-25 19:43:37', 'Clocked in a job card no 85 into the system '),
(3218, 66, '2015-01-25 19:43:46', 'Signed out of the system'),
(3219, 62, '2015-01-25 19:43:56', 'Logged Into the system'),
(3220, 62, '2015-01-25 19:44:15', 'Added a booking for Team Fergie Transporters  of vehicle KBV 079P into the system'),
(3221, 62, '2015-01-25 19:46:34', 'Signed out of the system'),
(3222, 66, '2015-01-25 19:46:40', 'Logged Into the system'),
(3223, 66, '2015-01-25 19:46:54', 'Clocked in a job card no 86 into the system '),
(3224, 66, '2015-01-25 19:47:03', 'Signed out of the system'),
(3225, 62, '2015-01-25 19:47:16', 'Logged Into the system'),
(3226, 62, '2015-01-25 19:59:15', 'Update a preliminary job card task (16) into the system'),
(3227, 62, '2015-01-25 20:00:13', 'Created an labour task Wheel Cylinder Cupkit Rear NQR into the system '),
(3228, 62, '2015-01-25 20:01:06', 'Created labour cost matrix into the system '),
(3229, 62, '2015-01-25 20:01:28', 'Created labour cost matrix into the system '),
(3230, 62, '2015-01-25 20:01:53', 'Created labour cost matrix into the system '),
(3231, 62, '2015-01-25 20:02:26', 'Update a preliminary job card task (16) into the system'),
(3232, 62, '2015-01-25 20:02:33', 'Update a preliminary job card task (16) into the system'),
(3233, 62, '2015-01-25 20:03:01', 'Update a preliminary job card task (132) into the system'),
(3234, 62, '2015-01-25 20:03:24', 'Update labour matrix details into the system'),
(3235, 62, '2015-01-25 20:19:15', 'Logged Into the system'),
(3236, 62, '2015-01-25 20:20:40', 'Added a booking for Njuguna  of vehicle KBZ 348B into the system'),
(3237, 62, '2015-01-25 20:21:27', 'Signed out of the system'),
(3238, 66, '2015-01-25 20:21:48', 'Logged Into the system'),
(3239, 66, '2015-01-25 20:22:10', 'Stopped a task in a job card no 86 into the system '),
(3240, 66, '2015-01-25 20:22:11', 'Stopped a task in a job card no 86 into the system '),
(3241, 66, '2015-01-25 20:22:21', 'Clocked in a job card no 87 into the system '),
(3242, 66, '2015-01-25 20:22:34', 'Signed out of the system'),
(3243, 62, '2015-01-25 20:22:46', 'Logged Into the system'),
(3244, 64, '2015-01-25 20:25:53', 'Logged Into the system'),
(3245, 64, '2015-01-25 20:27:37', 'Added more requisition parts details into the system'),
(3246, 64, '2015-01-25 20:28:01', 'Added more requisition parts details into the system'),
(3247, 64, '2015-01-25 20:59:37', 'Updated a item diesel lube 54 details'),
(3248, 64, '2015-01-25 21:00:09', 'Updated a item Diesel lube 54 10LTRS details'),
(3249, 64, '2015-01-25 21:00:15', 'Updated a item Diesel lube 54 10LTRS details'),
(3250, 64, '2015-01-25 21:00:51', 'Added more requisition parts details into the system'),
(3251, 64, '2015-01-25 21:02:14', 'Update a requisition parts details into the system'),
(3252, 62, '2015-01-25 21:09:40', 'Signed out of the system'),
(3253, 66, '2015-01-25 21:09:48', 'Logged Into the system'),
(3254, 66, '2015-01-25 21:10:04', 'Stopped a task in a job card no 85 into the system '),
(3255, 66, '2015-01-25 21:19:57', 'Finished a task in job card no 87 into the system '),
(3256, 66, '2015-01-25 21:22:07', 'Signed out of the system'),
(3257, 62, '2015-01-25 21:22:18', 'Logged Into the system'),
(3258, 62, '2015-01-25 21:22:33', 'Added a booking for Team Fergie Transporters  of vehicle KBL 145L into the system'),
(3259, 62, '2015-01-25 21:22:55', 'Signed out of the system'),
(3260, 66, '2015-01-25 21:23:08', 'Logged Into the system'),
(3261, 66, '2015-01-25 21:23:19', 'Clocked in a job card no 88 into the system '),
(3262, 66, '2015-01-25 21:24:17', 'Signed out of the system'),
(3263, 62, '2015-01-25 21:24:26', 'Logged Into the system'),
(3264, 62, '2015-01-25 21:25:17', 'Added more job card tasks (101) into the system'),
(3265, 62, '2015-01-25 21:25:21', 'Signed out of the system'),
(3266, 66, '2015-01-25 21:25:28', 'Logged Into the system'),
(3267, 66, '2015-01-25 21:25:39', 'Clocked in a job card no 88 into the system '),
(3268, 66, '2015-01-25 21:25:42', 'Signed out of the system'),
(3269, 62, '2015-01-25 21:25:51', 'Logged Into the system'),
(3270, 62, '2015-01-25 21:39:01', 'Added more job card tasks (78) into the system'),
(3271, 62, '2015-01-25 21:39:06', 'Signed out of the system'),
(3272, 66, '2015-01-25 21:39:16', 'Logged Into the system'),
(3273, 66, '2015-01-25 21:39:27', 'Clocked in a job card no 85 into the system '),
(3274, 66, '2015-01-25 21:40:46', 'Signed out of the system'),
(3275, 62, '2015-01-25 21:40:54', 'Logged Into the system'),
(3276, 62, '2015-01-25 21:41:14', 'Added more job card tasks (46) into the system'),
(3277, 62, '2015-01-25 21:41:17', 'Signed out of the system'),
(3278, 66, '2015-01-25 21:41:24', 'Logged Into the system'),
(3279, 66, '2015-01-25 21:41:36', 'Clocked in a job card no 87 into the system '),
(3280, 66, '2015-01-25 21:50:11', 'Signed out of the system'),
(3281, 62, '2015-01-25 21:50:22', 'Logged Into the system'),
(3282, 62, '2015-01-25 21:50:50', 'Added more job card tasks (97) into the system'),
(3283, 62, '2015-01-25 21:53:06', 'Update a preliminary job card task (61) into the system'),
(3284, 62, '2015-01-25 21:53:09', 'Signed out of the system'),
(3285, 66, '2015-01-25 21:53:18', 'Logged Into the system'),
(3286, 66, '2015-01-25 21:53:30', 'Clocked in a job card no 87 into the system '),
(3287, 66, '2015-01-25 21:53:32', 'Signed out of the system'),
(3288, 62, '2015-01-25 21:53:48', 'Logged Into the system'),
(3289, 62, '2015-01-25 22:12:28', 'Signed out of the system'),
(3290, 66, '2015-01-25 22:12:36', 'Logged Into the system'),
(3291, 66, '2015-01-25 22:13:00', 'Finished a task in job card no 85 into the system '),
(3292, 66, '2015-01-25 22:14:16', 'Finished a task in job card no 87 into the system '),
(3293, 66, '2015-01-25 22:15:40', 'Finished a task in job card no 88 into the system '),
(3294, 66, '2015-01-25 22:15:48', 'Signed out of the system'),
(3295, 62, '2015-01-25 22:15:57', 'Logged Into the system'),
(3296, 62, '2015-01-25 22:16:18', 'Added more job card tasks (33) into the system'),
(3297, 62, '2015-01-25 22:16:21', 'Signed out of the system'),
(3298, 66, '2015-01-25 22:16:30', 'Logged Into the system'),
(3299, 66, '2015-01-25 22:16:42', 'Clocked in a job card no 88 into the system '),
(3300, 66, '2015-01-25 22:27:35', 'Signed out of the system'),
(3301, 62, '2015-01-25 22:27:44', 'Logged Into the system'),
(3302, 62, '2015-01-25 22:28:09', 'Added more job card tasks (36) into the system'),
(3303, 62, '2015-01-25 22:28:20', 'Deleted Job Card Task from the system'),
(3304, 62, '2015-01-25 22:28:26', 'Signed out of the system'),
(3305, 66, '2015-01-25 22:28:35', 'Logged Into the system'),
(3306, 66, '2015-01-25 22:28:51', 'Clocked in a job card no 87 into the system ');
INSERT INTO `audit_trails` (`audit_id`, `user_id`, `date_of_event`, `action`) VALUES
(3307, 66, '2015-01-25 22:29:20', 'Finished a task in job card no 87 into the system '),
(3308, 66, '2015-01-25 22:40:41', 'Finished a task in job card no 87 into the system '),
(3309, 66, '2015-01-25 22:40:58', 'Finished a task in job card no 88 into the system '),
(3310, 66, '2015-01-25 22:41:19', 'Finished a task in job card no 88 into the system '),
(3311, 66, '2015-01-25 22:41:24', 'Signed out of the system'),
(3312, 62, '2015-01-25 22:41:36', 'Logged Into the system'),
(3313, 62, '2015-01-25 22:41:54', 'Added more job card tasks (97) into the system'),
(3314, 62, '2015-01-25 22:41:58', 'Signed out of the system'),
(3315, 66, '2015-01-25 22:42:07', 'Logged Into the system'),
(3316, 66, '2015-01-25 22:53:23', 'Clocked in a job card no 88 into the system '),
(3317, 66, '2015-01-25 22:54:55', 'Finished a task in job card no 88 into the system '),
(3318, 66, '2015-01-25 22:55:02', 'Signed out of the system'),
(3319, 62, '2015-01-25 22:55:14', 'Logged Into the system'),
(3320, 62, '2015-01-25 22:59:22', 'Deleted Job Card Task from the system'),
(3321, 62, '2015-01-25 22:59:53', 'Created an labour task Exhaust Repair into the system '),
(3322, 62, '2015-01-25 23:00:32', 'Created labour cost matrix into the system '),
(3323, 62, '2015-01-25 23:01:04', 'Update a preliminary job card task (133) into the system'),
(3324, 62, '2015-01-25 23:17:44', 'Added a booking for Team Fergie Transporters  of vehicle KBW 599Z into the system'),
(3325, 62, '2015-01-25 23:18:45', 'Added a booking for Team Fergie Transporters  of vehicle KBY 756G into the system'),
(3326, 62, '2015-01-25 23:19:03', 'Signed out of the system'),
(3327, 0, '2015-01-25 23:19:03', 'Signed out of the system'),
(3328, 66, '2015-01-25 23:19:12', 'Logged Into the system'),
(3329, 66, '2015-01-25 23:19:25', 'Clocked in a job card no 90 into the system '),
(3330, 66, '2015-01-25 23:19:35', 'Clocked in a job card no 89 into the system '),
(3331, 66, '2015-01-25 23:19:42', 'Resumed a task in a job card no 86 into the system '),
(3332, 66, '2015-01-25 23:19:52', 'Finished a task in job card no 86 into the system '),
(3333, 66, '2015-01-25 23:20:02', 'Resumed a task in a job card no 85 into the system '),
(3334, 66, '2015-01-25 23:20:13', 'Finished a task in job card no 85 into the system '),
(3335, 66, '2015-01-25 23:20:21', 'Signed out of the system'),
(3336, 0, '2015-01-25 23:20:21', 'Signed out of the system'),
(3337, 62, '2015-01-25 23:20:32', 'Logged Into the system'),
(3338, 62, '2015-01-25 23:21:00', 'Created an labour task Replace Chevrons into the system '),
(3339, 62, '2015-01-25 23:21:29', 'Created labour cost matrix into the system '),
(3340, 62, '2015-01-25 23:21:59', 'Added more job card tasks (134) into the system'),
(3341, 62, '2015-01-25 23:22:02', 'Signed out of the system'),
(3342, 66, '2015-01-25 23:22:11', 'Logged Into the system'),
(3343, 66, '2015-01-25 23:22:23', 'Clocked in a job card no 86 into the system '),
(3344, 66, '2015-01-25 23:22:26', 'Signed out of the system'),
(3345, 62, '2015-01-25 23:22:37', 'Logged Into the system'),
(3346, 62, '2015-01-25 23:45:57', 'Logged Into the system'),
(3347, 64, '2015-01-26 00:07:14', 'Updated a item  Double Bulb 24V details'),
(3348, 62, '2015-01-26 00:09:56', 'Added more job card tasks (134) into the system'),
(3349, 62, '2015-01-26 00:09:59', 'Signed out of the system'),
(3350, 66, '2015-01-26 00:10:10', 'Logged Into the system'),
(3351, 64, '2015-01-26 00:10:11', 'Added more requisition parts details into the system'),
(3352, 66, '2015-01-26 00:10:21', 'Clocked in a job card no 90 into the system '),
(3353, 66, '2015-01-26 00:10:34', 'Finished a task in job card no 90 into the system '),
(3354, 66, '2015-01-26 00:10:44', 'Finished a task in job card no 89 into the system '),
(3355, 66, '2015-01-26 00:11:02', 'Signed out of the system'),
(3356, 62, '2015-01-26 00:11:13', 'Logged Into the system'),
(3357, 64, '2015-01-26 00:11:29', 'Update a requisition parts details into the system'),
(3358, 62, '2015-01-26 00:11:45', 'Deleted Job Card Task from the system'),
(3359, 64, '2015-01-26 00:11:46', 'Added more requisition parts details into the system'),
(3360, 64, '2015-01-26 00:13:11', 'Deleted Requistion Item from the system'),
(3361, 64, '2015-01-26 00:15:18', 'Deleted Requistion Item from the system'),
(3362, 64, '2015-01-26 00:22:56', 'Updated a item indicator bulb single 24v details'),
(3363, 62, '2015-01-26 00:26:27', 'Signed out of the system'),
(3364, 62, '2015-01-26 00:26:36', 'Logged Into the system'),
(3365, 64, '2015-01-26 00:29:48', 'Logged Into the system'),
(3366, 62, '2015-01-26 00:32:11', 'Signed out of the system'),
(3367, 66, '2015-01-26 00:32:19', 'Logged Into the system'),
(3368, 66, '2015-01-26 00:45:23', 'Signed out of the system'),
(3369, 62, '2015-01-26 00:45:33', 'Logged Into the system'),
(3370, 68, '2015-01-26 20:35:37', 'Logged Into the system'),
(3371, 62, '2015-01-26 20:38:41', 'Logged Into the system'),
(3372, 62, '2015-01-26 20:39:16', 'Update labour matrix details into the system'),
(3373, 62, '2015-01-26 20:39:32', 'Update labour matrix details into the system'),
(3374, 62, '2015-01-26 20:39:51', 'Update labour matrix details into the system'),
(3375, 62, '2015-01-26 21:01:38', 'Logged Into the system'),
(3376, 62, '2015-01-26 21:03:08', 'Added a booking for Anna Waithera of vehicle KAW 197 C into the system'),
(3377, 62, '2015-01-26 21:03:37', 'Signed out of the system'),
(3378, 66, '2015-01-26 21:03:47', 'Logged Into the system'),
(3379, 66, '2015-01-26 21:04:01', 'Clocked in a job card no 91 into the system '),
(3380, 66, '2015-01-26 21:04:08', 'Finished a task in job card no 90 into the system '),
(3381, 66, '2015-01-26 21:04:19', 'Finished a task in job card no 86 into the system '),
(3382, 66, '2015-01-26 21:04:32', 'Signed out of the system'),
(3383, 62, '2015-01-26 21:04:49', 'Logged Into the system'),
(3384, 62, '2015-01-26 21:05:25', 'Added a booking for Victor of vehicle Other into the system'),
(3385, 62, '2015-01-26 21:07:35', 'Added a booking for Ng''ang''a of vehicle NIL into the system'),
(3386, 62, '2015-01-26 21:46:55', 'Signed out of the system'),
(3387, 66, '2015-01-26 21:47:09', 'Logged Into the system'),
(3388, 66, '2015-01-26 21:47:22', 'Clocked in a job card no 93 into the system '),
(3389, 66, '2015-01-26 21:47:40', 'Clocked in a job card no 93 into the system '),
(3390, 66, '2015-01-26 21:47:49', 'Clocked in a job card no 92 into the system '),
(3391, 66, '2015-01-26 21:47:56', 'Clocked in a job card no 92 into the system '),
(3392, 66, '2015-01-26 21:48:05', 'Signed out of the system'),
(3393, 62, '2015-01-26 21:48:15', 'Logged Into the system'),
(3394, 62, '2015-01-26 21:48:41', 'Created an labour task rectify  socket wire into the system '),
(3395, 62, '2015-01-26 21:49:11', 'Created an labour task rectified fuel pipe into the system '),
(3396, 62, '2015-01-26 21:50:11', 'Created labour cost matrix into the system '),
(3397, 62, '2015-01-26 21:51:25', 'Created labour cost matrix into the system '),
(3398, 62, '2015-01-26 21:52:10', 'Update labour matrix details into the system'),
(3399, 62, '2015-01-26 21:53:12', 'Update labour matrix details into the system'),
(3400, 62, '2015-01-26 21:54:02', 'Update a preliminary job card task (135) into the system'),
(3401, 62, '2015-01-26 21:57:13', 'Added a booking for others of vehicle NIL into the system'),
(3402, 62, '2015-01-26 22:01:39', 'Update labour matrix details into the system'),
(3403, 62, '2015-01-26 22:02:21', 'Update a preliminary job card task (136) into the system'),
(3404, 62, '2015-01-26 22:03:13', 'Update labour matrix details into the system'),
(3405, 62, '2015-01-26 22:03:23', 'Update a preliminary job card task (136) into the system'),
(3406, 62, '2015-01-26 22:03:54', 'Update labour matrix details into the system'),
(3407, 62, '2015-01-26 22:04:12', 'Update a preliminary job card task (136) into the system'),
(3408, 62, '2015-01-26 22:04:41', 'Update labour matrix details into the system'),
(3409, 62, '2015-01-26 22:04:57', 'Update a preliminary job card task (136) into the system'),
(3410, 62, '2015-01-26 22:05:07', 'Signed out of the system'),
(3411, 66, '2015-01-26 22:05:32', 'Logged Into the system'),
(3412, 66, '2015-01-26 22:05:47', 'Clocked in a job card no 94 into the system '),
(3413, 66, '2015-01-26 22:08:40', 'Finished a task in job card no 91 into the system '),
(3414, 66, '2015-01-26 22:08:53', 'Finished a task in job card no 92 into the system '),
(3415, 66, '2015-01-26 22:09:02', 'Finished a task in job card no 92 into the system '),
(3416, 66, '2015-01-26 22:09:24', 'Finished a task in job card no 93 into the system '),
(3417, 66, '2015-01-26 22:09:33', 'Finished a task in job card no 93 into the system '),
(3418, 66, '2015-01-26 22:09:35', 'Signed out of the system'),
(3419, 62, '2015-01-26 22:09:45', 'Logged Into the system'),
(3420, 62, '2015-01-26 22:10:35', 'Added a booking for various of vehicle NIL into the system'),
(3421, 62, '2015-01-26 22:13:34', 'Signed out of the system'),
(3422, 66, '2015-01-26 22:13:44', 'Logged Into the system'),
(3423, 66, '2015-01-26 22:13:55', 'Clocked in a job card no 95 into the system '),
(3424, 66, '2015-01-26 22:14:00', 'Clocked in a job card no 95 into the system '),
(3425, 66, '2015-01-26 22:14:07', 'Clocked in a job card no 95 into the system '),
(3426, 66, '2015-01-26 22:14:15', 'Clocked in a job card no 95 into the system '),
(3427, 66, '2015-01-26 22:14:23', 'Clocked in a job card no 95 into the system '),
(3428, 66, '2015-01-26 22:14:32', 'Clocked in a job card no 95 into the system '),
(3429, 66, '2015-01-26 22:14:38', 'Signed out of the system'),
(3430, 62, '2015-01-26 22:14:52', 'Logged Into the system'),
(3431, 62, '2015-01-26 22:15:54', 'Added a booking for Ragar of vehicle KVR 196 into the system'),
(3432, 62, '2015-01-26 22:16:36', 'Signed out of the system'),
(3433, 66, '2015-01-26 22:16:44', 'Logged Into the system'),
(3434, 66, '2015-01-26 22:16:57', 'Clocked in a job card no 96 into the system '),
(3435, 66, '2015-01-26 22:17:01', 'Signed out of the system'),
(3436, 62, '2015-01-26 22:17:11', 'Logged Into the system'),
(3437, 62, '2015-01-26 22:27:08', 'Logged Into the system'),
(3438, 62, '2015-01-26 22:34:29', 'Signed out of the system'),
(3439, 66, '2015-01-26 22:34:38', 'Logged Into the system'),
(3440, 66, '2015-01-26 22:34:53', 'Finished a task in job card no 96 into the system '),
(3441, 66, '2015-01-26 22:35:01', 'Finished a task in job card no 95 into the system '),
(3442, 66, '2015-01-26 22:35:09', 'Finished a task in job card no 95 into the system '),
(3443, 66, '2015-01-26 22:35:17', 'Finished a task in job card no 95 into the system '),
(3444, 66, '2015-01-26 22:35:25', 'Finished a task in job card no 95 into the system '),
(3445, 66, '2015-01-26 22:35:32', 'Finished a task in job card no 95 into the system '),
(3446, 66, '2015-01-26 22:35:40', 'Finished a task in job card no 95 into the system '),
(3447, 66, '2015-01-26 22:35:48', 'Finished a task in job card no 94 into the system '),
(3448, 66, '2015-01-26 22:35:54', 'Signed out of the system'),
(3449, 62, '2015-01-26 22:36:05', 'Logged Into the system'),
(3450, 62, '2015-01-26 22:49:02', 'Update invoice details details into the system'),
(3451, 62, '2015-01-26 22:49:32', 'Update invoice details details into the system'),
(3452, 62, '2015-01-26 23:20:20', 'Added more job card tasks (16) into the system'),
(3453, 62, '2015-01-26 23:20:29', 'Signed out of the system'),
(3454, 66, '2015-01-26 23:20:38', 'Logged Into the system'),
(3455, 66, '2015-01-26 23:20:50', 'Clocked in a job card no 86 into the system '),
(3456, 66, '2015-01-26 23:20:54', 'Signed out of the system'),
(3457, 62, '2015-01-26 23:22:54', 'Logged Into the system'),
(3458, 62, '2015-01-26 23:23:29', 'Added more job card tasks (117) into the system'),
(3459, 62, '2015-01-26 23:23:34', 'Signed out of the system'),
(3460, 66, '2015-01-26 23:23:42', 'Logged Into the system'),
(3461, 66, '2015-01-26 23:23:54', 'Clocked in a job card no 86 into the system '),
(3462, 66, '2015-01-26 23:23:57', 'Signed out of the system'),
(3463, 62, '2015-01-26 23:24:07', 'Logged Into the system'),
(3464, 64, '2015-01-26 23:26:45', 'Logged Into the system'),
(3465, 64, '2015-01-26 23:30:05', 'Created an item Gasket isuzu NQR into the system'),
(3466, 69, '2015-01-26 23:44:39', 'Logged Into the system'),
(3467, 62, '2015-01-27 00:09:55', 'Created a customer Mr.Georege into the system'),
(3468, 62, '2015-01-27 00:31:20', 'Signed out of the system'),
(3469, 67, '2015-01-27 00:59:06', 'Logged Into the system'),
(3470, 67, '2015-01-27 01:00:15', 'Signed out of the system'),
(3471, 62, '2015-01-27 02:04:08', 'Logged Into the system'),
(3472, 62, '2015-01-27 02:07:29', 'Update a invoice task (22) into the system'),
(3473, 62, '2015-01-27 02:11:23', 'Update invoice details details into the system'),
(3474, 62, '2015-01-27 02:12:22', 'Update invoice details details into the system'),
(3475, 62, '2015-01-27 02:13:29', 'Update invoice details details into the system'),
(3476, 62, '2015-01-27 02:14:07', 'Update invoice details details into the system'),
(3477, 62, '2015-01-27 02:14:37', 'Update invoice details details into the system'),
(3478, 62, '2015-01-27 02:14:44', 'Signed out of the system'),
(3479, 66, '2015-01-27 02:15:05', 'Logged Into the system'),
(3480, 66, '2015-01-27 02:15:38', 'Finished a task in job card no 86 into the system '),
(3481, 66, '2015-01-27 02:16:00', 'Finished a task in job card no 86 into the system '),
(3482, 66, '2015-01-27 02:16:12', 'Signed out of the system'),
(3483, 62, '2015-01-27 02:16:24', 'Logged Into the system'),
(3484, 62, '2015-01-27 02:21:06', 'Update invoice details details into the system'),
(3485, 62, '2015-01-27 02:21:21', 'Update invoice details details into the system'),
(3486, 70, '2015-01-27 02:54:58', 'Logged Into the system'),
(3487, 62, '2015-01-27 03:50:04', 'Logged Into the system'),
(3488, 64, '2015-01-27 03:51:25', 'Logged Into the system'),
(3489, 62, '2015-01-27 03:52:26', 'Added a booking for Philip Baptiste of vehicle Kca  145P into the system'),
(3490, 62, '2015-01-27 03:53:04', 'Update a preliminary job card task (124) into the system'),
(3491, 64, '2015-01-27 03:58:43', 'Added more requisition parts details into the system'),
(3492, 62, '2015-01-27 04:08:41', 'Update labour matrix details into the system'),
(3493, 62, '2015-01-27 04:09:06', 'Update a preliminary job card task (124) into the system'),
(3494, 62, '2015-01-27 04:09:47', 'Update labour matrix details into the system'),
(3495, 62, '2015-01-27 04:10:15', 'Update a preliminary job card task (124) into the system'),
(3496, 62, '2015-01-27 04:11:09', 'Update labour matrix details into the system'),
(3497, 62, '2015-01-27 04:11:18', 'Update a preliminary job card task (124) into the system'),
(3498, 62, '2015-01-27 04:11:56', 'Update labour matrix details into the system'),
(3499, 62, '2015-01-27 04:12:04', 'Update a preliminary job card task (124) into the system'),
(3500, 62, '2015-01-27 04:12:38', 'Update labour matrix details into the system'),
(3501, 62, '2015-01-27 04:12:54', 'Update a preliminary job card task (124) into the system'),
(3502, 62, '2015-01-27 04:13:19', 'Update labour matrix details into the system'),
(3503, 62, '2015-01-27 04:13:28', 'Update a preliminary job card task (124) into the system'),
(3504, 62, '2015-01-27 04:14:11', 'Update labour matrix details into the system'),
(3505, 62, '2015-01-27 04:14:18', 'Update a preliminary job card task (124) into the system'),
(3506, 62, '2015-01-27 04:14:48', 'Signed out of the system'),
(3507, 66, '2015-01-27 04:15:14', 'Logged Into the system'),
(3508, 66, '2015-01-27 04:15:24', 'Clocked in a job card no 97 into the system '),
(3509, 66, '2015-01-27 04:15:41', 'Finished a task in job card no 97 into the system '),
(3510, 66, '2015-01-27 04:15:46', 'Signed out of the system'),
(3511, 62, '2015-01-27 04:15:55', 'Logged Into the system'),
(3512, 62, '2015-01-27 04:23:24', 'Signed out of the system'),
(3513, 64, '2015-01-27 19:35:17', 'Logged Into the system'),
(3514, 69, '2015-01-27 20:07:07', 'Logged Into the system'),
(3515, 19, '2015-01-27 22:56:36', 'Logged Into the system'),
(3516, 19, '2015-01-27 23:03:47', 'Logged Into the system'),
(3517, 19, '2015-01-27 23:10:48', 'Signed out of the system'),
(3518, 62, '2015-01-27 23:31:43', 'Logged Into the system'),
(3519, 19, '2015-01-28 00:10:45', 'Logged Into the system'),
(3520, 69, '2015-01-28 00:24:47', 'Logged Into the system'),
(3521, 69, '2015-01-28 00:28:37', 'Signed out of the system'),
(3522, 69, '2015-01-28 00:28:53', 'Logged Into the system'),
(3523, 19, '2015-01-28 01:46:09', 'Signed out of the system'),
(3524, 69, '2015-01-28 02:41:03', 'Update invoice details details into the system'),
(3525, 69, '2015-01-28 02:41:36', 'Update invoice details details into the system'),
(3526, 69, '2015-01-28 02:41:51', 'Update invoice details details into the system'),
(3527, 19, '2015-01-28 04:10:37', 'Logged Into the system'),
(3528, 19, '2015-01-28 04:11:05', 'Logged Into the system'),
(3529, 19, '2015-01-28 04:16:24', 'Signed out of the system'),
(3530, 19, '2015-01-28 04:18:42', 'Logged Into the system'),
(3531, 19, '2015-01-28 04:20:53', 'Logged Into the system'),
(3532, 64, '2015-01-28 04:22:05', 'Logged Into the system'),
(3533, 19, '2015-01-28 04:23:10', 'Signed out of the system'),
(3534, 19, '2015-01-28 04:27:02', 'Logged Into the system'),
(3535, 19, '2015-01-28 04:32:39', 'Signed out of the system'),
(3536, 64, '2015-01-28 19:12:02', 'Logged Into the system'),
(3537, 62, '2015-01-28 19:17:24', 'Logged Into the system'),
(3538, 62, '2015-01-28 19:18:05', 'Added a booking for Team Fergie Transporters  of vehicle KBY 756G into the system'),
(3539, 62, '2015-01-28 19:18:42', 'Signed out of the system'),
(3540, 66, '2015-01-28 19:18:52', 'Logged Into the system'),
(3541, 66, '2015-01-28 19:19:06', 'Clocked in a job card no 98 into the system '),
(3542, 66, '2015-01-28 20:39:01', 'Finished a task in job card no 98 into the system '),
(3543, 66, '2015-01-28 20:39:04', 'Signed out of the system'),
(3544, 62, '2015-01-28 20:39:17', 'Logged Into the system'),
(3545, 62, '2015-01-28 20:42:39', 'Added a booking for Francis Kambo of vehicle KBR 987E into the system'),
(3546, 64, '2015-01-28 20:43:12', 'Added more requisition parts details into the system'),
(3547, 64, '2015-01-28 20:43:26', 'Added more requisition parts details into the system'),
(3548, 62, '2015-01-28 20:44:09', 'Added more job card tasks (121) into the system'),
(3549, 62, '2015-01-28 20:45:21', 'Added more job card tasks (62) into the system'),
(3550, 62, '2015-01-28 20:45:25', 'Signed out of the system'),
(3551, 66, '2015-01-28 20:45:34', 'Logged Into the system'),
(3552, 66, '2015-01-28 20:45:46', 'Clocked in a job card no 98 into the system '),
(3553, 66, '2015-01-28 20:47:09', 'Signed out of the system'),
(3554, 62, '2015-01-28 20:47:21', 'Logged Into the system'),
(3555, 62, '2015-01-28 20:50:09', 'Signed out of the system'),
(3556, 66, '2015-01-28 20:50:18', 'Logged Into the system'),
(3557, 66, '2015-01-28 20:50:28', 'Clocked in a job card no 99 into the system '),
(3558, 66, '2015-01-28 20:50:34', 'Clocked in a job card no 99 into the system '),
(3559, 66, '2015-01-28 20:50:47', 'Signed out of the system'),
(3560, 62, '2015-01-28 20:51:04', 'Logged Into the system'),
(3561, 69, '2015-01-28 20:51:10', 'Logged Into the system'),
(3562, 69, '2015-01-28 21:00:35', 'Deleted Invoice Item from the system'),
(3563, 62, '2015-01-28 21:01:25', 'Signed out of the system'),
(3564, 66, '2015-01-28 21:02:04', 'Logged Into the system'),
(3565, 66, '2015-01-28 21:02:24', 'Finished a task in job card no 99 into the system '),
(3566, 66, '2015-01-28 21:02:37', 'Finished a task in job card no 99 into the system '),
(3567, 66, '2015-01-28 21:02:45', 'Finished a task in job card no 98 into the system '),
(3568, 66, '2015-01-28 21:02:48', 'Signed out of the system'),
(3569, 62, '2015-01-28 21:02:56', 'Logged Into the system'),
(3570, 69, '2015-01-28 21:04:58', 'Update a invoice task (22) into the system'),
(3571, 69, '2015-01-28 21:07:03', 'Update a invoice task (22) into the system'),
(3572, 69, '2015-01-28 21:07:50', 'Update a invoice task (22) into the system'),
(3573, 69, '2015-01-28 21:08:56', 'Update a invoice task (22) into the system'),
(3574, 62, '2015-01-28 21:10:42', 'Signed out of the system'),
(3575, 66, '2015-01-28 21:10:51', 'Logged Into the system'),
(3576, 66, '2015-01-28 21:11:05', 'Clocked in a job card no 99 into the system '),
(3577, 66, '2015-01-28 21:11:12', 'Finished a task in job card no 99 into the system '),
(3578, 66, '2015-01-28 21:11:16', 'Signed out of the system'),
(3579, 62, '2015-01-28 21:11:24', 'Logged Into the system'),
(3580, 69, '2015-01-28 21:11:26', 'Signed out of the system'),
(3581, 69, '2015-01-28 21:11:42', 'Logged Into the system'),
(3582, 69, '2015-01-28 21:28:03', 'Update a invoice task (38) into the system'),
(3583, 70, '2015-01-28 21:34:13', 'Logged Into the system'),
(3584, 69, '2015-01-28 21:43:48', 'Logged Into the system'),
(3585, 70, '2015-01-28 22:03:10', 'Logged Into the system'),
(3586, 70, '2015-01-28 22:06:20', 'Logged Into the system'),
(3587, 62, '2015-01-28 22:06:32', 'Signed out of the system'),
(3588, 62, '2015-01-28 22:18:42', 'Logged Into the system'),
(3589, 62, '2015-01-28 22:27:20', 'Update a invoice task (22) into the system'),
(3590, 62, '2015-01-28 22:27:34', 'Update a invoice task (22) into the system'),
(3591, 62, '2015-01-28 22:27:44', 'Update a invoice task (22) into the system'),
(3592, 62, '2015-01-28 22:28:37', 'Update a invoice task (22) into the system'),
(3593, 62, '2015-01-28 22:28:59', 'Update a invoice task (22) into the system'),
(3594, 62, '2015-01-28 22:40:34', 'Deleted Invoice Task from the system'),
(3595, 62, '2015-01-28 23:56:39', 'Added a booking for Josephine Mukundi of vehicle KBX 869M into the system'),
(3596, 62, '2015-01-28 23:57:28', 'Update a preliminary job card task (124) into the system'),
(3597, 62, '2015-01-28 23:59:30', 'Signed out of the system'),
(3598, 66, '2015-01-28 23:59:39', 'Logged Into the system'),
(3599, 66, '2015-01-28 23:59:48', 'Clocked in a job card no 100 into the system '),
(3600, 66, '2015-01-29 00:05:56', 'Signed out of the system'),
(3601, 64, '2015-01-29 00:06:05', 'Logged Into the system'),
(3602, 64, '2015-01-29 00:08:06', 'Created an item Oil Filter Toyota Harrier into the system'),
(3603, 64, '2015-01-29 00:13:13', 'Signed out of the system'),
(3604, 62, '2015-01-29 00:13:40', 'Logged Into the system'),
(3605, 62, '2015-01-29 00:22:05', 'Update a preliminary job card task (124) into the system'),
(3606, 62, '2015-01-29 00:22:09', 'Signed out of the system'),
(3607, 65, '2015-01-29 00:22:18', 'Logged Into the system'),
(3608, 65, '2015-01-29 00:22:40', 'Stopped a task in a job card no 100 into the system '),
(3609, 65, '2015-01-29 00:22:58', 'Signed out of the system'),
(3610, 62, '2015-01-29 00:23:11', 'Logged Into the system'),
(3611, 62, '2015-01-29 00:30:13', 'Signed out of the system'),
(3612, 64, '2015-01-29 00:30:30', 'Logged Into the system'),
(3613, 64, '2015-01-29 00:31:22', 'Added more requisition parts details into the system'),
(3614, 64, '2015-01-29 00:32:28', 'Signed out of the system'),
(3615, 62, '2015-01-29 00:32:38', 'Logged Into the system'),
(3616, 64, '2015-01-29 00:45:36', 'Created an item Oil filter 90915-10004/03004 into the system'),
(3617, 0, '2015-01-29 00:46:55', 'Update a booking for Josephine Mukundi of vehicle KBX 869M into the system'),
(3618, 62, '2015-01-29 00:47:00', 'Signed out of the system'),
(3619, 65, '2015-01-29 00:47:09', 'Logged Into the system'),
(3620, 65, '2015-01-29 00:47:15', 'Resumed a task in a job card no 100 into the system '),
(3621, 65, '2015-01-29 00:47:22', 'Finished a task in job card no 100 into the system '),
(3622, 65, '2015-01-29 00:47:24', 'Signed out of the system'),
(3623, 62, '2015-01-29 00:47:32', 'Logged Into the system'),
(3624, 62, '2015-01-29 01:20:26', 'Update invoice details details into the system'),
(3625, 62, '2015-01-29 01:21:37', 'Update invoice details details into the system'),
(3626, 62, '2015-01-29 01:21:50', 'Update invoice details details into the system'),
(3627, 62, '2015-01-29 01:28:15', 'Update invoice details details into the system'),
(3628, 62, '2015-01-29 01:28:48', 'Update invoice details details into the system'),
(3629, 62, '2015-01-29 01:29:08', 'Update invoice details details into the system'),
(3630, 62, '2015-01-29 01:39:50', 'Added a booking for NISSAN of vehicle KBH 910C into the system'),
(3631, 62, '2015-01-29 01:41:50', 'Signed out of the system'),
(3632, 66, '2015-01-29 01:42:00', 'Logged Into the system'),
(3633, 66, '2015-01-29 01:42:12', 'Clocked in a job card no 101 into the system '),
(3634, 66, '2015-01-29 01:42:19', 'Clocked in a job card no 101 into the system '),
(3635, 66, '2015-01-29 01:42:22', 'Signed out of the system'),
(3636, 62, '2015-01-29 01:42:32', 'Logged Into the system'),
(3637, 0, '2015-01-29 01:46:56', 'Update a booking for NISSAN of vehicle KBH 910C into the system'),
(3638, 62, '2015-01-29 01:48:03', 'Signed out of the system'),
(3639, 65, '2015-01-29 01:48:16', 'Logged Into the system'),
(3640, 65, '2015-01-29 01:48:27', 'Finished a task in job card no 101 into the system '),
(3641, 65, '2015-01-29 01:48:36', 'Finished a task in job card no 101 into the system '),
(3642, 65, '2015-01-29 01:48:39', 'Signed out of the system'),
(3643, 62, '2015-01-29 01:48:52', 'Logged Into the system'),
(3644, 62, '2015-01-29 01:50:34', 'Update invoice details details into the system'),
(3645, 62, '2015-01-29 01:51:28', 'Update invoice details details into the system'),
(3646, 62, '2015-01-29 01:51:48', 'Update invoice details details into the system'),
(3647, 62, '2015-01-29 01:52:03', 'Update invoice details details into the system'),
(3648, 62, '2015-01-29 01:52:26', 'Update invoice details details into the system'),
(3649, 62, '2015-01-29 01:52:37', 'Update invoice details details into the system'),
(3650, 62, '2015-01-29 01:52:48', 'Update invoice details details into the system'),
(3651, 62, '2015-01-29 01:53:10', 'Update invoice details details into the system'),
(3652, 62, '2015-01-29 01:53:22', 'Update invoice details details into the system'),
(3653, 62, '2015-01-29 01:53:35', 'Update invoice details details into the system'),
(3654, 64, '2015-01-29 02:05:05', 'Added more requisition parts details into the system'),
(3655, 64, '2015-01-29 02:05:45', 'Added more requisition parts details into the system'),
(3656, 69, '2015-01-29 02:07:49', 'Logged Into the system'),
(3657, 64, '2015-01-29 02:08:36', 'Deleted Requistion Item from the system'),
(3658, 64, '2015-01-29 02:08:53', 'Added more requisition parts details into the system'),
(3659, 69, '2015-01-29 02:09:30', 'Logged Into the system'),
(3660, 69, '2015-01-29 02:09:32', 'Signed out of the system'),
(3661, 69, '2015-01-29 02:09:45', 'Logged Into the system'),
(3662, 64, '2015-01-29 02:10:44', 'Deleted Requistion Item from the system'),
(3663, 64, '2015-01-29 02:10:59', 'Added more requisition parts details into the system'),
(3664, 64, '2015-01-29 02:13:34', 'Update a requisition parts details into the system'),
(3665, 69, '2015-01-29 02:15:40', 'Update invoice details details into the system'),
(3666, 69, '2015-01-29 02:16:02', 'Update invoice details details into the system'),
(3667, 69, '2015-01-29 02:17:38', 'Signed out of the system'),
(3668, 69, '2015-01-29 02:17:50', 'Logged Into the system'),
(3669, 69, '2015-01-29 02:19:20', 'Update invoice details details into the system'),
(3670, 69, '2015-01-29 02:20:07', 'Signed out of the system'),
(3671, 69, '2015-01-29 02:20:23', 'Logged Into the system'),
(3672, 69, '2015-01-29 02:21:28', 'Update invoice details details into the system'),
(3673, 69, '2015-01-29 02:21:52', 'Signed out of the system'),
(3674, 69, '2015-01-29 02:22:26', 'Logged Into the system'),
(3675, 69, '2015-01-29 02:23:47', 'Update invoice details details into the system'),
(3676, 64, '2015-01-29 02:31:14', 'Updated a item ENGINE OIL10LTRS details'),
(3677, 64, '2015-01-29 02:32:11', 'Updated a item ENGINE DIESEL  OIL10LTRS details'),
(3678, 64, '2015-01-29 02:33:34', 'Updated a item ENGINE DIESEL  OIL10LTRS details'),
(3679, 64, '2015-01-29 02:59:50', 'deleted an item from the system'),
(3680, 64, '2015-01-29 03:24:00', 'Created an item PETROL( UNLEADED) into the system'),
(3681, 62, '2015-01-29 03:27:42', 'Added a booking for Erick of vehicle KAP 413A into the system'),
(3682, 62, '2015-01-29 03:28:45', 'Created an labour task Replace Upper Front arm bushes kit into the system '),
(3683, 64, '2015-01-29 03:29:17', 'Created an item A.T.F 500ML into the system'),
(3684, 62, '2015-01-29 03:29:31', 'Created labour cost matrix into the system '),
(3685, 62, '2015-01-29 03:29:58', 'Update labour matrix details into the system'),
(3686, 64, '2015-01-29 03:32:58', 'Updated a item Front arm bushes kit details'),
(3687, 62, '2015-01-29 03:39:05', 'Added a booking for Erick of vehicle KAP 413A into the system'),
(3688, 62, '2015-01-29 03:46:39', 'Created an labour task Arm Welding into the system '),
(3689, 62, '2015-01-29 03:47:55', 'Created labour cost matrix into the system '),
(3690, 62, '2015-01-29 03:48:40', 'Update labour matrix details into the system'),
(3691, 62, '2015-01-29 03:51:11', 'Added a booking for Mustapha Musa of vehicle KAY 209X into the system'),
(3692, 62, '2015-01-29 03:51:55', 'Signed out of the system'),
(3693, 66, '2015-01-29 03:52:03', 'Logged Into the system'),
(3694, 66, '2015-01-29 03:52:14', 'Clocked in a job card no 102 into the system '),
(3695, 66, '2015-01-29 03:52:16', 'Signed out of the system'),
(3696, 62, '2015-01-29 03:52:26', 'Logged Into the system'),
(3697, 62, '2015-01-29 04:00:16', 'Signed out of the system'),
(3698, 66, '2015-01-29 04:00:23', 'Logged Into the system'),
(3699, 66, '2015-01-29 04:00:32', 'Finished a task in job card no 102 into the system '),
(3700, 66, '2015-01-29 04:00:37', 'Signed out of the system'),
(3701, 62, '2015-01-29 04:00:45', 'Logged Into the system'),
(3702, 64, '2015-01-29 04:12:27', 'Updated a item ENGINE DIESEL  OIL 20LTRS details'),
(3703, 0, '2015-01-29 04:12:51', 'Update a booking for Mustapha Musa of vehicle KAY 209X into the system'),
(3704, 69, '2015-01-29 04:14:00', 'Signed out of the system'),
(3705, 64, '2015-01-29 19:01:44', 'Logged Into the system'),
(3706, 70, '2015-01-29 19:42:30', 'Logged Into the system'),
(3707, 68, '2015-01-29 20:09:16', 'Logged Into the system'),
(3708, 68, '2015-01-29 20:13:18', 'Logged Into the system'),
(3709, 69, '2015-01-29 20:13:42', 'Logged Into the system'),
(3710, 62, '2015-01-29 20:54:23', 'Logged Into the system'),
(3711, 62, '2015-01-29 20:56:15', 'Update a invoice task (47) into the system'),
(3712, 62, '2015-01-29 20:56:41', 'Update a invoice task (26) into the system'),
(3713, 62, '2015-01-29 20:56:45', 'Update a invoice task (22) into the system'),
(3714, 62, '2015-01-29 21:01:24', 'Deleted Invoice Task from the system'),
(3715, 62, '2015-01-29 21:01:58', 'Update a invoice task (61) into the system'),
(3716, 62, '2015-01-29 21:16:15', 'Deleted Invoice Task from the system'),
(3717, 62, '2015-01-29 21:16:31', 'Deleted Invoice Task from the system'),
(3718, 62, '2015-01-29 21:16:48', 'Deleted Invoice Task from the system'),
(3719, 62, '2015-01-29 21:17:47', 'Deleted Invoice Task from the system'),
(3720, 62, '2015-01-29 21:18:02', 'Deleted Invoice Task from the system'),
(3721, 62, '2015-01-29 21:18:19', 'Deleted Invoice Task from the system'),
(3722, 62, '2015-01-29 21:18:32', 'Deleted Invoice Task from the system'),
(3723, 62, '2015-01-29 21:18:52', 'Deleted Invoice Task from the system'),
(3724, 62, '2015-01-29 21:19:23', 'Deleted Invoice Task from the system'),
(3725, 62, '2015-01-29 21:19:27', 'Deleted Invoice Task from the system'),
(3726, 62, '2015-01-29 21:20:06', 'Deleted Invoice Task from the system'),
(3727, 62, '2015-01-29 21:20:29', 'Deleted Invoice Task from the system'),
(3728, 62, '2015-01-29 21:20:54', 'Deleted Invoice Task from the system'),
(3729, 62, '2015-01-29 21:21:31', 'Deleted Invoice Task from the system'),
(3730, 62, '2015-01-29 21:21:40', 'Update a invoice task (47) into the system'),
(3731, 62, '2015-01-29 21:23:10', 'Update a invoice task (47) into the system'),
(3732, 62, '2015-01-29 21:23:26', 'Update a invoice task (47) into the system'),
(3733, 62, '2015-01-29 21:23:52', 'Update a invoice task (47) into the system'),
(3734, 62, '2015-01-29 21:24:04', 'Update a invoice task (47) into the system'),
(3735, 62, '2015-01-29 21:24:42', 'Update a invoice task (66) into the system'),
(3736, 62, '2015-01-29 21:26:39', 'Deleted Invoice Task from the system'),
(3737, 64, '2015-01-29 21:31:51', 'Logged Into the system'),
(3738, 62, '2015-01-29 21:37:55', 'Deleted Invoice Task from the system'),
(3739, 62, '2015-01-29 21:39:49', 'Update labour matrix details into the system'),
(3740, 62, '2015-01-29 21:40:06', 'Update labour matrix details into the system'),
(3741, 62, '2015-01-29 21:40:20', 'Update labour matrix details into the system'),
(3742, 62, '2015-01-29 21:40:45', 'Update a invoice task (38) into the system'),
(3743, 62, '2015-01-29 21:42:26', 'Update labour matrix details into the system'),
(3744, 62, '2015-01-29 21:44:09', 'Update labour matrix details into the system'),
(3745, 62, '2015-01-29 21:44:43', 'Update labour matrix details into the system'),
(3746, 62, '2015-01-29 21:45:05', 'Update labour matrix details into the system'),
(3747, 62, '2015-01-29 21:45:35', 'Update labour matrix details into the system'),
(3748, 62, '2015-01-29 21:45:54', 'Deleted labour task from the system '),
(3749, 62, '2015-01-29 21:47:57', 'Update labour matrix details into the system'),
(3750, 62, '2015-01-29 21:48:16', 'Update labour matrix details into the system'),
(3751, 62, '2015-01-29 21:48:34', 'Update labour matrix details into the system'),
(3752, 62, '2015-01-29 21:48:53', 'Update labour matrix details into the system'),
(3753, 62, '2015-01-29 21:49:19', 'Update labour matrix details into the system'),
(3754, 62, '2015-01-29 22:02:15', 'Update labour matrix details into the system'),
(3755, 62, '2015-01-29 22:03:46', 'Update labour matrix details into the system'),
(3756, 62, '2015-01-29 22:10:05', 'Update labour matrix details into the system'),
(3757, 62, '2015-01-29 22:10:15', 'Update a invoice task (33) into the system'),
(3758, 62, '2015-01-29 22:16:10', 'Deleted Invoice Task from the system'),
(3759, 62, '2015-01-29 22:16:16', 'Update a invoice task (27) into the system'),
(3760, 62, '2015-01-29 22:16:19', 'Update a invoice task (28) into the system'),
(3761, 62, '2015-01-29 22:18:18', 'Update a invoice task (63) into the system'),
(3762, 62, '2015-01-29 22:18:53', 'Update labour matrix details into the system'),
(3763, 64, '2015-01-29 22:20:15', 'deleted an item from the system'),
(3764, 62, '2015-01-29 22:20:29', 'Update labour matrix details into the system'),
(3765, 62, '2015-01-29 22:21:47', 'Update labour matrix details into the system'),
(3766, 62, '2015-01-29 22:22:20', 'Update labour matrix details into the system'),
(3767, 62, '2015-01-29 22:22:33', 'Update a invoice task (63) into the system'),
(3768, 62, '2015-01-29 22:25:04', 'Update a invoice task (33) into the system'),
(3769, 62, '2015-01-29 22:30:19', 'Update a invoice task (47) into the system'),
(3770, 62, '2015-01-29 22:32:25', 'Added more invoice tasks (117) into the system'),
(3771, 62, '2015-01-29 22:34:41', 'Added more invoice tasks (108) into the system'),
(3772, 62, '2015-01-29 22:36:34', 'Added more invoice tasks (33) into the system'),
(3773, 67, '2015-01-29 22:37:57', 'Logged Into the system'),
(3774, 0, '2015-01-29 22:37:58', 'Logged Into the system'),
(3775, 62, '2015-01-29 22:43:13', 'Update a invoice task (38) into the system'),
(3776, 62, '2015-01-29 22:52:39', 'Added more invoice tasks (30) into the system'),
(3777, 62, '2015-01-29 22:53:48', 'Added more invoice tasks (30) into the system'),
(3778, 62, '2015-01-29 22:54:02', 'Deleted Invoice Task from the system'),
(3779, 62, '2015-01-29 22:56:11', 'Update a invoice task (61) into the system'),
(3780, 62, '2015-01-29 22:57:44', 'Update a invoice task (61) into the system'),
(3781, 67, '2015-01-29 23:02:23', 'Signed out of the system'),
(3782, 62, '2015-01-29 23:10:38', 'Logged Into the system'),
(3783, 62, '2015-01-29 23:12:39', 'Update a invoice task (117) into the system'),
(3784, 62, '2015-01-29 23:13:26', 'Update a invoice task (63) into the system'),
(3785, 62, '2015-01-29 23:14:52', 'Logged Into the system'),
(3786, 62, '2015-01-29 23:15:19', 'Update labour matrix details into the system'),
(3787, 62, '2015-01-29 23:15:26', 'Logged Into the system'),
(3788, 62, '2015-01-29 23:15:30', 'Logged Into the system'),
(3789, 62, '2015-01-29 23:17:11', 'Update labour matrix details into the system'),
(3790, 62, '2015-01-29 23:17:25', 'Update a invoice task (68) into the system'),
(3791, 62, '2015-01-29 23:17:29', 'Update a invoice task (120) into the system'),
(3792, 62, '2015-01-29 23:21:02', 'Update a invoice task (26) into the system'),
(3793, 62, '2015-01-29 23:27:31', 'Update a invoice task (47) into the system'),
(3794, 64, '2015-01-29 23:44:26', 'Added more requisition parts details into the system'),
(3795, 69, '2015-01-29 23:47:13', 'Logged Into the system'),
(3796, 69, '2015-01-30 01:19:09', 'Signed out of the system'),
(3797, 69, '2015-01-30 01:20:20', 'Logged Into the system'),
(3798, 62, '2015-01-30 01:20:56', 'Logged Into the system'),
(3799, 62, '2015-01-30 01:21:33', 'Added a booking for Team Fergie Transporters  of vehicle Kbv 863F into the system'),
(3800, 69, '2015-01-30 01:25:32', 'Signed out of the system'),
(3801, 69, '2015-01-30 01:26:29', 'Logged Into the system'),
(3802, 62, '2015-01-30 01:35:51', 'Signed out of the system'),
(3803, 66, '2015-01-30 01:36:01', 'Logged Into the system'),
(3804, 66, '2015-01-30 01:36:12', 'Clocked in a job card no 103 into the system '),
(3805, 66, '2015-01-30 01:36:21', 'Clocked in a job card no 103 into the system '),
(3806, 66, '2015-01-30 01:36:24', 'Signed out of the system'),
(3807, 62, '2015-01-30 01:36:35', 'Logged Into the system'),
(3808, 62, '2015-01-30 01:38:07', 'Logged Into the system'),
(3809, 62, '2015-01-30 01:40:39', 'Update labour matrix details into the system'),
(3810, 62, '2015-01-30 01:40:53', 'Update a preliminary job card task (121) into the system'),
(3811, 62, '2015-01-30 01:40:57', 'Update a preliminary job card task (121) into the system'),
(3812, 62, '2015-01-30 01:41:13', 'Signed out of the system'),
(3813, 69, '2015-01-30 01:41:34', 'Signed out of the system'),
(3814, 69, '2015-01-30 01:41:44', 'Logged Into the system'),
(3815, 66, '2015-01-30 01:41:50', 'Logged Into the system'),
(3816, 66, '2015-01-30 01:42:02', 'Finished a task in job card no 103 into the system '),
(3817, 66, '2015-01-30 01:42:10', 'Finished a task in job card no 103 into the system '),
(3818, 66, '2015-01-30 01:42:22', 'Signed out of the system'),
(3819, 62, '2015-01-30 01:42:32', 'Logged Into the system'),
(3820, 62, '2015-01-30 02:34:05', 'Logged Into the system'),
(3821, 70, '2015-01-30 02:48:15', 'Logged Into the system'),
(3822, 69, '2015-01-30 02:50:56', 'Logged Into the system'),
(3823, 70, '2015-01-30 03:42:36', 'Logged Into the system'),
(3824, 69, '2015-01-30 03:45:35', 'Update invoice details details into the system'),
(3825, 64, '2015-01-30 03:48:06', 'Deleted Requistion Item from the system'),
(3826, 64, '2015-01-30 03:48:08', 'Deleted Requistion Item from the system'),
(3827, 19, '2015-01-30 03:48:32', 'Logged Into the system'),
(3828, 69, '2015-01-30 03:49:19', 'Signed out of the system'),
(3829, 69, '2015-01-30 03:49:38', 'Logged Into the system'),
(3830, 69, '2015-01-30 03:56:43', 'Update invoice details details into the system'),
(3831, 69, '2015-01-30 03:57:25', 'Update invoice details details into the system'),
(3832, 19, '2015-01-30 04:03:44', 'Update invoice details details into the system'),
(3833, 19, '2015-01-30 04:04:05', 'Update invoice details details into the system'),
(3834, 69, '2015-01-30 04:04:47', 'Signed out of the system'),
(3835, 19, '2015-01-30 04:07:39', 'Update invoice details details into the system'),
(3836, 19, '2015-01-30 04:07:52', 'Update invoice details details into the system'),
(3837, 62, '2015-01-30 04:16:07', 'Logged Into the system'),
(3838, 62, '2015-01-30 04:16:48', 'Logged Into the system'),
(3839, 70, '2015-01-30 04:37:21', 'Logged Into the system'),
(3840, 19, '2015-01-30 15:09:07', 'Update invoice details details into the system'),
(3841, 19, '2015-01-30 15:09:46', 'Update invoice details details into the system'),
(3842, 19, '2015-01-30 15:19:45', 'Update invoice details details into the system'),
(3843, 19, '2015-01-30 15:21:17', 'Update invoice details details into the system'),
(3844, 19, '2015-01-31 10:36:07', 'Logged Into the system'),
(3845, 19, '2015-01-31 10:39:23', 'Added a booking for Anna Waithera of vehicle KAW 197 C into the system'),
(3846, 19, '2015-02-02 21:33:55', 'Logged Into the system'),
(3847, 19, '2015-02-02 21:35:50', 'Added a booking for Anna Waithera of vehicle KAW 197 C into the system'),
(3848, 19, '2015-02-02 21:37:59', 'Update a quotation parts details into the system'),
(3849, 19, '2015-02-02 21:38:21', 'Signed out of the system'),
(3850, 19, '2015-02-02 21:46:03', 'Logged Into the system'),
(3851, 19, '2015-02-02 21:47:08', 'Logged Into the system'),
(3852, 19, '2015-02-02 21:47:13', 'Logged Into the system'),
(3853, 19, '2015-02-02 21:51:09', 'Added a booking for Cunningham Mwathi of vehicle KBS 772A into the system'),
(3854, 19, '2015-02-02 21:56:29', 'Update a preliminary job card task (124) into the system'),
(3855, 19, '2015-02-02 21:57:16', 'Update a preliminary job card task (125) into the system'),
(3856, 19, '2015-02-02 21:57:34', 'Update a preliminary job card task (127) into the system'),
(3857, 19, '2015-02-02 21:58:03', 'Update a preliminary job card task (116) into the system'),
(3858, 19, '2015-02-05 02:39:49', 'Logged Into the system'),
(3859, 19, '2015-02-05 02:49:49', 'Added a booking for Anna Waithera of vehicle KBF 876 into the system'),
(3860, 0, '2015-02-05 02:52:33', 'Update a booking for Anna Waithera of vehicle KBF 876 into the system'),
(3861, 0, '2015-02-05 02:53:09', 'Update a booking for Anna Waithera of vehicle KBF 876 into the system'),
(3862, 19, '2015-02-05 03:51:04', 'Update a preliminary job card task (Replace Bottom Lining kabisa) into the system'),
(3863, 19, '2015-02-05 03:51:31', 'Update a preliminary job card task (Replace Bottom Lining kabisa) into the system'),
(3864, 19, '2015-02-05 04:07:26', 'Update a preliminary job card parts details into the system'),
(3865, 19, '2015-02-05 04:07:47', 'Update a preliminary job card parts details into the system'),
(3866, 19, '2015-02-05 04:08:04', 'Update a preliminary job card parts details into the system'),
(3867, 19, '2015-02-05 04:10:08', 'Deleted Job Card Item from the system'),
(3868, 19, '2015-02-05 04:11:06', 'Deleted Job Card Item from the system'),
(3869, 19, '2015-02-05 04:11:20', 'Deleted Job Card Task from the system'),
(3870, 19, '2015-02-05 04:11:40', 'Update a preliminary job card task (Replace Bottom Lining kabisa) into the system'),
(3871, 19, '2015-02-05 04:26:15', 'Added more job card tasks (145) into the system'),
(3872, 19, '2015-02-05 04:27:30', 'Update a preliminary job card task (Kimtai kiuy) into the system'),
(3873, 19, '2015-02-05 04:28:00', 'Added more job card tasks (146) into the system'),
(3874, 19, '2015-02-05 04:29:32', 'Added more job card tasks (147) into the system'),
(3875, 19, '2015-02-05 04:33:11', 'Added more job card parts details into the system'),
(3876, 19, '2015-02-05 05:10:05', 'Update a invoice task (141) into the system'),
(3877, 19, '2015-02-05 05:20:41', 'Update a invoice task (Gregiry Ussack ni kweli) into the system'),
(3878, 19, '2015-02-05 05:28:45', 'Added more invoice tasks (148) into the system'),
(3879, 19, '2015-02-05 05:29:06', 'Update a invoice task (Windwo Glass) into the system'),
(3880, 19, '2015-02-05 05:45:48', 'Added more job card parts details into the system'),
(3881, 19, '2015-02-05 05:47:02', 'Added more job card parts details into the system'),
(3882, 19, '2015-02-05 05:51:00', 'Added more invoice tasks (149) into the system'),
(3883, 19, '2015-02-05 05:51:27', 'Added more job card parts details into the system'),
(3884, 19, '2015-02-05 05:51:52', 'Update a invoice task (MOnor Service) into the system'),
(3885, 19, '2015-02-05 05:52:50', 'Update invoice details details into the system'),
(3886, 19, '2015-02-05 06:06:26', 'Update a invoice parts details into the system'),
(3887, 19, '2015-02-05 06:07:59', 'Update a invoice parts details into the system'),
(3888, 19, '2015-02-05 06:09:12', 'Update a invoice parts details into the system'),
(3889, 19, '2015-02-05 06:09:34', 'Update a invoice parts details into the system'),
(3890, 19, '2015-02-05 06:10:11', 'Update invoice details details into the system'),
(3891, 19, '2015-02-05 06:24:04', 'Added more invoice tasks (150) into the system'),
(3892, 19, '2015-02-05 06:33:20', 'Added more job card parts details into the system'),
(3893, 19, '2015-02-05 07:30:30', 'Added more lpo items into the system'),
(3894, 19, '2015-02-05 11:08:35', 'Logged Into the system'),
(3895, 19, '2015-02-05 11:48:01', 'Added more invoice tasks (151) into the system');

-- --------------------------------------------------------

--
-- Table structure for table `bad_debts`
--

CREATE TABLE IF NOT EXISTS `bad_debts` (
  `bad_debt_id` int(10) NOT NULL AUTO_INCREMENT,
  `sales_code` int(10) NOT NULL,
  `client_id` int(10) NOT NULL,
  `amount` varchar(100) NOT NULL,
  `reason` varchar(250) NOT NULL,
  `currency_code` varchar(100) NOT NULL,
  `curr_rate` varchar(100) NOT NULL,
  `date_received` timestamp NOT NULL DEFAULT CURRENT_TIMESTAMP ON UPDATE CURRENT_TIMESTAMP,
  `status` int(1) NOT NULL,
  PRIMARY KEY (`bad_debt_id`)
) ENGINE=MyISAM DEFAULT CHARSET=latin1 AUTO_INCREMENT=1 ;

--
-- Dumping data for table `bad_debts`
--


-- --------------------------------------------------------

--
-- Table structure for table `bad_debts_ledger`
--

CREATE TABLE IF NOT EXISTS `bad_debts_ledger` (
  `transaction_id` int(10) NOT NULL AUTO_INCREMENT,
  `transactions` varchar(100) NOT NULL,
  `amount` varchar(100) NOT NULL,
  `debit` varchar(100) NOT NULL,
  `credit` varchar(100) NOT NULL,
  `currency_code` int(10) NOT NULL,
  `curr_rate` varchar(100) NOT NULL,
  `date_recorded` timestamp NOT NULL DEFAULT CURRENT_TIMESTAMP ON UPDATE CURRENT_TIMESTAMP,
  PRIMARY KEY (`transaction_id`)
) ENGINE=MyISAM DEFAULT CHARSET=latin1 AUTO_INCREMENT=1 ;

--
-- Dumping data for table `bad_debts_ledger`
--


-- --------------------------------------------------------

--
-- Table structure for table `banks`
--

CREATE TABLE IF NOT EXISTS `banks` (
  `bank_id` int(10) NOT NULL AUTO_INCREMENT,
  `bank_name` varchar(100) COLLATE latin1_general_ci DEFAULT NULL,
  `branch_name` varchar(100) COLLATE latin1_general_ci DEFAULT NULL,
  `account_name` varchar(100) COLLATE latin1_general_ci NOT NULL,
  `account_number` varchar(100) COLLATE latin1_general_ci NOT NULL,
  PRIMARY KEY (`bank_id`)
) ENGINE=MyISAM  DEFAULT CHARSET=latin1 COLLATE=latin1_general_ci AUTO_INCREMENT=7 ;

--
-- Dumping data for table `banks`
--

INSERT INTO `banks` (`bank_id`, `bank_name`, `branch_name`, `account_name`, `account_number`) VALUES
(4, 'Barclays Bank Kenya Limited', 'Queensway House', 'My Mechanic Auto Garage', '2023268235'),
(5, 'Kenya Commercial Bank', 'KIMATHI ', 'My Mechanic Auto Garage', '11439501'),
(6, 'Paramount Universal Bank', 'Industrial Area', 'My Mechanic Auto Garage Limited', '070002061508');

-- --------------------------------------------------------

--
-- Table structure for table `bank_branches`
--

CREATE TABLE IF NOT EXISTS `bank_branches` (
  `branch_id` int(10) NOT NULL AUTO_INCREMENT,
  `bank_id` int(10) DEFAULT NULL,
  `branch_name` varchar(100) COLLATE latin1_general_ci DEFAULT NULL,
  PRIMARY KEY (`branch_id`)
) ENGINE=MyISAM DEFAULT CHARSET=latin1 COLLATE=latin1_general_ci AUTO_INCREMENT=1 ;

--
-- Dumping data for table `bank_branches`
--


-- --------------------------------------------------------

--
-- Table structure for table `bank_ledger`
--

CREATE TABLE IF NOT EXISTS `bank_ledger` (
  `transaction_id` int(10) NOT NULL AUTO_INCREMENT,
  `transactions` varchar(100) NOT NULL,
  `amount` varchar(100) NOT NULL,
  `debit` varchar(100) NOT NULL,
  `credit` varchar(100) NOT NULL,
  `currency_code` int(10) NOT NULL,
  `curr_rate` varchar(100) NOT NULL,
  `date_recorded` timestamp NOT NULL DEFAULT CURRENT_TIMESTAMP,
  `sales_code` varchar(100) NOT NULL,
  PRIMARY KEY (`transaction_id`)
) ENGINE=MyISAM  DEFAULT CHARSET=latin1 AUTO_INCREMENT=11 ;

--
-- Dumping data for table `bank_ledger`
--

INSERT INTO `bank_ledger` (`transaction_id`, `transactions`, `amount`, `debit`, `credit`, `currency_code`, `curr_rate`, `date_recorded`, `sales_code`) VALUES
(1, 'Loan Received from Longterm View Capital Limited', '35085', '35085', '', 6, '1', '2015-01-13 03:32:10', 'lnrec1'),
(2, 'Salary Payments To :  Edwin  Kipkorir  Koech For Month Of : January 2015', '-14230 ', '', '14230 ', 0, '', '2015-01-21 23:17:29', 'payrol7'),
(3, 'Salary Payments To :  Lazarus   Ngotho  Kisilu  For Month Of : January 2015', '-28610 ', '', '28610 ', 0, '', '2015-01-21 23:17:29', 'payrol3'),
(4, 'Salary Payments To :  Christin   Beth Wanjiru   Kimani  For Month Of : January 2015', '-14380 ', '', '14380 ', 0, '', '2015-01-21 23:17:29', 'payrol2'),
(5, 'Salary Payments To :  Stella  Mueni  Kisilu For Month Of : January 2015', '-11230 ', '', '11230 ', 0, '', '2015-01-21 23:17:29', 'payrol1'),
(6, 'Salary Payments To :  Stella  Mueni  Kisilu For Month Of : January 2015', '-11230 ', '', '11230 ', 0, '', '2015-01-21 23:17:29', 'payrol1'),
(7, 'Salary Payments To :  Stella  Mueni  Kisilu For Month Of : January 2015', '-11230 ', '', '11230 ', 0, '', '2015-01-21 23:17:29', 'payrol1'),
(8, 'Supplier Payments To :  WAGDAH MOTORS Receipt: BRSP0001/2015', '-77090', '', '77090', 6, '1', '2015-01-22 03:45:14', 'supm1'),
(9, 'Expenses Payment: MGEXP0001/2015', '-166.60', '', '166.60', 6, '1', '2015-01-30 01:35:09', 'exp1'),
(10, 'Expenses Payment: MGEXP0002/2015', '-204', '', '204', 6, '1', '2015-01-30 01:45:07', 'exp2');

-- --------------------------------------------------------

--
-- Table structure for table `bank_statement`
--

CREATE TABLE IF NOT EXISTS `bank_statement` (
  `transaction_id` int(10) NOT NULL AUTO_INCREMENT,
  `transactions` longtext NOT NULL,
  `amount` varchar(100) NOT NULL,
  `debit` varchar(100) NOT NULL,
  `credit` varchar(100) NOT NULL,
  `mop` int(11) NOT NULL,
  `bank_id` int(11) NOT NULL,
  `currency_code` int(10) NOT NULL,
  `curr_rate` varchar(100) NOT NULL,
  `date_recorded` timestamp NOT NULL DEFAULT CURRENT_TIMESTAMP,
  `sales_code` varchar(100) NOT NULL,
  PRIMARY KEY (`transaction_id`)
) ENGINE=MyISAM  DEFAULT CHARSET=latin1 AUTO_INCREMENT=9 ;

--
-- Dumping data for table `bank_statement`
--

INSERT INTO `bank_statement` (`transaction_id`, `transactions`, `amount`, `debit`, `credit`, `mop`, `bank_id`, `currency_code`, `curr_rate`, `date_recorded`, `sales_code`) VALUES
(1, 'Cash Deposit. Slip No : 40688', '7200', '7200', '', 0, 6, 6, '1', '2015-01-23 02:54:12', 'cashdep1'),
(2, 'Cash Deposit. Slip No : 49977', '5190', '5190', '', 0, 6, 6, '1', '2015-01-23 02:55:03', 'cashdep2'),
(3, 'Cash Deposit. Slip No : 48466', '5730', '5730', '', 0, 6, 6, '1', '2015-01-23 02:55:57', 'cashdep3'),
(4, 'Cash Deposit. Slip No : 47315', '5280', '5280', '', 0, 6, 6, '1', '2015-01-23 02:57:52', 'cashdep4'),
(5, 'Cash Deposit. Slip No : 49000', '1400', '1400', '', 0, 6, 6, '1', '2015-01-23 03:00:05', 'cashdep5'),
(6, 'Cash Deposit. Slip No : 49245', '1150', '1150', '', 0, 6, 6, '1', '2015-01-23 03:29:59', 'cashdep6'),
(7, 'Cash Deposit. Slip No : 13', '4885', '4885', '', 0, 6, 6, '1', '2015-01-23 03:34:13', 'cashdep7'),
(8, 'Cash Deposit. Slip No : 30', '8005', '8005', '', 0, 6, 6, '1', '2015-01-30 03:24:04', 'cashdep8');

-- --------------------------------------------------------

--
-- Table structure for table `benefits`
--

CREATE TABLE IF NOT EXISTS `benefits` (
  `benefit_id` int(10) NOT NULL AUTO_INCREMENT,
  `emp_id` int(11) NOT NULL,
  `payroll_id` int(11) NOT NULL,
  `benefit_log_id` int(11) NOT NULL,
  `benefit_name` varchar(100) COLLATE latin1_general_ci NOT NULL,
  `benefit_amount` varchar(100) COLLATE latin1_general_ci NOT NULL,
  `benefit_month` varchar(100) COLLATE latin1_general_ci NOT NULL,
  PRIMARY KEY (`benefit_id`)
) ENGINE=MyISAM DEFAULT CHARSET=latin1 COLLATE=latin1_general_ci AUTO_INCREMENT=1 ;

--
-- Dumping data for table `benefits`
--


-- --------------------------------------------------------

--
-- Table structure for table `benefit_logs`
--

CREATE TABLE IF NOT EXISTS `benefit_logs` (
  `benefit_log_id` int(10) NOT NULL AUTO_INCREMENT,
  `benefit_log_name` varchar(100) NOT NULL,
  `default_benefit_amount` varchar(100) NOT NULL,
  `benefit_desc` varchar(100) NOT NULL,
  PRIMARY KEY (`benefit_log_id`)
) ENGINE=MyISAM DEFAULT CHARSET=latin1 AUTO_INCREMENT=1 ;

--
-- Dumping data for table `benefit_logs`
--


-- --------------------------------------------------------

--
-- Table structure for table `bookings`
--

CREATE TABLE IF NOT EXISTS `bookings` (
  `booking_id` int(11) NOT NULL AUTO_INCREMENT,
  `customer_id` int(11) NOT NULL,
  `reg_no` varchar(100) DEFAULT NULL,
  `vehicle_make` varchar(100) DEFAULT NULL,
  `vehicle_model` varchar(100) NOT NULL,
  `chasis_no` varchar(100) NOT NULL,
  `engine_range_id` int(11) NOT NULL,
  `engine` varchar(100) NOT NULL,
  `trim_code` varchar(100) NOT NULL,
  `odometer` varchar(100) NOT NULL,
  `fuel_tank` varchar(100) NOT NULL,
  `booking_date` date NOT NULL,
  `user_id` int(11) NOT NULL,
  `status` int(11) NOT NULL,
  PRIMARY KEY (`booking_id`)
) ENGINE=InnoDB  DEFAULT CHARSET=latin1 AUTO_INCREMENT=128 ;

--
-- Dumping data for table `bookings`
--

INSERT INTO `bookings` (`booking_id`, `customer_id`, `reg_no`, `vehicle_make`, `vehicle_model`, `chasis_no`, `engine_range_id`, `engine`, `trim_code`, `odometer`, `fuel_tank`, `booking_date`, `user_id`, `status`) VALUES
(1, 1, 'KAT 291S', 'Toyota', 'NZE', 'JTBW23803065154', 1, '1300', 'YE14', '219969', 'Quatre tank', '2014-12-18', 62, 1),
(2, 2, 'n/a', '', '', '', 1, '', '', '', '', '2014-12-19', 62, 1),
(3, 2, 'n/a', '', '', '', 999, '', '', '', '', '2014-12-19', 62, 1),
(4, 7, 'KBV 863P', 'Isuzu', 'NQR', '', 3, '3500', '', '', '', '2014-12-19', 62, 1),
(5, 4, 'KAW 779W', 'Toyota', 'Premio', '', 1, '1700', '', '', '', '2014-12-20', 19, 1),
(6, 5, 'KBG 849V', 'Toyota', 'Premio', '', 1, '1500', '', '214587', '', '2014-12-22', 62, 1),
(7, 6, 'KBZ 348B', 'Isuzu', 'NQR', 'JAANIR66PC7101658', 3, '4334', 'c7101658', '43942', 'Quatre tank', '2014-12-23', 62, 1),
(8, 7, 'KBY 754G', 'Isuzu', 'NQR', 'JAANIR66PC7101418', 3, '', '', '49154', '3/4', '2014-12-23', 62, 1),
(9, 7, 'KBY 755G', 'Isuzu', 'NQR', 'C7101481', 3, '', '', '50881', '3/4', '2014-12-23', 62, 1),
(10, 7, 'KBV 079P', 'Isuzu', 'NQR', '', 3, '', '', '', '', '2014-12-23', 62, 1),
(11, 7, 'KBW 145L', 'Isuzu', 'NQR', '', 3, '', '', '', '3/4', '2014-12-23', 62, 1),
(12, 7, 'KBV 599Z', 'Isuzu', 'NQR', '', 3, '', '', '', '3/4', '2014-12-23', 62, 1),
(13, 7, 'KBY 756G', 'Isuzu', 'NQR', '', 3, '', '', '', '3/4', '2014-12-23', 62, 1),
(14, 6, 'KBZ 348B', 'Isuzu', 'NQR', 'JAANIR66PC7101658', 3, '4334', 'c7101658', '43942', 'Quatre tank', '2014-12-23', 62, 1),
(15, 6, 'KBZ 348B', 'Isuzu', 'NQR', 'JAANIR66PC7101658', 3, '4334', 'c7101658', '43942', 'Quatre tank', '2014-12-23', 62, 1),
(16, 7, 'KBY 755G', 'Isuzu', 'NQR', 'C7101481', 3, '4334', '', '', '', '2014-12-24', 62, 0),
(17, 7, 'KBY 755G', 'Isuzu', 'NQR', 'C7101481', 3, '4334', '', '', '', '2014-12-24', 62, 1),
(18, 7, 'Kbv 863F', 'Isuzu', 'NQR', 'PC7100504', 3, '4334', '', '8322', '', '2014-12-24', 62, 1),
(19, 7, 'KBY 754G', 'Isuzu', 'NQR', '', 3, '4334', '', '', '', '2014-12-27', 62, 1),
(20, 7, 'KBY 756G', 'Isuzu', 'NQR', 'JAAN1R66PC7101417', 3, '4334', '729/158', '94296', 'Quatre tank', '2014-12-29', 62, 1),
(21, 7, 'KBW 145L', 'Isuzu', 'NQR', 'JAAN1R66PC7100919', 3, '4334', '729/158', '11800', 'FULL', '2014-12-29', 62, 1),
(22, 8, 'KAW  374M', 'Subaru', 'Impreza', 'GF1F54R', 1, '1498', '810', '176344', 'Half tank', '2014-12-29', 62, 1),
(23, 7, 'KBY 755G', 'Isuzu', 'NQR', 'JAAN1R66PC7101481', 3, '4334', '729/158', '51493', 'FULL', '2014-12-30', 62, 1),
(24, 9, 'KBT 800Z', 'Mercedez Benz', 'C230', 'WDC2030402R190046', 2, '2000', '', '', '', '2014-12-30', 62, 0),
(25, 7, 'KBV 863P', 'Isuzu', 'NQR', 'PC710054', 3, '3500', '', '', 'FULL', '2014-12-31', 62, 0),
(26, 10, 'others', 'Isuzu', 'NQR', '', 3, '', '', '', '', '2014-12-31', 62, 0),
(27, 10, 'others', 'Isuzu', 'NQR', '', 3, '', '', '', '', '2014-12-31', 62, 1),
(29, 7, 'KBY 756G', 'Isuzu', 'NQR', 'JAAN1R66PC7101417', 3, '4334', '729/158', '44102', '3/4', '2014-12-31', 62, 1),
(30, 7, 'KBV 863F', 'Isuzu', 'NQR', 'PC7100504', 3, '3500', '', '', '', '2014-12-31', 62, 1),
(31, 7, 'KBY 754G', 'Isuzu', 'NQR', 'JAANIR66PC7101418', 3, '4334', '', '94296', '', '2014-12-31', 62, 1),
(32, 11, 'KAT 353K', 'Toyota', '103', 'REE103V', 1, '1290', 'LB12', '144350', 'FULL', '2015-01-02', 62, 1),
(33, 7, 'KBY 755G', 'Isuzu', 'NQR', 'C7101481', 3, '4334', '729/158', '', '', '2015-01-02', 62, 1),
(34, 7, 'KBY 754G', 'Isuzu', 'NQR', 'JAANIR66PC7101418', 3, '4334', '729/158', '94926', '', '2015-01-03', 62, 1),
(35, 11, 'KAT 353K', 'Toyota', '103', 'REE103V', 1, '1290', 'LB12', '144350', 'FULL', '2015-01-03', 62, 0),
(36, 2, 'n/a', '', '', '', 1, '', '', '', '', '2015-01-05', 19, 0),
(37, 12, 'KBT 617W', 'KIA', 'SPORTAGE', 'KNAPC8115C7319425', 1, '1600', 'D5UWK', '23735', '', '2015-01-05', 62, 1),
(38, 7, 'KBV 599Z', 'Isuzu', 'NQR', 'C7100628', 3, '4334', '729/158', '82471', '3/4', '2015-01-05', 62, 1),
(39, 13, 'others', 'Corolla', 'AE110', '', 1, '', '', '', '', '2015-01-06', 62, 0),
(40, 13, 'Others', 'Corolla', 'AE110', '', 1, '', '', '', '', '2015-01-06', 62, 1),
(41, 7, 'KBW 145L', 'Isuzu', 'NQR', 'JAAN1R66PC7100919', 3, '4334', '729/158', '11800', '3/4', '2015-01-06', 62, 1),
(42, 7, 'KBY 755G', 'Isuzu', 'NQR', 'JAAN1R66PC7101481', 3, '4334', '729/158', '50881', '3/4', '2015-01-07', 62, 1),
(43, 7, 'KBY 755G', 'Isuzu', 'NQR', 'JAAN1R66PC7101481', 3, '', '', '50881', 'FULL', '2015-01-08', 62, 1),
(44, 7, 'KBZ 348B', 'Isuzu', 'NQR', 'JAANIR66PC7101658', 3, '4334', '729/158', '46181', '', '2015-01-08', 62, 1),
(45, 7, 'KBW 145L', 'Isuzu', 'NQR', 'JAAN1R66PC7100919', 3, '4334', '729/158', '11800', 'FULL', '2015-01-09', 62, 1),
(46, 2, 'KAM 457U', 'Toyota', 'COROLLA  SE', '', 1, '1600', '', '', '', '2015-01-10', 62, 1),
(47, 14, 'KCA 020R', 'Toyota', 'Hillux KUN25R', 'PN133JV2508541386', 2, '2494', 'GD10', '', '', '2015-01-10', 62, 1),
(48, 7, 'KBL 145L', 'Isuzu', 'NQR', '', 3, '4334', '729/158', '', '3/4', '2015-01-12', 62, 1),
(49, 7, 'KBY 754G', 'Isuzu', 'NQR', 'JAANIR66PC7101418', 3, '4334', '729/158', '49154', '3/4', '2015-01-12', 62, 1),
(50, 7, 'KBV 863F', 'Isuzu', 'NQR', 'PC7100504', 3, '4334', '729/158', '8322', '', '2015-01-12', 62, 1),
(51, 7, 'KBW 599Z', 'Isuzu', 'NQR', '', 3, '4334', '729/158', '', '', '2015-01-12', 62, 1),
(52, 7, 'KBY 756G', 'Isuzu', 'NQR', '', 3, '4334', '729/158', '', '3/4', '2015-01-12', 62, 1),
(53, 7, 'KBW 145L', 'Isuzu', 'NQR', 'JAAN1R66PC7100919', 3, '4334', '729/158', '11800', 'FULL', '2015-01-12', 62, 1),
(54, 7, 'KBV 599Z', 'Isuzu', 'NQR', '', 3, '4334', '729/158', '', '3/4', '2015-01-13', 62, 1),
(55, 15, 'KAT 171K', 'Mercedez Benz', 'E200', 'WDB2100352A474891', 2, '2200', '', '', '', '2015-01-14', 62, 1),
(56, 16, 'KBN 144B', 'Toyota', 'Spacio G Edition', 'ZZE1223-3084747', 1, '1600', 'FB10', '', '', '2015-01-14', 62, 1),
(57, 12, 'KBN 814J', 'Murano', '', '', 2, '', '', '', '', '2015-01-14', 62, 1),
(58, 16, 'KBN 144B', 'Toyota', 'Spacio G Edition', 'ZZE1223-3084747', 1, '1600', 'FB10', '', '', '2015-01-14', 62, 1),
(59, 16, 'KBN 144B', 'Toyota', 'Spacio G Edition', 'ZZE1223-3084747', 1, '1600', 'FB10', '', '', '2015-01-14', 19, 0),
(60, 16, 'KBN 144B', 'Toyota', 'Spacio G Edition', 'ZZE1223-3084747', 1, '1600', 'FB10', '', '', '2015-01-14', 19, 1),
(61, 7, 'KBV 599Z', 'Isuzu', 'NQR', '', 3, '4334', '729/158', '', '3/4', '2015-01-14', 62, 1),
(62, 7, 'KBY 756G', 'Isuzu', 'NQR', '', 3, '4334', '729/158', '', 'FULL', '2015-01-15', 62, 1),
(63, 2, 'KAK 574K', 'Toyota', 'kahara', '', 2, '2100', '', '', '', '2015-01-15', 62, 1),
(64, 17, 'KAK 574K', 'Toyota', 'kahara', '', 2, '2000', '', '', '', '2015-01-15', 62, 1),
(65, 7, 'KBL 145L', 'Isuzu', 'NQR', '', 3, '4334', '', '', '3/4', '2015-01-15', 62, 1),
(66, 19, 'KBZ 774F', 'Isuzu', 'NQR', 'JAAN1R66PC7101482', 3, '4334', '729/158', '47823', '', '2015-01-16', 62, 1),
(67, 20, 'KAX 764E', 'FUSO', 'FIGHTER', 'FK628K-540123', 3, '8200', '', '', '', '2015-01-16', 62, 1),
(68, 6, 'KBZ 348B', 'Isuzu', 'NQR', 'JAANIR66PC7101658', 3, '4334', 'c7101658', '43942', 'Quatre tank', '2015-01-16', 62, 1),
(69, 7, 'KBV 079P', 'Isuzu', 'NQR', '', 3, '', '', '', '', '2015-01-17', 62, 1),
(70, 18, 'KBY 094U', 'Toyota', 'Raum', 'CBA-NCZ20AHPXK-G', 1, '1500', 'FD40', '', '', '2015-01-16', 62, 1),
(71, 21, 'KAK 450D', 'Toyota', 'Tour wagon', '', 1, '1500', '', '', '', '2015-01-17', 62, 1),
(72, 7, 'KBY 754G', 'Isuzu', 'NQR', 'JAANIR66PC7101418', 3, '4334', '729/158', '49154', '3/4', '2015-01-18', 62, 1),
(73, 7, 'Kbv 863F', 'Isuzu', 'NQR', 'PC7100504', 3, '4334', '729/158', '8322', '', '2015-01-18', 62, 1),
(74, 7, 'KBY 756G', 'Isuzu', 'NQR', '', 3, '4334', '729/158', '', 'FULL', '2015-01-18', 62, 1),
(75, 22, 'KQY 456', 'Toyota', 'K30', '', 1, '1200', '', '', '', '2015-01-19', 62, 1),
(76, 23, 'KBY 756G', 'Isuzu', 'NQR', '', 3, '4334', '729/158', '', '', '2015-01-19', 62, 1),
(77, 23, 'KBY 755G', 'Isuzu', 'NQR', '', 3, '4334', '729/158', '', '', '2015-01-19', 62, 1),
(78, 24, 'KBU 750N', 'Mahindra', 'Scorpio Eii turbo2.5 7sf', 'TBABKLC2D37439', 2, '2500', '', '2957', '', '2015-01-26', 62, 0),
(79, 7, 'KBY 756G', 'Isuzu', 'NQR', '', 3, '4334', '729/158', '', '3/4', '2015-01-21', 62, 1),
(80, 25, 'KBR 284V', '', '', '', 1, '', '', '', '', '2015-01-21', 62, 1),
(81, 25, 'KBR 284V', 'Toyota', 'NZE', '', 1, '1600', 'YX05', '', '', '2015-01-21', 62, 1),
(82, 26, 'KAN 587P', 'Toyota', 'Corolla 100', '', 1, '1500', '', '', '', '2015-01-21', 62, 1),
(83, 6, 'KBZ 348B', 'Isuzu', 'NQR', 'JAANIR66PC7101658', 3, '4334', 'c7101658', '43942', 'Quatre tank', '2015-01-21', 62, 1),
(84, 7, 'Kbv 863F', 'Isuzu', 'NQR', 'PC7100504', 3, '4334', '', '8322', '', '2015-01-22', 62, 1),
(85, 27, 'KBR 987E', 'Nissan', 'Wingroad', '', 1, '1600', '', '', '', '2015-01-22', 62, 1),
(86, 24, 'KBU 750N', 'Mahindra', 'Scorpio Eii turbo2.5 7sf', 'TBABKLC2D37439', 2, '2500', '', '2957', '', '2015-01-22', 62, 1),
(87, 16, 'KBN 144B', 'Toyota', 'Spacio G Edition', 'ZZE1223-3084747', 1, '1600', 'FB10', '', '', '2015-01-22', 62, 1),
(88, 24, 'KBU 750N', 'Mahindra', 'Scorpio Eii turbo2.5 7sf', 'TBABKLC2D37439', 2, '2500', '', '2957', '', '2015-01-22', 62, 1),
(89, 28, 'KBT 725U', 'Toyota', 'Sienta', '', 1, '1500', '', '', '', '2015-01-22', 62, 1),
(90, 29, 'KBY 756G DM', 'Toyota', 'NZE', '', 1, '1600', '', '', '', '2015-01-17', 62, 1),
(91, 30, 'KBY 756G DM 2', 'Mercedes', 'E200', '', 2, '2100', '', '', '', '2014-12-03', 62, 1),
(92, 31, 'others', '', '', '', 1, '1500', '', '', '', '2015-01-23', 62, 1),
(93, 7, 'KBY 755G', 'Isuzu', 'NQR', '', 3, '4334', '729/158', '', '', '2015-01-23', 62, 1),
(94, 32, 'KBS 772A', 'Toyota', 'Runx', '', 1, '1600', '', '', '', '2015-01-23', 62, 1),
(95, 33, 'KAC 196G', '', '', '', 4, '7500', '', '', '', '2015-01-23', 62, 1),
(96, 7, 'KBV 079P', 'Isuzu', 'NQR', '', 3, '4334', '729/158', '', '', '2015-01-24', 62, 1),
(97, 9, 'KBZ 594W', 'Toyota', 'Probox', '', 1, '1800', '', '', '', '2015-01-24', 62, 1),
(98, 34, 'KBM 138M', 'Toyota', 'IST', '', 1, '1500', '', '', '', '2015-01-24', 62, 1),
(99, 35, 'KBV 443R', 'Toyota', 'Rush', '', 1, '1800', '', '', '', '2015-01-24', 62, 0),
(100, 35, 'KBV 443R', 'Toyota', 'Rush', '', 1, '1800', '', '', '', '2015-01-24', 62, 1),
(101, 36, 'KAP 172W', 'Toyota', 'Corolla L Touring', '', 1, '1500', '', '', '', '2015-01-24', 62, 1),
(102, 37, 'KBW 608W', 'Toyota', 'Town Ace', '', 2, '2000', '', '', '', '2015-01-24', 62, 1),
(103, 7, 'Kbv 863F', 'Isuzu', 'NQR', 'PC7100504', 3, '4334', '', '8322', '', '2015-01-25', 62, 1),
(104, 7, 'KBV 079P', 'Isuzu', 'NQR', '', 3, '', '', '', '', '2015-01-25', 62, 1),
(105, 6, 'KBZ 348B', 'Isuzu', 'NQR', 'JAANIR66PC7101658', 3, '4334', 'c7101658', '43942', 'Quatre tank', '2015-01-25', 62, 1),
(106, 7, 'KBL 145L', 'Isuzu', 'NQR', '', 3, '4334', '729/158', '', '3/4', '2015-01-25', 62, 1),
(107, 7, 'KBW 599Z', 'Isuzu', 'NQR', '', 3, '4334', '729/158', '', '', '2015-01-25', 62, 1),
(108, 7, 'KBY 756G', 'Isuzu', 'NQR', '', 3, '4334', '729/158', '', 'FULL', '2015-01-25', 62, 1),
(109, 38, 'KAW 197 C', '', '', '', 1, '1300', '', '', '', '2015-01-25', 62, 1),
(110, 39, 'Other', '', '', '', 1, '1100', '', '', '', '2015-01-25', 62, 1),
(111, 40, 'NIL', '', '', '', 1, '1224', '', '', '', '2015-01-25', 62, 1),
(112, 41, 'NIL', '', '', '', 3, '3000', '', '', '', '2015-01-24', 62, 1),
(113, 42, 'NIL', '', '', '', 1, '', '', '', '', '2015-01-24', 62, 1),
(114, 43, 'KVR 196', '', '', '', 1, '1100', '', '', '', '2015-01-26', 62, 1),
(115, 45, 'Kca  145P', 'Nissan', 'Tiida', 'DBAC11J54281', 1, '1500', 'B20G', '', '', '2015-01-26', 62, 1),
(116, 7, 'KBY 756G', 'Isuzu', 'NQR', '', 3, '', '', '', '3/4', '2015-01-28', 62, 1),
(117, 27, 'KBR 987E', 'Nissan', 'Wingroad', '', 1, '1600', '', '', '', '2015-01-28', 62, 1),
(118, 2400000, 'KBX 869M', 'Toyota', 'Harrier', '', 2, '2400', '', '88116', '', '2015-01-28', 62, 1),
(119, 2400001, 'KBH 910C', 'Toyota', 'Shark Hiace', '', 3, '', '', '', '', '2015-01-28', 62, 1),
(120, 2400002, 'KAP 413A', 'Peugeot', '504', '', 1, '1500', '', '', '', '2015-01-28', 62, 1),
(121, 2400002, 'KAP 413A', 'Peugeot', '504', '', 1, '1500', '', '', '', '2015-01-28', 62, 1),
(122, 2400003, 'KAY 209X', 'Isuzu', 'D-max', '', 2, '2500', '', '', '', '2015-01-28', 62, 1),
(123, 7, 'Kbv 863F', 'Isuzu', 'NQR', 'PC7100504', 3, '4334', '', '8322', '', '2015-01-29', 62, 1),
(124, 38, 'KAW 197 C', '', '', '', 1, '1300', '', '', '', '2015-01-30', 19, 1),
(125, 38, 'KAW 197 C', '', '', '', 1, '1300', '', '', '', '2015-02-02', 19, 1),
(126, 32, 'KBS 772A', 'Toyota', 'Runx', '', 1, '1600', '', '', '', '2015-02-02', 19, 1),
(127, 38, 'KBF 876', '', '', '', 0, '1400', '', '', '', '2015-02-05', 19, 1);

-- --------------------------------------------------------

--
-- Table structure for table `cancelled_all_rfqs`
--

CREATE TABLE IF NOT EXISTS `cancelled_all_rfqs` (
  `cancelled_all_rfqs_id` int(10) NOT NULL AUTO_INCREMENT,
  `rfq_no` varchar(100) NOT NULL,
  `rfq_code` int(10) NOT NULL,
  `reasons` varchar(100) NOT NULL,
  `status` int(1) NOT NULL,
  PRIMARY KEY (`cancelled_all_rfqs_id`)
) ENGINE=MyISAM  DEFAULT CHARSET=latin1 AUTO_INCREMENT=2 ;

--
-- Dumping data for table `cancelled_all_rfqs`
--

INSERT INTO `cancelled_all_rfqs` (`cancelled_all_rfqs_id`, `rfq_no`, `rfq_code`, `reasons`, `status`) VALUES
(1, 'RFQ0001/2014', 1, 'CANCELED', 0);

-- --------------------------------------------------------

--
-- Table structure for table `cancelled_cash_sales`
--

CREATE TABLE IF NOT EXISTS `cancelled_cash_sales` (
  `cancelled_cash_sales_id` int(10) NOT NULL AUTO_INCREMENT,
  `sales_code` int(10) NOT NULL,
  `reasons` varchar(100) NOT NULL,
  `status` int(1) NOT NULL,
  PRIMARY KEY (`cancelled_cash_sales_id`)
) ENGINE=MyISAM DEFAULT CHARSET=latin1 AUTO_INCREMENT=1 ;

--
-- Dumping data for table `cancelled_cash_sales`
--


-- --------------------------------------------------------

--
-- Table structure for table `cancelled_invoices`
--

CREATE TABLE IF NOT EXISTS `cancelled_invoices` (
  `cancelled_invoice_id` int(10) NOT NULL AUTO_INCREMENT,
  `invoice_id` varchar(100) NOT NULL,
  `canceling_user` int(10) NOT NULL,
  `reasons` varchar(100) NOT NULL,
  `date_cancelled` timestamp NOT NULL DEFAULT CURRENT_TIMESTAMP ON UPDATE CURRENT_TIMESTAMP,
  `status` int(1) NOT NULL,
  PRIMARY KEY (`cancelled_invoice_id`)
) ENGINE=MyISAM  DEFAULT CHARSET=latin1 AUTO_INCREMENT=34 ;

--
-- Dumping data for table `cancelled_invoices`
--

INSERT INTO `cancelled_invoices` (`cancelled_invoice_id`, `invoice_id`, `canceling_user`, `reasons`, `date_cancelled`, `status`) VALUES
(1, '41', 69, 'Double invoicing', '2015-01-20 01:27:42', 0),
(2, '13', 62, 'double invoicing', '2015-01-20 02:44:54', 0),
(3, '16', 62, 'double invoicing', '2015-01-20 02:46:45', 0),
(4, '14', 62, 'double invoicing', '2015-01-20 02:47:06', 0),
(5, '15', 62, 'double invoicing', '2015-01-20 02:51:17', 0),
(6, '39', 69, 'Double Invoicing', '2015-01-21 19:54:14', 0),
(7, '40', 69, 'Double Invoicing', '2015-01-21 19:54:41', 0),
(8, '78', 69, 'double Invoicing', '2015-01-21 19:55:09', 0),
(9, '8', 62, 'double invoicing', '2015-01-22 03:54:41', 0),
(10, '33', 62, 'double invoicing', '2015-01-22 03:58:06', 0),
(11, '27', 62, 'double invoicing', '2015-01-22 03:59:08', 0),
(12, '32', 62, 'double invoicing', '2015-01-22 04:04:13', 0),
(13, '31', 62, 'double invoicing', '2015-01-22 04:04:57', 0),
(14, '30', 62, 'double invoicing', '2015-01-22 04:06:05', 0),
(15, '28', 62, 'double invoicing', '2015-01-22 04:06:36', 0),
(16, '81', 62, 'double invoicing', '2015-01-22 04:07:03', 0),
(17, '47', 62, 'double invoicing', '2015-01-22 04:09:14', 0),
(18, '76', 62, 'double invoicing', '2015-01-22 04:12:25', 0),
(19, '67', 62, 'double invoicing', '2015-01-22 20:29:17', 0),
(20, '80', 62, 'double invoicing', '2015-01-22 20:30:48', 0),
(21, '98', 62, 'double invoicing', '2015-01-22 20:31:42', 0),
(22, '91', 62, 'double invoicing', '2015-01-22 20:32:40', 0),
(23, '103', 62, 'not complete', '2015-01-22 20:37:27', 0),
(24, '37', 62, 'double invoicing', '2015-01-22 20:42:13', 0),
(25, '62', 62, 'double counting', '2015-01-22 20:46:47', 0),
(26, '75', 62, 'double invoicing', '2015-01-22 20:48:03', 0),
(27, '74', 62, 'double invoicing', '2015-01-22 20:48:32', 0),
(28, '63', 69, 'Double invoicing', '2015-01-23 01:22:29', 0),
(29, '90', 69, 'Double invoicing', '2015-01-23 01:24:19', 0),
(30, '83', 69, 'Double Invoicing', '2015-01-23 01:55:52', 0),
(31, '85', 62, 'double invoicing', '2015-01-24 19:36:37', 0),
(32, '113', 62, 'double invoicing', '2015-01-29 21:03:29', 0),
(33, '116', 19, 'test canceling', '2015-01-30 23:15:36', 3);

-- --------------------------------------------------------

--
-- Table structure for table `cancelled_lpo`
--

CREATE TABLE IF NOT EXISTS `cancelled_lpo` (
  `cancelled_po_id` int(10) NOT NULL AUTO_INCREMENT,
  `lpo_no` varchar(100) NOT NULL,
  `order_code` int(10) NOT NULL,
  `reasons` varchar(100) NOT NULL,
  `status` int(1) NOT NULL,
  PRIMARY KEY (`cancelled_po_id`)
) ENGINE=MyISAM  DEFAULT CHARSET=latin1 AUTO_INCREMENT=6 ;

--
-- Dumping data for table `cancelled_lpo`
--

INSERT INTO `cancelled_lpo` (`cancelled_po_id`, `lpo_no`, `order_code`, `reasons`, `status`) VALUES
(5, 'BD0047/2015', 47, 'raised twice', 0);

-- --------------------------------------------------------

--
-- Table structure for table `cancelled_quotations`
--

CREATE TABLE IF NOT EXISTS `cancelled_quotations` (
  `cancelled_quotation_id` int(10) NOT NULL AUTO_INCREMENT,
  `quote_no` varchar(100) NOT NULL,
  `quote_code` int(10) NOT NULL,
  `reasons` varchar(100) NOT NULL,
  `status` int(1) NOT NULL,
  PRIMARY KEY (`cancelled_quotation_id`)
) ENGINE=MyISAM DEFAULT CHARSET=latin1 AUTO_INCREMENT=1 ;

--
-- Dumping data for table `cancelled_quotations`
--


-- --------------------------------------------------------

--
-- Table structure for table `cash_deposits`
--

CREATE TABLE IF NOT EXISTS `cash_deposits` (
  `cash_deposit_id` int(10) NOT NULL AUTO_INCREMENT,
  `user_id` int(10) NOT NULL,
  `deposit_slip_no` varchar(100) NOT NULL,
  `amount` varchar(100) NOT NULL,
  `curr_id` int(10) NOT NULL,
  `curr_rate` varchar(100) NOT NULL,
  `bank_deposited` int(11) NOT NULL,
  `person_dep` varchar(100) NOT NULL,
  `phone_no` varchar(100) NOT NULL,
  `date_deposited` date NOT NULL,
  `comments` longtext NOT NULL,
  `date_recorded` timestamp NOT NULL DEFAULT CURRENT_TIMESTAMP,
  `status` int(100) NOT NULL,
  PRIMARY KEY (`cash_deposit_id`)
) ENGINE=MyISAM  DEFAULT CHARSET=latin1 AUTO_INCREMENT=9 ;

--
-- Dumping data for table `cash_deposits`
--

INSERT INTO `cash_deposits` (`cash_deposit_id`, `user_id`, `deposit_slip_no`, `amount`, `curr_id`, `curr_rate`, `bank_deposited`, `person_dep`, `phone_no`, `date_deposited`, `comments`, `date_recorded`, `status`) VALUES
(1, 69, '40688', '7200', 6, '1', 6, 'CIT', '0722205496', '2014-12-04', 'CIT', '2015-01-23 02:54:12', 0),
(2, 69, '49977', '5190', 6, '1', 6, 'CIT', '0722205496', '2015-01-09', 'CIT', '2015-01-23 02:55:03', 0),
(3, 69, '48466', '5730', 6, '1', 6, 'CIT', '0722205496', '2015-01-12', 'CIT', '2015-01-23 02:55:57', 0),
(4, 69, '47315', '5280', 6, '1', 6, 'CIT', '0722205496', '2015-01-17', 'CIT', '2015-01-23 02:57:52', 0),
(5, 69, '49000', '1400', 6, '1', 6, 'CIT', '0722205496', '2015-01-19', 'CIT', '2015-01-23 03:00:05', 0),
(6, 69, '49245', '1150', 6, '1', 6, 'CIT', '0722205496', '2015-01-21', 'CIT', '2015-01-23 03:29:59', 0),
(7, 69, '13', '4885', 6, '1', 6, 'CIT', '0722205496', '2015-01-14', 'CIT', '2015-01-23 03:34:13', 0),
(8, 69, '30', '8005', 6, '1', 6, 'CIT', '0720245745', '2015-01-26', 'CIT deposit', '2015-01-30 03:24:04', 0);

-- --------------------------------------------------------

--
-- Table structure for table `cash_ledger`
--

CREATE TABLE IF NOT EXISTS `cash_ledger` (
  `transaction_id` int(10) NOT NULL AUTO_INCREMENT,
  `transactions` varchar(100) NOT NULL,
  `amount` varchar(100) NOT NULL,
  `debit` varchar(100) NOT NULL,
  `credit` varchar(100) NOT NULL,
  `currency_code` int(10) NOT NULL,
  `curr_rate` varchar(100) NOT NULL,
  `date_recorded` timestamp NOT NULL DEFAULT CURRENT_TIMESTAMP,
  `sales_code` varchar(100) NOT NULL,
  PRIMARY KEY (`transaction_id`)
) ENGINE=MyISAM  DEFAULT CHARSET=latin1 AUTO_INCREMENT=37 ;

--
-- Dumping data for table `cash_ledger`
--

INSERT INTO `cash_ledger` (`transaction_id`, `transactions`, `amount`, `debit`, `credit`, `currency_code`, `curr_rate`, `date_recorded`, `sales_code`) VALUES
(13, 'Advance Payments To :  Risper    Kemunto    Ondimu  ', '-7082', '', '7082', 6, '1', '2015-01-29 20:38:52', 'sadv3'),
(14, 'Advance Payments To :  Christin    Beth Wanjiru    Kimani  ', '-12569', '', '12569', 6, '1', '2015-01-29 20:41:35', 'sadv4'),
(3, 'Customer Payment Receipt No : (MGSR0001/2015) Received from  Joyce Nyanamba', '4885', '4885', '', 6, '1', '2015-01-15 02:55:26', 'crsp1'),
(12, 'Customer Payment Receipt No : (MGSR0017/2015) Received from  Joyce Nyanamba', '5980', '5980', '', 6, '1', '2015-01-24 03:08:32', 'crsp17'),
(11, 'Customer Payment Receipt No : (MGSR0006/2015) Received from  Miss', '200', '200', '', 6, '1', '2015-01-23 00:45:12', 'crsp6'),
(10, 'Customer Payment Receipt No : (MGSR0005/2015) Received from  Francis Kambo', '200', '200', '', 6, '1', '2015-01-22 21:29:48', 'crsp5'),
(8, 'Customer Payment Receipt No : (MGSR0003/2015) Received from  Joseph Kirigi', '400', '400', '', 6, '1', '2015-01-22 00:30:09', 'crsp3'),
(9, 'Customer Payment Receipt No : (MGSR0004/2015) Received from  Mr.', '200', '200', '', 6, '1', '2015-01-22 02:55:35', 'crsp4'),
(15, 'Advance Payments To :  Harriet    Wairimu      Gitau   ', '-6928', '', '6928', 6, '1', '2015-01-29 20:42:55', 'sadv5'),
(16, 'Advance Payments To :  Stella   Mueni   Kisilu ', '-4758', '', '4758', 6, '1', '2015-01-29 20:44:56', 'sadv6'),
(17, 'Advance Payments To :  Robert    Ainea    Mageka  ', '-500', '', '500', 6, '1', '2015-01-29 20:45:45', 'sadv7'),
(18, 'Advance Payments To :  Night        Musanga        Busumu      ', '-800', '', '800', 6, '1', '2015-01-29 20:46:16', 'sadv8'),
(34, 'Advance Payments To :  Joel  Mwaura  Kiongo', '-11000', '', '11000', 6, '1', '2015-01-29 21:39:53', 'sadv24'),
(20, 'Advance Payments To :  Cyrus     Chomba     Maina   ', '-900', '', '900', 6, '1', '2015-01-29 20:49:10', 'sadv10'),
(21, 'Advance Payments To :  Samuel    Munga    Kungu  ', '-900', '', '900', 6, '1', '2015-01-29 20:49:52', 'sadv11'),
(22, 'Advance Payments To :  Viram    Otieno    Odoyo  ', '-300', '', '300', 6, '1', '2015-01-29 20:51:13', 'sadv12'),
(23, 'Advance Payments To :  Edwin   Kipkorir   Koech ', '-970', '', '970', 6, '1', '2015-01-29 20:51:43', 'sadv13'),
(24, 'Advance Payments To :  Dickson    Omato    Omwenga  ', '-268', '', '268', 6, '1', '2015-01-29 20:52:26', 'sadv14'),
(25, 'Advance Payments To :  Josephat   Moseti   Otebo ', '-100', '', '100', 6, '1', '2015-01-29 20:53:11', 'sadv15'),
(26, 'Advance Payments To :  Esther  Wambui  Ndegwa ', '-150', '', '150', 6, '1', '2015-01-29 20:53:47', 'sadv16'),
(27, 'Advance Payments To :  Samuel      Kimweli ', '-272', '', '272', 6, '1', '2015-01-29 20:54:28', 'sadv17'),
(28, 'Advance Payments To :  Gabriel   Kinyanjui   Kihara ', '-7000', '', '7000', 6, '1', '2015-01-29 20:57:28', 'sadv18'),
(29, 'Advance Payments To :  Joseph   Mugo  Kinyua  ', '-6500', '', '6500', 6, '1', '2015-01-29 20:58:05', 'sadv19'),
(30, 'Advance Payments To :  Stanley   Njoroge   Ndungu ', '-29530', '', '29530', 6, '1', '2015-01-29 20:59:40', 'sadv20'),
(31, 'Advance Payments To :  Lazarus     Ngotho    Kisilu   ', '-2000', '', '2000', 6, '1', '2015-01-29 21:00:14', 'sadv21'),
(33, 'Advance Payments To :  Stephen  Wetindi  Anakeya', '-10267', '', '10267', 6, '1', '2015-01-29 21:36:28', 'sadv23'),
(35, 'Supplier Payments To :  EGEN RONGAI SERVICE STATION Receipt: BRSP0002/2015', '-204', '', '204', 6, '1', '2015-01-30 01:41:04', 'supm2'),
(36, 'Expenses Payment: MGEXP0003/2015', '-500', '', '500', 6, '1', '2015-01-30 01:58:48', 'exp3');

-- --------------------------------------------------------

--
-- Table structure for table `cash_sales`
--

CREATE TABLE IF NOT EXISTS `cash_sales` (
  `cash_sales_id` int(10) NOT NULL AUTO_INCREMENT,
  `temp_cash_sales_id` int(10) NOT NULL,
  `client_id` int(10) NOT NULL,
  `user_id` int(11) NOT NULL,
  `sales_rep` int(11) NOT NULL,
  `currency_code` varchar(11) NOT NULL,
  `curr_rate` varchar(100) NOT NULL,
  `purchase_order_id` int(10) NOT NULL,
  `product_id` int(10) NOT NULL,
  `product_code` varchar(100) NOT NULL,
  `sales_code` int(11) NOT NULL,
  `quantity` varchar(100) NOT NULL,
  `selling_price` varchar(100) NOT NULL,
  `vat_value` varchar(100) NOT NULL,
  `discount_perc` int(11) NOT NULL,
  `discount_value` varchar(100) NOT NULL,
  `date_generated` timestamp NOT NULL DEFAULT CURRENT_TIMESTAMP ON UPDATE CURRENT_TIMESTAMP,
  `status` int(1) NOT NULL,
  PRIMARY KEY (`cash_sales_id`),
  KEY `supplier_id` (`client_id`,`product_id`),
  KEY `shipping_agent_id` (`currency_code`)
) ENGINE=MyISAM DEFAULT CHARSET=latin1 AUTO_INCREMENT=1 ;

--
-- Dumping data for table `cash_sales`
--


-- --------------------------------------------------------

--
-- Table structure for table `cash_sales_payments`
--

CREATE TABLE IF NOT EXISTS `cash_sales_payments` (
  `cash_sales_payment_id` int(10) NOT NULL AUTO_INCREMENT,
  `receipt_no` varchar(100) NOT NULL,
  `ttl_amount` varchar(100) NOT NULL,
  `currency_code` varchar(100) NOT NULL,
  `curr_rate` varchar(100) NOT NULL,
  `cash_paid` int(11) NOT NULL,
  `client_id` int(10) NOT NULL,
  `sales_code` int(10) NOT NULL,
  `user_id` int(10) NOT NULL,
  `sales_rep` int(11) NOT NULL,
  `date_generated` timestamp NOT NULL DEFAULT CURRENT_TIMESTAMP ON UPDATE CURRENT_TIMESTAMP,
  `status` int(1) NOT NULL,
  PRIMARY KEY (`cash_sales_payment_id`)
) ENGINE=MyISAM DEFAULT CHARSET=latin1 AUTO_INCREMENT=1 ;

--
-- Dumping data for table `cash_sales_payments`
--


-- --------------------------------------------------------

--
-- Table structure for table `cash_withdrawal`
--

CREATE TABLE IF NOT EXISTS `cash_withdrawal` (
  `cash_withdrawal_id` int(10) NOT NULL AUTO_INCREMENT,
  `user_id` int(10) NOT NULL,
  `withdrawal_slip_no` varchar(100) NOT NULL,
  `amount` varchar(100) NOT NULL,
  `curr_id` int(10) NOT NULL,
  `curr_rate` varchar(100) NOT NULL,
  `bank_withdrawn` int(11) NOT NULL,
  `person_withdrawn` varchar(100) NOT NULL,
  `phone_no` varchar(100) NOT NULL,
  `date_withdrawn` date NOT NULL,
  `comments` longtext NOT NULL,
  `date_recorded` timestamp NOT NULL DEFAULT CURRENT_TIMESTAMP,
  `status` int(100) NOT NULL,
  PRIMARY KEY (`cash_withdrawal_id`)
) ENGINE=MyISAM DEFAULT CHARSET=latin1 AUTO_INCREMENT=1 ;

--
-- Dumping data for table `cash_withdrawal`
--


-- --------------------------------------------------------

--
-- Table structure for table `cheque_deposits`
--

CREATE TABLE IF NOT EXISTS `cheque_deposits` (
  `cheque_deposit_id` int(10) NOT NULL AUTO_INCREMENT,
  `user_id` int(10) NOT NULL,
  `cheque_no` varchar(100) NOT NULL,
  `amount` varchar(100) NOT NULL,
  `curr_id` int(10) NOT NULL,
  `curr_rate` varchar(100) NOT NULL,
  `bank_deposited` int(11) NOT NULL,
  `cheque_drawer` varchar(100) NOT NULL,
  `date_drawn` date NOT NULL,
  `date_deposited` date NOT NULL,
  `comments` longtext NOT NULL,
  `date_recorded` timestamp NOT NULL DEFAULT CURRENT_TIMESTAMP,
  `status` int(100) NOT NULL,
  PRIMARY KEY (`cheque_deposit_id`)
) ENGINE=MyISAM DEFAULT CHARSET=latin1 AUTO_INCREMENT=1 ;

--
-- Dumping data for table `cheque_deposits`
--


-- --------------------------------------------------------

--
-- Table structure for table `cheque_withdrawals`
--

CREATE TABLE IF NOT EXISTS `cheque_withdrawals` (
  `cheque_withdrawal_id` int(10) NOT NULL AUTO_INCREMENT,
  `user_id` int(10) NOT NULL,
  `cheque_no` varchar(100) NOT NULL,
  `amount` varchar(100) NOT NULL,
  `curr_id` int(10) NOT NULL,
  `curr_rate` varchar(100) NOT NULL,
  `bank_withdrawn` int(11) NOT NULL,
  `date_drawn` date NOT NULL,
  `date_withdrawn` date NOT NULL,
  `comments` longtext NOT NULL,
  `date_recorded` timestamp NOT NULL DEFAULT CURRENT_TIMESTAMP,
  `status` int(100) NOT NULL,
  PRIMARY KEY (`cheque_withdrawal_id`)
) ENGINE=MyISAM DEFAULT CHARSET=latin1 AUTO_INCREMENT=1 ;

--
-- Dumping data for table `cheque_withdrawals`
--


-- --------------------------------------------------------

--
-- Table structure for table `clients`
--

CREATE TABLE IF NOT EXISTS `clients` (
  `client_id` int(10) NOT NULL AUTO_INCREMENT,
  `c_name` varchar(100) NOT NULL,
  `c_address` varchar(100) NOT NULL,
  `c_town` varchar(100) NOT NULL,
  `c_street` varchar(100) NOT NULL,
  `c_paddress` varchar(100) NOT NULL,
  `c_phone` varchar(100) NOT NULL,
  `c_telephone` varchar(100) NOT NULL,
  `contact_person` varchar(100) NOT NULL,
  `c_email` varchar(100) NOT NULL,
  `monthly_statement` int(11) NOT NULL,
  `statement_date` date NOT NULL,
  `c_date_created` timestamp NOT NULL DEFAULT CURRENT_TIMESTAMP ON UPDATE CURRENT_TIMESTAMP,
  PRIMARY KEY (`client_id`)
) ENGINE=MyISAM  DEFAULT CHARSET=latin1 AUTO_INCREMENT=50 ;

--
-- Dumping data for table `clients`
--

INSERT INTO `clients` (`client_id`, `c_name`, `c_address`, `c_town`, `c_street`, `c_paddress`, `c_phone`, `c_telephone`, `contact_person`, `c_email`, `monthly_statement`, `statement_date`, `c_date_created`) VALUES
(1, 'Juma Kimotho', '12314', 'Nairobi', '', '12314', '0711328141', '', '', 'jkimotho25@gmail.com', 0, '0000-00-00', '2014-12-19 02:01:12'),
(2, 'Engen petrol station', '', '', '', '', '', '', '', '', 0, '0000-00-00', '2014-12-19 23:16:15'),
(3, 'Team Fergie Transporters ', '100584-00101 ', 'Nairobi', '', '100584-00101 ', '', '', 'Wilfred Tirimba', '', 0, '0000-00-00', '2015-01-21 20:01:21'),
(4, 'willis Asiko', '1214', 'Nairobi', '', '1214', '527123', '', '', '123@gmail.com', 0, '0000-00-00', '2014-12-20 00:46:05'),
(5, 'martha Njenga', '2145', '', '', '2145', '', '', '', 'fifi@gmail.com', 0, '0000-00-00', '2014-12-20 22:16:34'),
(6, 'Njuguna ', '12406-00400', 'Nairobi', '', '12406-00400', '0722527317', '', 'Geoffrey Ndonye', '', 0, '0000-00-00', '2015-01-23 01:47:07'),
(7, 'Team Fergie Transporters ', '100584-00101 ', 'Nairobi', '', '100584-00101 ', '202211334', '', 'Fred Tirimba', '', 0, '0000-00-00', '2015-01-21 19:59:20'),
(8, 'Joel Njuguna', '', 'Rongai', '', '', '0723889208', '', '', '', 0, '0000-00-00', '2014-12-30 03:44:25'),
(9, 'Mr.', '', '', '', '', '', '', '', '', 0, '0000-00-00', '2014-12-31 00:44:13'),
(10, 'Nelson', '', '', '', '', '', '', '', '', 0, '0000-00-00', '2014-12-31 20:14:33'),
(11, 'Mr. Julius', '', 'Nairobi', '', '', '0727853854', '', '', '', 0, '0000-00-00', '2015-01-02 20:58:36'),
(12, ' Mr. Beutah Maroko', '', 'Rongai', '', '', '0722167369', '', '', 'beutah@gmail.com', 0, '0000-00-00', '2015-01-05 19:32:02'),
(13, 'Jackson Muraya', '', '', '', '', '0772307782/0722307782', '', '', '', 0, '0000-00-00', '2015-01-06 21:22:07'),
(14, 'Omwanza Ombati', '40450200', '', '', '40450200', '0727727249', '', '', 'omwanza .ombati.gmail.com', 0, '0000-00-00', '2015-01-10 22:38:48'),
(15, 'Patch Osodo', '', '', '', '', '0706722152/0722289898', '', '', '', 0, '0000-00-00', '2015-01-14 20:34:28'),
(16, 'Joyce Nyanamba', '4251-00100', 'Nairobi', '', '4251-00100', '0722720118', '', '', 'jsaringih@gmail.com', 0, '0000-00-00', '2015-01-14 23:24:59'),
(17, 'Wamahiu', '18711-00100', 'Nairobi', '', '18711-00100', '0720923782', '', '', '', 0, '0000-00-00', '2015-01-15 22:40:16'),
(18, 'Alice Waweru', '17298-00100', 'Nairobi', '', '17298-00100', '0722826415', '', '', 'alinyawa', 0, '0000-00-00', '2015-01-16 20:56:05'),
(19, 'Dennis Mate', '', '', '', '', '', '', '', '', 0, '0000-00-00', '2015-01-17 01:02:53'),
(20, 'Murimi', '885', 'Embu', '', '885', '0727871339', '', 'Njeru', '', 0, '0000-00-00', '2015-01-23 02:20:25'),
(21, 'Mr./Mrs', '', '', '', '', '', '', '', '', 0, '0000-00-00', '2015-01-17 20:57:52'),
(22, 'Bonface Kuria', '', '', '', '', '0721911878', '', '', '', 0, '0000-00-00', '2015-01-19 20:57:41'),
(23, 'Team fergie Transporters', '100584', 'Nairobi', '', '100584', '202211334', '', 'Fred Tirimba', '', 0, '0000-00-00', '2015-01-19 23:25:00'),
(24, 'Moses Okumu', '', '', '', '', '0711889035/0722123321', '', 'Benson Ole Karia', '', 0, '0000-00-00', '2015-01-20 03:55:33'),
(25, 'Joseph Kirigi', '', 'Kiserian', '', '', '0722370761', '', '', '', 0, '0000-00-00', '2015-01-21 23:57:35'),
(26, 'Silas Ringera', '15664', '', '', '15664', '0722980721', '', '', '', 0, '0000-00-00', '2015-01-22 02:22:02'),
(27, 'Francis Kambo', '407-00206', 'Kiserian', '', '407-00206', '0725915581', '', '', '', 0, '0000-00-00', '2015-01-22 21:00:09'),
(28, 'Miss', '', '', '', '', '', '', '', '', 0, '0000-00-00', '2015-01-23 00:26:50'),
(29, 'Mr./Mrs Others', '', '', '', '', '', '', '', '', 0, '0000-00-00', '2015-01-23 02:23:15'),
(30, 'MR.Benz', '', '', '', '', '', '', '', '', 0, '0000-00-00', '2015-01-23 02:45:47'),
(31, 'Joseph Tororei', '', '', '', '', '0706744911', '', '', '', 0, '0000-00-00', '2015-01-23 19:34:16'),
(32, 'Cunningham Mwathi', '', '', '', '', '0716558510', '', '', '', 0, '0000-00-00', '2015-01-23 21:06:29'),
(33, 'Snowball Sacco', '', '', '', '', '', '', '', '', 0, '0000-00-00', '2015-01-24 02:16:41'),
(34, 'Mrs.Priscilla Naitera', '', '', '', '', '', '', '', '', 0, '0000-00-00', '2015-01-24 23:43:16'),
(35, 'Mr Others', '', '', '', '', '', '', '', '', 0, '0000-00-00', '2015-01-24 23:50:47'),
(36, 'Maxwell Karasha', '', '', '', '', '', '', '', '', 0, '0000-00-00', '2015-01-25 00:18:49'),
(37, 'Mr.Mukundi', '', '', '', '', '', '', '', '', 0, '0000-00-00', '2015-01-25 02:36:39'),
(38, 'Anna Waithera', '', '', '', '', '', '', '', '', 0, '0000-00-00', '2015-01-26 21:03:08'),
(39, 'Victor', '', '', '', '', '', '', '', '', 0, '0000-00-00', '2015-01-26 21:05:25'),
(40, 'Ng''ang''a', '', '', '', '', '', '', '', '', 0, '0000-00-00', '2015-01-26 21:07:35'),
(41, 'others', '', '', '', '', '', '', '', '', 0, '0000-00-00', '2015-01-26 21:57:13'),
(42, 'various', '', '', '', '', '', '', '', '', 0, '0000-00-00', '2015-01-26 22:10:35'),
(43, 'Ragar', '', '', '', '', '', '', '', '', 0, '0000-00-00', '2015-01-26 22:15:53'),
(44, 'Mr.Georege', '', '', '', '', '', '', '', '', 0, '0000-00-00', '2015-01-27 00:09:55'),
(45, 'Philip Baptiste', '', '', '', '', '3034372981', '', '', 'socool@philip@gmail.com', 0, '0000-00-00', '2015-01-27 03:52:25'),
(46, 'Josephine Mukundi', '55036-22200', 'Nairobi', '', '55036-22200', '', '', '', '', 0, '0000-00-00', '2015-01-28 23:56:39'),
(47, 'NISSAN', '', '', '', '', '', '', '', '', 0, '0000-00-00', '2015-01-29 01:39:49'),
(48, 'Erick', '', '', '', '', '0715744552', '', '', '', 0, '0000-00-00', '2015-01-29 03:27:41'),
(49, 'Mustapha Musa', '', '', '', '', '0724454981', '', '', '', 0, '0000-00-00', '2015-01-29 03:51:11');

-- --------------------------------------------------------

--
-- Table structure for table `client_opening_bal_payment`
--

CREATE TABLE IF NOT EXISTS `client_opening_bal_payment` (
  `client_payment_id` int(10) NOT NULL AUTO_INCREMENT,
  `client_id` int(10) NOT NULL,
  `amount_received` varchar(100) NOT NULL,
  `date_received` timestamp NOT NULL DEFAULT CURRENT_TIMESTAMP ON UPDATE CURRENT_TIMESTAMP,
  `status` int(1) NOT NULL,
  PRIMARY KEY (`client_payment_id`)
) ENGINE=MyISAM DEFAULT CHARSET=latin1 AUTO_INCREMENT=1 ;

--
-- Dumping data for table `client_opening_bal_payment`
--


-- --------------------------------------------------------

--
-- Table structure for table `client_transactions`
--

CREATE TABLE IF NOT EXISTS `client_transactions` (
  `transaction_id` int(10) NOT NULL AUTO_INCREMENT,
  `client_id` int(10) NOT NULL,
  `sales_code` varchar(100) NOT NULL,
  `transaction` varchar(100) NOT NULL,
  `amount` varchar(100) NOT NULL,
  `date_recorded` timestamp NOT NULL DEFAULT CURRENT_TIMESTAMP,
  PRIMARY KEY (`transaction_id`)
) ENGINE=MyISAM  DEFAULT CHARSET=latin1 AUTO_INCREMENT=33 ;

--
-- Dumping data for table `client_transactions`
--

INSERT INTO `client_transactions` (`transaction_id`, `client_id`, `sales_code`, `transaction`, `amount`, `date_recorded`) VALUES
(1, 12, 'cns41', 'Cancelation Of sales Invoice 41 Reason (Double invoicing)', '-6300', '2015-01-20 01:27:43'),
(2, 6, 'cns13', 'Cancelation Of sales Invoice 13 Reason (double invoicing)', '-3841.92', '2015-01-20 02:44:54'),
(3, 6, 'cns16', 'Cancelation Of sales Invoice 16 Reason (double invoicing)', '-1920.96', '2015-01-20 02:46:45'),
(4, 6, 'cns14', 'Cancelation Of sales Invoice 14 Reason (double invoicing)', '-1901.7504', '2015-01-20 02:47:06'),
(5, 6, 'cns15', 'Cancelation Of sales Invoice 15 Reason (double invoicing)', '-1901.7504', '2015-01-20 02:51:17'),
(6, 12, 'cns39', 'Cancelation Of sales Invoice 39 Reason (Double Invoicing)', '-3275', '2015-01-21 19:54:14'),
(7, 12, 'cns40', 'Cancelation Of sales Invoice 40 Reason (Double Invoicing)', '-3080', '2015-01-21 19:54:41'),
(8, 16, 'cns78', 'Cancelation Of sales Invoice 78 Reason (double Invoicing)', '-575', '2015-01-21 19:55:09'),
(9, 3, 'cns8', 'Cancelation Of sales Invoice 8 Reason (double invoicing)', '-3450', '2015-01-22 03:54:41'),
(10, 3, 'cns33', 'Cancelation Of sales Invoice 33 Reason (double invoicing)', '-1495', '2015-01-22 03:58:06'),
(11, 3, 'cns27', 'Cancelation Of sales Invoice 27 Reason (double invoicing)', '-805', '2015-01-22 03:59:08'),
(12, 3, 'cns32', 'Cancelation Of sales Invoice 32 Reason (double invoicing)', '-230', '2015-01-22 04:04:13'),
(13, 3, 'cns31', 'Cancelation Of sales Invoice 31 Reason (double invoicing)', '-57.5', '2015-01-22 04:04:57'),
(14, 3, 'cns30', 'Cancelation Of sales Invoice 30 Reason (double invoicing)', '-1725', '2015-01-22 04:06:05'),
(15, 3, 'cns28', 'Cancelation Of sales Invoice 28 Reason (double invoicing)', '-1104', '2015-01-22 04:06:36'),
(16, 3, 'cns81', 'Cancelation Of sales Invoice 81 Reason (double invoicing)', '-2300', '2015-01-22 04:07:03'),
(17, 3, 'cns47', 'Cancelation Of sales Invoice 47 Reason (double invoicing)', '-3450', '2015-01-22 04:09:14'),
(18, 7, 'cns76', 'Cancelation Of sales Invoice 76 Reason (double invoicing)', '-12860', '2015-01-22 04:12:25'),
(19, 3, 'cns67', 'Cancelation Of sales Invoice 67 Reason (double invoicing)', '-7110', '2015-01-22 20:29:17'),
(20, 7, 'cns80', 'Cancelation Of sales Invoice 80 Reason (double invoicing)', '-1395', '2015-01-22 20:30:48'),
(21, 7, 'cns98', 'Cancelation Of sales Invoice 98 Reason (double invoicing)', '-1443', '2015-01-22 20:31:42'),
(22, 19, 'cns91', 'Cancelation Of sales Invoice 91 Reason (double invoicing)', '-1608', '2015-01-22 20:32:40'),
(23, 7, 'cns103', 'Cancelation Of sales Invoice 103 Reason (not complete)', '-280.6', '2015-01-22 20:37:27'),
(24, 3, 'cns37', 'Cancelation Of sales Invoice 37 Reason (double invoicing)', '-8625', '2015-01-22 20:42:13'),
(25, 7, 'cns62', 'Cancelation Of sales Invoice 62 Reason (double counting)', '-4025', '2015-01-22 20:46:47'),
(26, 7, 'cns75', 'Cancelation Of sales Invoice 75 Reason (double invoicing)', '-12860', '2015-01-22 20:48:03'),
(27, 7, 'cns74', 'Cancelation Of sales Invoice 74 Reason (double invoicing)', '-12860', '2015-01-22 20:48:32'),
(28, 7, 'cns63', 'Cancelation Of sales Invoice 63 Reason (Double invoicing)', '-10120', '2015-01-23 01:22:29'),
(29, 7, 'cns90', 'Cancelation Of sales Invoice 90 Reason (Double invoicing)', '-9390', '2015-01-23 01:24:19'),
(30, 2, 'cns83', 'Cancelation Of sales Invoice 83 Reason (Double Invoicing)', '-1958', '2015-01-23 01:55:52'),
(31, 17, 'cns85', 'Cancelation Of sales Invoice 85 Reason (double invoicing)', '-575', '2015-01-24 19:36:37'),
(32, 6, 'cns113', 'Cancelation Of sales Invoice 113 Reason (double invoicing)', '-2135', '2015-01-29 21:03:29');

-- --------------------------------------------------------

--
-- Table structure for table `client_transactionsold`
--

CREATE TABLE IF NOT EXISTS `client_transactionsold` (
  `transaction_id` int(10) NOT NULL AUTO_INCREMENT,
  `client_id` int(10) NOT NULL,
  `sales_code` int(10) NOT NULL,
  `transaction` varchar(100) NOT NULL,
  `amount` varchar(100) NOT NULL,
  `date_recorded` timestamp NOT NULL DEFAULT CURRENT_TIMESTAMP ON UPDATE CURRENT_TIMESTAMP,
  PRIMARY KEY (`transaction_id`)
) ENGINE=MyISAM DEFAULT CHARSET=latin1 AUTO_INCREMENT=1 ;

--
-- Dumping data for table `client_transactionsold`
--


-- --------------------------------------------------------

--
-- Table structure for table `client_transactionsold2`
--

CREATE TABLE IF NOT EXISTS `client_transactionsold2` (
  `transaction_id` int(10) NOT NULL AUTO_INCREMENT,
  `client_id` int(10) NOT NULL,
  `sales_code` varchar(100) NOT NULL,
  `transaction` varchar(100) NOT NULL,
  `amount` varchar(100) NOT NULL,
  `date_recorded` timestamp NOT NULL DEFAULT CURRENT_TIMESTAMP,
  PRIMARY KEY (`transaction_id`)
) ENGINE=MyISAM  DEFAULT CHARSET=latin1 AUTO_INCREMENT=32 ;

--
-- Dumping data for table `client_transactionsold2`
--

INSERT INTO `client_transactionsold2` (`transaction_id`, `client_id`, `sales_code`, `transaction`, `amount`, `date_recorded`) VALUES
(1, 12, 'cns41', 'Cancelation Of sales Invoice 41 Reason (Double invoicing)', '-6300', '2015-01-20 01:27:43'),
(2, 6, 'cns13', 'Cancelation Of sales Invoice 13 Reason (double invoicing)', '-3841.92', '2015-01-20 02:44:54'),
(3, 6, 'cns16', 'Cancelation Of sales Invoice 16 Reason (double invoicing)', '-1920.96', '2015-01-20 02:46:45'),
(4, 6, 'cns14', 'Cancelation Of sales Invoice 14 Reason (double invoicing)', '-1901.7504', '2015-01-20 02:47:06'),
(5, 6, 'cns15', 'Cancelation Of sales Invoice 15 Reason (double invoicing)', '-1901.7504', '2015-01-20 02:51:17'),
(6, 12, 'cns39', 'Cancelation Of sales Invoice 39 Reason (Double Invoicing)', '-3275', '2015-01-21 19:54:14'),
(7, 12, 'cns40', 'Cancelation Of sales Invoice 40 Reason (Double Invoicing)', '-3080', '2015-01-21 19:54:41'),
(8, 16, 'cns78', 'Cancelation Of sales Invoice 78 Reason (double Invoicing)', '-575', '2015-01-21 19:55:09'),
(9, 3, 'cns8', 'Cancelation Of sales Invoice 8 Reason (double invoicing)', '-3450', '2015-01-22 03:54:41'),
(10, 3, 'cns33', 'Cancelation Of sales Invoice 33 Reason (double invoicing)', '-1495', '2015-01-22 03:58:06'),
(11, 3, 'cns27', 'Cancelation Of sales Invoice 27 Reason (double invoicing)', '-805', '2015-01-22 03:59:08'),
(12, 3, 'cns32', 'Cancelation Of sales Invoice 32 Reason (double invoicing)', '-230', '2015-01-22 04:04:13'),
(13, 3, 'cns31', 'Cancelation Of sales Invoice 31 Reason (double invoicing)', '-57.5', '2015-01-22 04:04:57'),
(14, 3, 'cns30', 'Cancelation Of sales Invoice 30 Reason (double invoicing)', '-1725', '2015-01-22 04:06:05'),
(15, 3, 'cns28', 'Cancelation Of sales Invoice 28 Reason (double invoicing)', '-1104', '2015-01-22 04:06:36'),
(16, 3, 'cns81', 'Cancelation Of sales Invoice 81 Reason (double invoicing)', '-2300', '2015-01-22 04:07:03'),
(17, 3, 'cns47', 'Cancelation Of sales Invoice 47 Reason (double invoicing)', '-3450', '2015-01-22 04:09:14'),
(18, 7, 'cns76', 'Cancelation Of sales Invoice 76 Reason (double invoicing)', '-12860', '2015-01-22 04:12:25'),
(19, 3, 'cns67', 'Cancelation Of sales Invoice 67 Reason (double invoicing)', '-7110', '2015-01-22 20:29:17'),
(20, 7, 'cns80', 'Cancelation Of sales Invoice 80 Reason (double invoicing)', '-1395', '2015-01-22 20:30:48'),
(21, 7, 'cns98', 'Cancelation Of sales Invoice 98 Reason (double invoicing)', '-1443', '2015-01-22 20:31:42'),
(22, 19, 'cns91', 'Cancelation Of sales Invoice 91 Reason (double invoicing)', '-1608', '2015-01-22 20:32:40'),
(23, 7, 'cns103', 'Cancelation Of sales Invoice 103 Reason (not complete)', '-280.6', '2015-01-22 20:37:27'),
(24, 3, 'cns37', 'Cancelation Of sales Invoice 37 Reason (double invoicing)', '-8625', '2015-01-22 20:42:13'),
(25, 7, 'cns62', 'Cancelation Of sales Invoice 62 Reason (double counting)', '-4025', '2015-01-22 20:46:47'),
(26, 7, 'cns75', 'Cancelation Of sales Invoice 75 Reason (double invoicing)', '-12860', '2015-01-22 20:48:03'),
(27, 7, 'cns74', 'Cancelation Of sales Invoice 74 Reason (double invoicing)', '-12860', '2015-01-22 20:48:32'),
(28, 7, 'cns63', 'Cancelation Of sales Invoice 63 Reason (Double invoicing)', '-10120', '2015-01-23 01:22:29'),
(29, 7, 'cns90', 'Cancelation Of sales Invoice 90 Reason (Double invoicing)', '-9390', '2015-01-23 01:24:19'),
(30, 2, 'cns83', 'Cancelation Of sales Invoice 83 Reason (Double Invoicing)', '-1958', '2015-01-23 01:55:52'),
(31, 17, 'cns85', 'Cancelation Of sales Invoice 85 Reason (double invoicing)', '-575', '2015-01-24 19:36:37');

-- --------------------------------------------------------

--
-- Table structure for table `commisions`
--

CREATE TABLE IF NOT EXISTS `commisions` (
  `commision_id` int(10) NOT NULL AUTO_INCREMENT,
  `user_id` int(10) NOT NULL,
  `comm_perc` varchar(100) NOT NULL,
  `status` int(1) NOT NULL,
  PRIMARY KEY (`commision_id`)
) ENGINE=MyISAM DEFAULT CHARSET=latin1 AUTO_INCREMENT=1 ;

--
-- Dumping data for table `commisions`
--


-- --------------------------------------------------------

--
-- Table structure for table `commisions_expected`
--

CREATE TABLE IF NOT EXISTS `commisions_expected` (
  `commision_expected_id` int(10) NOT NULL AUTO_INCREMENT,
  `invoice_no` varchar(100) NOT NULL,
  `tll_commision` varchar(100) NOT NULL,
  `currency_code` varchar(100) NOT NULL,
  `curr_rate` varchar(100) NOT NULL,
  `sales_code` int(10) NOT NULL,
  `user_id` int(10) NOT NULL,
  `date_generated` timestamp NOT NULL DEFAULT CURRENT_TIMESTAMP,
  `status` int(1) NOT NULL,
  PRIMARY KEY (`commision_expected_id`)
) ENGINE=MyISAM DEFAULT CHARSET=latin1 AUTO_INCREMENT=1 ;

--
-- Dumping data for table `commisions_expected`
--


-- --------------------------------------------------------

--
-- Table structure for table `commision_paid`
--

CREATE TABLE IF NOT EXISTS `commision_paid` (
  `commision_paid_id` int(10) NOT NULL AUTO_INCREMENT,
  `sales_rep` int(10) NOT NULL,
  `amount_paid` varchar(100) NOT NULL,
  `currency_code` varchar(100) NOT NULL,
  `curr_rate` varchar(100) NOT NULL,
  `date_paid` timestamp NOT NULL DEFAULT CURRENT_TIMESTAMP,
  `status` int(1) NOT NULL,
  PRIMARY KEY (`commision_paid_id`)
) ENGINE=MyISAM DEFAULT CHARSET=latin1 AUTO_INCREMENT=1 ;

--
-- Dumping data for table `commision_paid`
--


-- --------------------------------------------------------

--
-- Table structure for table `commision_payments`
--

CREATE TABLE IF NOT EXISTS `commision_payments` (
  `commision_payment_id` int(10) NOT NULL AUTO_INCREMENT,
  `sales_code` int(10) NOT NULL,
  `invoice_payment_id` int(11) NOT NULL,
  `sales_rep` int(10) NOT NULL,
  `amount_paid` varchar(100) NOT NULL,
  `currency_code` varchar(100) NOT NULL,
  `curr_rate` varchar(100) NOT NULL,
  `date_paid` timestamp NOT NULL DEFAULT CURRENT_TIMESTAMP,
  `month_paid` varchar(100) NOT NULL,
  `status` int(1) NOT NULL,
  `paid_status` int(1) NOT NULL,
  PRIMARY KEY (`commision_payment_id`)
) ENGINE=MyISAM DEFAULT CHARSET=latin1 AUTO_INCREMENT=1 ;

--
-- Dumping data for table `commision_payments`
--


-- --------------------------------------------------------

--
-- Table structure for table `comm_payment_receipt`
--

CREATE TABLE IF NOT EXISTS `comm_payment_receipt` (
  `comm_payment_receipt_id` int(10) NOT NULL AUTO_INCREMENT,
  `receipt_no` varchar(100) NOT NULL,
  `amnt_rec` varchar(100) NOT NULL,
  `currency_code` varchar(100) NOT NULL,
  `curr_rate` varchar(100) NOT NULL,
  `mop` varchar(100) NOT NULL,
  `sales_rep` int(10) NOT NULL,
  `user_id` int(10) NOT NULL,
  `date_generated` timestamp NOT NULL DEFAULT CURRENT_TIMESTAMP ON UPDATE CURRENT_TIMESTAMP,
  `status` int(1) NOT NULL,
  PRIMARY KEY (`comm_payment_receipt_id`)
) ENGINE=MyISAM DEFAULT CHARSET=latin1 AUTO_INCREMENT=1 ;

--
-- Dumping data for table `comm_payment_receipt`
--


-- --------------------------------------------------------

--
-- Table structure for table `company_contacts`
--

CREATE TABLE IF NOT EXISTS `company_contacts` (
  `contacts_id` int(10) unsigned NOT NULL AUTO_INCREMENT,
  `cont_person` varchar(100) COLLATE latin1_general_ci NOT NULL,
  `phone` varchar(100) COLLATE latin1_general_ci NOT NULL,
  `telephone` varchar(100) COLLATE latin1_general_ci NOT NULL,
  `email` varchar(100) COLLATE latin1_general_ci NOT NULL,
  `fax` varchar(100) COLLATE latin1_general_ci NOT NULL,
  `street` varchar(100) COLLATE latin1_general_ci NOT NULL,
  `building` varchar(100) COLLATE latin1_general_ci NOT NULL,
  `address` varchar(100) COLLATE latin1_general_ci NOT NULL,
  `town` varchar(100) COLLATE latin1_general_ci NOT NULL,
  PRIMARY KEY (`contacts_id`)
) ENGINE=MyISAM  DEFAULT CHARSET=latin1 COLLATE=latin1_general_ci AUTO_INCREMENT=2 ;

--
-- Dumping data for table `company_contacts`
--

INSERT INTO `company_contacts` (`contacts_id`, `cont_person`, `phone`, `telephone`, `email`, `fax`, `street`, `building`, `address`, `town`) VALUES
(1, 'My Mechanic Auto Garage', '+254 702 358 399 (Mobile)', '+254(05)38004579 (Office)', 'info@mymechanic.co.ke', 'www.mymechanic.co.ke', 'Ongata Rongai  Road', 'The Bench Place', '100584-0101', 'Nairobi, Kenya');

-- --------------------------------------------------------

--
-- Table structure for table `com_payables_ledger`
--

CREATE TABLE IF NOT EXISTS `com_payables_ledger` (
  `transaction_id` int(10) NOT NULL AUTO_INCREMENT,
  `transactions` varchar(100) NOT NULL,
  `amount` varchar(100) NOT NULL,
  `debit` varchar(100) NOT NULL,
  `credit` varchar(100) NOT NULL,
  `currency_code` int(10) NOT NULL,
  `curr_rate` varchar(100) NOT NULL,
  `date_recorded` timestamp NOT NULL DEFAULT CURRENT_TIMESTAMP,
  `order_code` varchar(100) NOT NULL,
  PRIMARY KEY (`transaction_id`)
) ENGINE=MyISAM DEFAULT CHARSET=latin1 AUTO_INCREMENT=1 ;

--
-- Dumping data for table `com_payables_ledger`
--


-- --------------------------------------------------------

--
-- Table structure for table `confirmed_invoice`
--

CREATE TABLE IF NOT EXISTS `confirmed_invoice` (
  `confirmed_invoice_id` int(11) NOT NULL AUTO_INCREMENT,
  `invoice_id` int(11) NOT NULL,
  `booking_id` int(11) NOT NULL,
  `job_card_id` int(11) NOT NULL,
  `customer_id` int(11) NOT NULL,
  `confirm_user_id` int(100) NOT NULL,
  `date_confirmed` timestamp NOT NULL DEFAULT CURRENT_TIMESTAMP,
  `closed_status` int(11) NOT NULL,
  PRIMARY KEY (`confirmed_invoice_id`)
) ENGINE=InnoDB  DEFAULT CHARSET=latin1 AUTO_INCREMENT=82 ;

--
-- Dumping data for table `confirmed_invoice`
--

INSERT INTO `confirmed_invoice` (`confirmed_invoice_id`, `invoice_id`, `booking_id`, `job_card_id`, `customer_id`, `confirm_user_id`, `date_confirmed`, `closed_status`) VALUES
(1, 53, 21, 18, 3, 69, '2015-01-14 03:26:40', 0),
(2, 36, 9, 7, 7, 69, '2015-01-14 03:59:25', 0),
(3, 48, 17, 14, 3, 69, '2015-01-14 04:00:50', 0),
(4, 26, 22, 19, 8, 69, '2015-01-14 04:04:09', 0),
(5, 35, 8, 6, 7, 69, '2015-01-14 04:05:21', 0),
(6, 59, 38, 28, 3, 69, '2015-01-14 04:06:43', 0),
(7, 57, 33, 25, 3, 69, '2015-01-14 04:17:23', 0),
(8, 77, 55, 43, 15, 69, '2015-01-14 22:59:19', 0),
(9, 55, 30, 22, 3, 69, '2015-01-15 02:21:14', 0),
(10, 56, 31, 23, 3, 69, '2015-01-15 02:22:48', 0),
(11, 46, 11, 9, 7, 69, '2015-01-15 02:23:57', 0),
(12, 43, 10, 8, 3, 69, '2015-01-15 02:24:32', 0),
(13, 45, 29, 21, 3, 69, '2015-01-15 02:25:32', 0),
(14, 50, 18, 15, 7, 69, '2015-01-15 02:26:00', 0),
(15, 52, 20, 17, 3, 69, '2015-01-15 02:26:49', 0),
(16, 79, 58, 46, 16, 19, '2015-01-15 02:26:54', 0),
(17, 44, 12, 10, 3, 69, '2015-01-15 02:28:29', 0),
(18, 51, 19, 16, 3, 69, '2015-01-15 02:29:34', 0),
(19, 94, 75, 61, 22, 69, '2015-01-19 21:37:36', 0),
(20, 88, 70, 56, 18, 69, '2015-01-19 21:38:12', 0),
(21, 87, 71, 57, 21, 69, '2015-01-19 21:39:10', 0),
(22, 66, 47, 35, 14, 69, '2015-01-19 21:42:04', 0),
(23, 42, 37, 27, 12, 69, '2015-01-19 21:43:12', 0),
(24, 104, 81, 65, 25, 70, '2015-01-22 00:18:36', 0),
(25, 71, 50, 38, 7, 69, '2015-01-22 02:20:01', 0),
(26, 72, 49, 37, 7, 69, '2015-01-22 02:21:15', 0),
(27, 73, 48, 36, 7, 69, '2015-01-22 02:22:22', 0),
(28, 68, 52, 40, 3, 69, '2015-01-22 02:23:22', 0),
(29, 60, 42, 30, 7, 69, '2015-01-22 02:24:13', 0),
(30, 105, 82, 66, 26, 19, '2015-01-22 02:51:28', 0),
(31, 65, 43, 31, 7, 69, '2015-01-22 03:10:26', 0),
(32, 49, 18, 15, 7, 69, '2015-01-22 03:11:00', 0),
(33, 25, 22, 19, 8, 69, '2015-01-22 03:18:43', 0),
(34, 17, 15, 13, 6, 69, '2015-01-22 03:29:26', 0),
(35, 106, 85, 69, 27, 70, '2015-01-22 21:14:20', 0),
(36, 108, 89, 72, 28, 69, '2015-01-23 00:34:40', 0),
(37, 20, 10, 8, 3, 69, '2015-01-23 01:08:43', 0),
(38, 34, 20, 17, 3, 69, '2015-01-23 01:09:13', 0),
(39, 23, 21, 18, 3, 69, '2015-01-23 01:10:10', 0),
(40, 54, 23, 20, 3, 69, '2015-01-23 01:10:44', 0),
(41, 61, 41, 29, 3, 69, '2015-01-23 01:11:06', 0),
(42, 38, 29, 21, 3, 69, '2015-01-23 01:11:31', 0),
(43, 58, 34, 26, 3, 69, '2015-01-23 01:11:59', 0),
(44, 93, 45, 33, 3, 69, '2015-01-23 01:13:44', 0),
(45, 82, 41, 29, 3, 69, '2015-01-23 01:14:40', 0),
(46, 102, 73, 59, 7, 69, '2015-01-23 01:15:47', 0),
(47, 100, 69, 55, 7, 69, '2015-01-23 01:16:21', 0),
(48, 97, 62, 48, 7, 69, '2015-01-23 01:17:18', 0),
(49, 96, 61, 47, 3, 69, '2015-01-23 01:17:36', 0),
(50, 95, 53, 41, 3, 69, '2015-01-23 01:18:02', 0),
(51, 70, 52, 40, 3, 69, '2015-01-23 01:25:15', 0),
(52, 69, 51, 39, 7, 69, '2015-01-23 01:27:24', 0),
(53, 29, 30, 22, 3, 69, '2015-01-23 01:28:26', 0),
(54, 22, 13, 11, 3, 69, '2015-01-23 01:28:43', 0),
(55, 21, 12, 10, 3, 69, '2015-01-23 01:29:03', 0),
(56, 19, 9, 7, 7, 69, '2015-01-23 01:29:21', 0),
(57, 12, 8, 6, 7, 69, '2015-01-23 01:29:38', 0),
(58, 11, 11, 9, 7, 69, '2015-01-23 01:33:13', 0),
(59, 10, 12, 10, 3, 69, '2015-01-23 01:33:31', 0),
(60, 64, 46, 34, 2, 69, '2015-01-23 01:55:11', 0),
(61, 86, 67, 53, 20, 69, '2015-01-23 02:02:09', 0),
(62, 107, 88, 71, 24, 69, '2015-01-23 03:34:53', 0),
(63, 109, 90, 73, 29, 69, '2015-01-23 03:35:10', 0),
(64, 111, 92, 75, 31, 69, '2015-01-23 19:38:10', 0),
(65, 110, 91, 74, 30, 69, '2015-01-23 19:38:23', 0),
(66, 112, 94, 77, 32, 69, '2015-01-23 21:31:39', 0),
(67, 117, 14, 12, 6, 69, '2015-01-23 23:17:55', 0),
(68, 116, 44, 32, 7, 69, '2015-01-23 23:18:11', 0),
(69, 115, 79, 64, 3, 69, '2015-01-23 23:19:36', 0),
(70, 114, 84, 68, 3, 69, '2015-01-23 23:19:54', 0),
(71, 118, 87, 70, 16, 69, '2015-01-24 02:42:17', 0),
(72, 119, 97, 80, 9, 69, '2015-01-24 22:00:32', 0),
(73, 120, 98, 81, 34, 69, '2015-01-24 23:24:07', 0),
(74, 121, 95, 78, 33, 69, '2015-01-24 23:28:18', 0),
(75, 92, 66, 52, 19, 69, '2015-01-28 02:36:43', 0),
(76, 123, 105, 87, 6, 69, '2015-01-28 02:42:36', 0),
(77, 133, 117, 99, 27, 69, '2015-01-28 21:12:33', 0),
(78, 136, 122, 102, 2400003, 69, '2015-01-29 04:01:47', 0),
(79, 131, 115, 97, 45, 19, '2015-01-30 15:21:52', 0),
(80, 141, 127, 106, 38, 19, '2015-02-05 06:25:27', 0),
(81, 142, 57, 45, 12, 19, '2015-02-05 06:34:16', 0);

-- --------------------------------------------------------

--
-- Table structure for table `credit_notes`
--

CREATE TABLE IF NOT EXISTS `credit_notes` (
  `credit_note_id` int(10) NOT NULL AUTO_INCREMENT,
  `credit_note_no` varchar(100) NOT NULL,
  `ttl_sales_return` varchar(100) NOT NULL,
  `refund_amount` varchar(100) NOT NULL,
  `client_id` int(10) NOT NULL,
  `sales_code` int(10) NOT NULL,
  `salesreturn_code` int(11) NOT NULL,
  `user_id` int(10) NOT NULL,
  `sales_rep` int(11) NOT NULL,
  `date_generated` timestamp NOT NULL DEFAULT CURRENT_TIMESTAMP ON UPDATE CURRENT_TIMESTAMP,
  `status` int(1) NOT NULL,
  PRIMARY KEY (`credit_note_id`)
) ENGINE=MyISAM DEFAULT CHARSET=latin1 AUTO_INCREMENT=1 ;

--
-- Dumping data for table `credit_notes`
--


-- --------------------------------------------------------

--
-- Table structure for table `currency`
--

CREATE TABLE IF NOT EXISTS `currency` (
  `curr_id` int(10) NOT NULL AUTO_INCREMENT,
  `curr_name` varchar(100) NOT NULL,
  `curr_rate` varchar(100) NOT NULL,
  PRIMARY KEY (`curr_id`)
) ENGINE=MyISAM  DEFAULT CHARSET=latin1 AUTO_INCREMENT=7 ;

--
-- Dumping data for table `currency`
--

INSERT INTO `currency` (`curr_id`, `curr_name`, `curr_rate`) VALUES
(6, 'KSHS', '1'),
(2, 'USD', '88'),
(3, 'POUNDS', '120');

-- --------------------------------------------------------

--
-- Table structure for table `customer`
--

CREATE TABLE IF NOT EXISTS `customer` (
  `customer_id` int(11) NOT NULL AUTO_INCREMENT,
  `customer_name` varchar(100) NOT NULL,
  `contact_person` varchar(100) NOT NULL,
  `address` varchar(100) NOT NULL,
  `town` varchar(100) NOT NULL,
  `email` varchar(100) NOT NULL,
  `phone` varchar(100) NOT NULL,
  PRIMARY KEY (`customer_id`)
) ENGINE=MyISAM  DEFAULT CHARSET=latin1 AUTO_INCREMENT=2400004 ;

--
-- Dumping data for table `customer`
--

INSERT INTO `customer` (`customer_id`, `customer_name`, `contact_person`, `address`, `town`, `email`, `phone`) VALUES
(1, 'Juma Kimotho', '', '12314', 'Nairobi', 'jkimotho25@gmail.com', '0711328141'),
(2, 'Engen petrol station', '', '100584-00100 Nairobi', '', 'info@ltvcapital.co.ke', '202211334'),
(4, 'willis Asiko', '', '1214', 'Nairobi', '123@gmail.com', '527123'),
(5, 'martha Njenga', '', '2145', '', 'fifi@gmail.com', ''),
(6, 'Njuguna ', 'Geoffrey Ndonye', '12406-00400', 'Nairobi', '', '0722527317'),
(7, 'Team Fergie Transporters ', 'Fred Tirimba', '100584-00101 ', 'Nairobi', '', '202211334'),
(8, 'Joel Njuguna', '', '', 'Rongai', '', '0723889208'),
(9, 'Mr.', '', '', '', '', ''),
(10, 'Nelson', '', '', '', '', ''),
(11, 'Mr. Julius', '', '', 'Nairobi', '', '0727853854'),
(12, ' Mr. Beutah Maroko', '', '', 'Rongai', 'beutah@gmail.com', '0722167369'),
(13, 'Jackson Muraya', '', '', '', '', '0772307782/0722307782'),
(14, 'Omwanza Ombati', '', '40450200', 'Rongai', 'omwanza .ombati.gmail.com', '0727727249'),
(15, 'Patch Osodo', '', '', '', '', '0706722152/0722289898'),
(16, 'Joyce Nyanamba', '', '4251-00100', 'Nairobi', 'jsaringih@gmail.com', '0722720118'),
(17, 'Wamahiu', '', '18711-00100', 'Nairobi', '', '0720923782'),
(18, 'Alice Waweru', '', '17298-00100', 'Nairobi', 'alinyawa@yahoo.com', '0722826415'),
(19, 'Dennis Mate', '', '', '', '', '0705895516'),
(20, 'Murimi', 'Njeru', '885', 'Embu', '', '0727871339'),
(21, 'Mr./Mrs', '', '', '', '', ''),
(22, 'Bonface Kuria', '', '', '', '', '0721911878'),
(2400001, 'NISSAN', '', '', '', '', ''),
(2400002, 'Erick', '', '', '', '', '0715744552'),
(24, 'Moses Okumu', 'Benson Ole Karia', '', '', '', '0711889035/0722123321'),
(2400000, 'Josephine Mukundi', '', '55036-22200', 'Nairobi', '', ''),
(25, 'Joseph Kirigi', '', '', 'Kiserian', '', '0722370761'),
(26, 'Silas Ringera', '', '15664', '', '', '0722980721'),
(27, 'Francis Kambo', '', '407-00206', 'Kiserian', '', '0725915581'),
(28, 'Miss', '', '', '', '', ''),
(29, 'Mr./Mrs Others', '', '', '', '', ''),
(30, 'MR.Benz', '', '', '', '', ''),
(31, 'Joseph Tororei', '', '', '', '', '0706744911'),
(32, 'Cunningham Mwathi', '', '', '', '', '0716558510'),
(33, 'Snowball Sacco', '', '', '', '', ''),
(34, 'Mrs.Priscilla Naitera', '', '', '', '', ''),
(35, 'Mr Others', '', '', '', '', ''),
(36, 'Maxwell Karasha', '', '', '', '', ''),
(37, 'Mr.Mukundi', '', '', '', '', ''),
(38, 'Anna Waithera', '', '', '', '', ''),
(39, 'Victor', '', '', '', '', ''),
(40, 'Ng''ang''a', '', '', '', '', ''),
(41, 'others', '', '', '', '', ''),
(42, 'various', '', '', '', '', ''),
(43, 'Ragar', '', '', '', '', ''),
(44, 'Mr.Georege', '', '', '', '', ''),
(45, 'Philip Baptiste', '', '', '', 'socool@philip@gmail.com', '3034372981'),
(2400003, 'Mustapha Musa', '', '', '', 'mustafa@networthsolutions.co.ke', '0724454981');

-- --------------------------------------------------------

--
-- Table structure for table `customer_item`
--

CREATE TABLE IF NOT EXISTS `customer_item` (
  `customer_item_id` int(11) NOT NULL AUTO_INCREMENT,
  `booking_id` int(11) NOT NULL,
  `job_card_id` int(11) NOT NULL,
  `customer_item_name` varchar(100) NOT NULL,
  `user_id` int(100) NOT NULL,
  `date_generated` timestamp NOT NULL DEFAULT CURRENT_TIMESTAMP,
  `status` int(11) NOT NULL,
  PRIMARY KEY (`customer_item_id`)
) ENGINE=InnoDB  DEFAULT CHARSET=latin1 AUTO_INCREMENT=134 ;

--
-- Dumping data for table `customer_item`
--

INSERT INTO `customer_item` (`customer_item_id`, `booking_id`, `job_card_id`, `customer_item_name`, `user_id`, `date_generated`, `status`) VALUES
(1, 1, 1, '2 spare tyres', 62, '2014-12-19 02:08:33', 0),
(2, 1, 1, 'umbrellas', 62, '2014-12-19 02:08:33', 0),
(3, 1, 1, 'first aid kit', 62, '2014-12-19 02:08:33', 0),
(4, 1, 1, 'life jacket', 62, '2014-12-19 02:08:33', 0),
(5, 1, 1, '6 speakers', 62, '2014-12-19 02:08:33', 0),
(6, 1, 1, '4 carmats', 62, '2014-12-19 02:08:33', 0),
(7, 1, 1, 'tools(jack jack handle,plug spanner)', 62, '2014-12-19 02:08:33', 0),
(8, 1, 1, 'aerial', 62, '2014-12-19 02:08:33', 0),
(9, 1, 1, 'radio,remote control', 62, '2014-12-19 02:08:33', 0),
(10, 1, 1, 'fire extinguisher', 62, '2014-12-19 02:08:33', 0),
(11, 1, 1, 'cheque book,magazine', 62, '2014-12-19 02:08:33', 0),
(12, 1, 1, '', 62, '2014-12-19 02:08:33', 0),
(13, 1, 1, '', 62, '2014-12-19 02:08:33', 0),
(14, 4, 2, 'Jack', 62, '2014-12-19 23:45:16', 0),
(15, 4, 2, 'wheel spanner', 62, '2014-12-19 23:45:16', 0),
(16, 4, 2, 'radio face', 62, '2014-12-19 23:45:16', 0),
(17, 4, 2, '', 62, '2014-12-19 23:45:16', 0),
(18, 5, 3, 'umbrellas', 19, '2014-12-20 00:47:41', 0),
(19, 5, 3, 'jacket', 19, '2014-12-20 00:47:41', 0),
(20, 6, 4, 'bag', 62, '2014-12-20 22:18:30', 0),
(21, 6, 4, 'shoes', 62, '2014-12-20 22:18:30', 0),
(22, 6, 4, 'coat', 62, '2014-12-20 22:18:30', 0),
(23, 7, 5, '', 62, '2014-12-23 20:41:14', 0),
(24, 8, 6, '', 62, '2014-12-23 21:30:19', 0),
(25, 9, 7, '', 62, '2014-12-23 21:41:19', 0),
(26, 10, 8, '', 62, '2014-12-23 21:50:28', 0),
(27, 11, 9, '', 62, '2014-12-23 21:54:19', 0),
(28, 12, 10, '', 62, '2014-12-23 22:02:44', 0),
(29, 13, 11, '', 62, '2014-12-23 22:19:02', 0),
(30, 14, 12, '', 62, '2014-12-24 02:46:32', 0),
(31, 15, 13, '', 62, '2014-12-24 02:55:33', 0),
(32, 17, 14, '', 62, '2014-12-24 21:25:26', 0),
(33, 18, 15, '', 62, '2014-12-24 21:33:53', 0),
(34, 19, 16, '', 62, '2014-12-27 20:13:04', 0),
(35, 20, 17, '', 62, '2014-12-30 01:27:23', 0),
(36, 21, 18, '', 62, '2014-12-30 02:18:44', 0),
(37, 22, 19, 'Umbrella,3 carmats', 62, '2014-12-30 03:46:42', 0),
(38, 23, 20, '', 62, '2014-12-30 20:50:19', 0),
(39, 29, 21, '', 62, '2014-12-31 21:27:06', 0),
(40, 30, 22, '', 62, '2014-12-31 21:31:53', 0),
(41, 31, 23, '', 62, '2015-01-01 02:57:54', 0),
(42, 32, 24, '', 62, '2015-01-02 21:02:43', 0),
(43, 33, 25, '', 62, '2015-01-02 21:50:33', 0),
(44, 34, 26, '', 62, '2015-01-03 19:41:48', 0),
(45, 37, 27, 'cheque book', 62, '2015-01-05 19:41:07', 0),
(46, 37, 27, 'black bag', 62, '2015-01-05 19:41:07', 0),
(47, 37, 27, 'remote', 62, '2015-01-05 19:41:07', 0),
(48, 37, 27, 'envelopes', 62, '2015-01-05 19:41:07', 0),
(49, 37, 27, '4 carmats', 62, '2015-01-05 19:41:07', 0),
(50, 38, 28, '', 62, '2015-01-06 03:50:43', 0),
(51, 41, 29, '', 62, '2015-01-07 02:40:59', 0),
(52, 42, 30, '', 62, '2015-01-08 02:24:33', 0),
(53, 43, 31, '', 62, '2015-01-08 20:19:42', 0),
(54, 44, 32, '', 62, '2015-01-09 04:13:14', 0),
(55, 45, 33, '', 62, '2015-01-09 19:58:05', 0),
(56, 46, 34, '', 62, '2015-01-10 21:41:07', 0),
(57, 47, 35, '2 jackets', 62, '2015-01-10 22:39:17', 0),
(58, 47, 35, '8 carmats', 62, '2015-01-10 23:09:09', 0),
(59, 47, 35, 'magazine', 62, '2015-01-10 23:09:51', 0),
(60, 48, 36, '', 62, '2015-01-12 19:42:06', 0),
(61, 49, 37, '', 62, '2015-01-12 19:44:22', 0),
(62, 50, 38, '', 62, '2015-01-12 19:46:57', 0),
(63, 51, 39, '', 62, '2015-01-12 19:49:37', 0),
(64, 52, 40, '', 62, '2015-01-12 19:51:22', 0),
(65, 53, 41, '', 62, '2015-01-12 19:52:45', 0),
(66, 54, 42, '', 62, '2015-01-13 21:54:32', 0),
(67, 55, 43, '2 Umbrellas', 62, '2015-01-14 20:35:17', 0),
(68, 56, 44, '', 62, '2015-01-14 23:25:23', 0),
(69, 57, 45, '', 62, '2015-01-15 00:36:49', 0),
(70, 58, 46, '', 62, '2015-01-15 02:19:16', 0),
(71, 61, 47, '', 62, '2015-01-15 03:39:17', 0),
(72, 62, 48, '', 62, '2015-01-15 19:37:05', 0),
(73, 63, 49, '', 62, '2015-01-15 22:21:41', 0),
(74, 64, 50, '', 62, '2015-01-15 22:45:28', 0),
(75, 65, 51, '', 62, '2015-01-16 02:38:28', 0),
(76, 66, 52, '', 62, '2015-01-17 01:03:27', 0),
(77, 67, 53, '', 62, '2015-01-17 02:28:02', 0),
(78, 68, 54, '', 62, '2015-01-17 02:47:28', 0),
(79, 69, 55, '', 62, '2015-01-17 20:06:43', 0),
(80, 70, 56, '', 62, '2015-01-17 20:49:51', 0),
(81, 71, 57, '', 62, '2015-01-17 20:58:24', 0),
(82, 72, 58, '', 62, '2015-01-19 20:18:57', 0),
(83, 73, 59, '', 62, '2015-01-19 20:21:04', 0),
(84, 74, 60, '', 62, '2015-01-19 20:22:22', 0),
(85, 75, 61, '', 62, '2015-01-19 20:58:06', 0),
(86, 76, 62, '', 62, '2015-01-19 23:47:24', 0),
(87, 77, 63, '', 62, '2015-01-19 23:56:20', 0),
(88, 79, 64, '', 62, '2015-01-21 21:19:15', 0),
(89, 81, 65, '', 62, '2015-01-22 00:03:19', 0),
(90, 82, 66, '', 62, '2015-01-22 02:22:24', 0),
(91, 83, 67, '', 62, '2015-01-22 04:01:42', 0),
(92, 84, 68, '', 62, '2015-01-22 19:39:59', 0),
(93, 85, 69, '', 62, '2015-01-22 21:00:27', 0),
(94, 87, 70, '', 62, '2015-01-22 22:43:10', 0),
(95, 88, 71, '', 62, '2015-01-22 23:07:04', 0),
(96, 89, 72, '', 62, '2015-01-23 00:27:17', 0),
(97, 90, 73, '', 62, '2015-01-23 02:28:15', 0),
(98, 91, 74, '', 62, '2015-01-23 02:46:26', 0),
(99, 92, 75, '', 62, '2015-01-23 19:34:35', 0),
(100, 93, 76, '', 62, '2015-01-23 20:09:23', 0),
(101, 94, 77, '', 62, '2015-01-23 21:07:05', 0),
(102, 95, 78, '', 62, '2015-01-24 02:17:00', 0),
(103, 96, 79, '', 62, '2015-01-24 19:29:18', 0),
(104, 97, 80, '', 62, '2015-01-24 21:43:58', 0),
(105, 98, 81, '', 62, '2015-01-24 22:41:37', 0),
(106, 100, 82, '', 62, '2015-01-24 23:52:45', 0),
(107, 101, 83, '', 62, '2015-01-25 00:19:29', 0),
(108, 102, 84, '', 62, '2015-01-25 02:36:58', 0),
(109, 103, 85, '', 62, '2015-01-25 19:42:48', 0),
(110, 104, 86, '', 62, '2015-01-25 19:45:09', 0),
(111, 105, 87, '', 62, '2015-01-25 20:21:21', 0),
(112, 106, 88, '', 62, '2015-01-25 21:22:51', 0),
(113, 107, 89, '', 62, '2015-01-25 23:18:17', 0),
(114, 108, 90, '', 62, '2015-01-25 23:19:01', 0),
(115, 109, 91, '', 62, '2015-01-26 21:03:33', 0),
(116, 110, 92, '', 62, '2015-01-26 21:06:03', 0),
(117, 111, 93, '', 62, '2015-01-26 21:08:05', 0),
(118, 112, 94, '', 62, '2015-01-26 21:58:09', 0),
(119, 113, 95, '', 62, '2015-01-26 22:12:30', 0),
(120, 114, 96, '', 62, '2015-01-26 22:16:27', 0),
(121, 115, 97, '', 62, '2015-01-27 03:52:47', 0),
(122, 116, 98, '', 62, '2015-01-28 19:18:36', 0),
(123, 117, 99, '', 62, '2015-01-28 20:43:47', 0),
(124, 118, 100, '', 62, '2015-01-28 23:57:17', 0),
(125, 119, 101, '', 62, '2015-01-29 01:41:40', 0),
(126, 122, 102, '', 62, '2015-01-29 03:51:48', 0),
(127, 123, 103, '', 62, '2015-01-30 01:35:33', 0),
(128, 124, 104, 'Books', 19, '2015-01-31 10:46:06', 0),
(129, 126, 105, 'To be done in session', 19, '2015-02-02 21:52:12', 0),
(130, 127, 106, '', 19, '2015-02-05 03:27:16', 0),
(131, 127, 107, '', 19, '2015-02-05 03:33:36', 0),
(132, 120, 108, '', 19, '2015-02-05 03:37:52', 0),
(133, 80, 109, '', 19, '2015-02-05 11:52:10', 0);

-- --------------------------------------------------------

--
-- Table structure for table `customer_transactions`
--

CREATE TABLE IF NOT EXISTS `customer_transactions` (
  `transaction_id` int(10) NOT NULL AUTO_INCREMENT,
  `customer_id` int(10) NOT NULL,
  `transaction` varchar(100) NOT NULL,
  `amount` varchar(100) NOT NULL,
  `transaction_date` date NOT NULL,
  `transaction_code` varchar(100) NOT NULL,
  `status` int(11) NOT NULL,
  PRIMARY KEY (`transaction_id`)
) ENGINE=MyISAM  DEFAULT CHARSET=latin1 AUTO_INCREMENT=89 ;

--
-- Dumping data for table `customer_transactions`
--

INSERT INTO `customer_transactions` (`transaction_id`, `customer_id`, `transaction`, `amount`, `transaction_date`, `transaction_code`, `status`) VALUES
(1, 7, 'Labour Sales Inv No:53', '230', '2015-01-13', 'inv53', 0),
(2, 7, 'Labour Sales Inv No:36', '4025', '2015-01-13', 'inv36', 0),
(3, 7, 'Labour Sales Inv No:48', '575', '2015-01-13', 'inv48', 0),
(4, 8, 'Labour Sales Inv No:26', '1380', '2015-01-13', 'inv26', 0),
(5, 7, 'Labour Sales Inv No:35', '4025', '2015-01-13', 'inv35', 0),
(6, 7, 'Labour Sales Inv No:59', '4600', '2015-01-13', 'inv59', 0),
(7, 7, 'Labour Sales Inv No:57', '2070', '2015-01-13', 'inv57', 0),
(8, 15, 'Labour Sales Inv No:77', '4600', '2015-01-14', 'inv77', 0),
(9, 7, 'Labour Sales Inv No:55', '575', '2015-01-14', 'inv55', 0),
(10, 7, 'Labour Sales Inv No:56', '2300', '2015-01-14', 'inv56', 0),
(11, 7, 'Labour Sales Inv No:46', '5175', '2015-01-14', 'inv46', 0),
(12, 7, 'Labour Sales Inv No:43', '7475', '2015-01-14', 'inv43', 0),
(13, 7, 'Labour Sales Inv No:45', '9420', '2015-01-14', 'inv45', 0),
(14, 7, 'Labour Sales Inv No:50', '1150', '2015-01-14', 'inv50', 0),
(15, 7, 'Labour Sales Inv No:52', '1495', '2015-01-14', 'inv52', 0),
(16, 16, 'Labour Sales Inv No:79', '4885', '2015-01-14', 'inv79', 0),
(17, 7, 'Labour Sales Inv No:44', '2875', '2015-01-14', 'inv44', 0),
(18, 7, 'Labour Sales Inv No:51', '575', '2015-01-14', 'inv51', 0),
(19, 16, 'Customer Payment Receipt No:MGSR0001/2015', '-4885', '2015-01-14', 'crsp1', 0),
(20, 22, 'Labour Sales Inv No:94', '400.2', '2015-01-19', 'inv94', 0),
(21, 18, 'Labour Sales Inv No:88', '200.1', '2015-01-19', 'inv88', 0),
(22, 21, 'Labour Sales Inv No:87', '200.1', '2015-01-19', 'inv87', 0),
(23, 14, 'Labour Sales Inv No:66', '5680', '2015-01-19', 'inv66', 0),
(24, 12, 'Labour Sales Inv No:42', '5725', '2015-01-19', 'inv42', 0),
(25, 25, 'Labour Sales Inv No:104', '400.2', '2015-01-21', 'inv104', 0),
(26, 25, 'Customer Payment Receipt No:MGSR0003/2015', '-400', '2015-01-21', 'crsp3', 0),
(27, 7, 'Labour Sales Inv No:71', '21590', '2015-01-21', 'inv71', 0),
(28, 7, 'Labour Sales Inv No:72', '12860', '2015-01-21', 'inv72', 0),
(29, 7, 'Labour Sales Inv No:73', '12860', '2015-01-21', 'inv73', 0),
(30, 7, 'Labour Sales Inv No:68', '12860', '2015-01-21', 'inv68', 0),
(31, 7, 'Labour Sales Inv No:60', '575', '2015-01-21', 'inv60', 0),
(32, 26, 'Labour Sales Inv No:105', '200.1', '2015-01-21', 'inv105', 0),
(33, 9, 'Customer Payment Receipt No:MGSR0004/2015', '-200', '2015-01-21', 'crsp4', 0),
(34, 7, 'Labour Sales Inv No:65', '10350', '2015-01-21', 'inv65', 0),
(35, 7, 'Labour Sales Inv No:49', '920', '2015-01-21', 'inv49', 0),
(36, 8, 'Labour Sales Inv No:25', '1600.8', '2015-01-21', 'inv25', 0),
(37, 6, 'Labour Sales Inv No:17', '7320.064', '2015-01-21', 'inv17', 0),
(38, 27, 'Labour Sales Inv No:106', '200.1', '2015-01-22', 'inv106', 0),
(39, 27, 'Customer Payment Receipt No:MGSR0005/2015', '-200', '2015-01-22', 'crsp5', 0),
(40, 28, 'Labour Sales Inv No:108', '200.1', '2015-01-22', 'inv108', 0),
(41, 28, 'Customer Payment Receipt No:MGSR0006/2015', '-200', '2015-01-22', 'crsp6', 0),
(42, 7, 'Labour Sales Inv No:20', '6325', '2015-01-22', 'inv20', 0),
(43, 7, 'Labour Sales Inv No:34', '690', '2015-01-22', 'inv34', 0),
(44, 7, 'Labour Sales Inv No:23', '57.5', '2015-01-22', 'inv23', 0),
(45, 7, 'Labour Sales Inv No:54', '2300', '2015-01-22', 'inv54', 0),
(46, 7, 'Labour Sales Inv No:61', '1725', '2015-01-22', 'inv61', 0),
(47, 7, 'Labour Sales Inv No:38', '9100', '2015-01-22', 'inv38', 0),
(48, 7, 'Labour Sales Inv No:58', '57.5', '2015-01-22', 'inv58', 0),
(49, 7, 'Labour Sales Inv No:93', '1150', '2015-01-22', 'inv93', 0),
(50, 7, 'Labour Sales Inv No:82', '1725', '2015-01-22', 'inv82', 0),
(51, 7, 'Labour Sales Inv No:102', '4456', '2015-01-22', 'inv102', 0),
(52, 7, 'Labour Sales Inv No:100', '9390', '2015-01-22', 'inv100', 0),
(53, 7, 'Labour Sales Inv No:97', '1443', '2015-01-22', 'inv97', 0),
(54, 7, 'Labour Sales Inv No:96', '920', '2015-01-22', 'inv96', 0),
(55, 7, 'Labour Sales Inv No:95', '6900', '2015-01-22', 'inv95', 0),
(56, 7, 'Labour Sales Inv No:70', '12687.5', '2015-01-22', 'inv70', 0),
(57, 7, 'Labour Sales Inv No:69', '12860', '2015-01-22', 'inv69', 0),
(58, 7, 'Labour Sales Inv No:29', '575', '2015-01-22', 'inv29', 0),
(59, 7, 'Labour Sales Inv No:22', '3450', '2015-01-22', 'inv22', 0),
(60, 7, 'Labour Sales Inv No:21', '2875', '2015-01-22', 'inv21', 0),
(61, 7, 'Labour Sales Inv No:19', '4025', '2015-01-22', 'inv19', 0),
(62, 7, 'Labour Sales Inv No:12', '4025', '2015-01-22', 'inv12', 0),
(63, 7, 'Labour Sales Inv No:11', '5175', '2015-01-22', 'inv11', 0),
(64, 7, 'Labour Sales Inv No:10', '2875', '2015-01-22', 'inv10', 0),
(65, 2, 'Labour Sales Inv No:64', '1150', '2015-01-22', 'inv64', 0),
(66, 20, 'Labour Sales Inv No:86', '575', '2015-01-22', 'inv86', 0),
(67, 24, 'Labour Sales Inv No:107', '1725', '2015-01-22', 'inv107', 0),
(68, 29, 'Labour Sales Inv No:109', '1050.449307', '2015-01-22', 'inv109', 0),
(69, 31, 'Labour Sales Inv No:111', '200.1', '2015-01-23', 'inv111', 0),
(70, 30, 'Labour Sales Inv No:110', '7203.83805', '2015-01-23', 'inv110', 0),
(71, 32, 'Labour Sales Inv No:112', '400.2', '2015-01-23', 'inv112', 0),
(72, 6, 'Labour Sales Inv No:117', '1725', '2015-01-23', 'inv117', 0),
(73, 7, 'Labour Sales Inv No:116', '575', '2015-01-23', 'inv116', 0),
(74, 7, 'Labour Sales Inv No:115', '5261', '2015-01-23', 'inv115', 0),
(75, 7, 'Labour Sales Inv No:114', '3950', '2015-01-23', 'inv114', 0),
(76, 16, 'Labour Sales Inv No:118', '5980', '2015-01-23', 'inv118', 0),
(77, 16, 'Customer Payment Receipt No:MGSR0017/2015', '-5980', '2015-01-23', 'crsp17', 0),
(78, 9, 'Labour Sales Inv No:119', '100.05', '2015-01-24', 'inv119', 0),
(79, 34, 'Labour Sales Inv No:120', '200.1', '2015-01-24', 'inv120', 0),
(80, 33, 'Labour Sales Inv No:121', '1610', '2015-01-24', 'inv121', 0),
(81, 19, 'Labour Sales Inv No:92', '2231', '2015-01-27', 'inv92', 0),
(82, 6, 'Labour Sales Inv No:123', '9905.00049', '2015-01-27', 'inv123', 0),
(83, 27, 'Labour Sales Inv No:133', '300.15', '2015-01-28', 'inv133', 0),
(84, 2400003, 'Labour Sales Inv No:136', '575', '2015-01-28', 'inv136', 0),
(85, 45, 'Labour Sales Inv No:131', '6009.075', '2015-01-30', 'inv131', 0),
(86, 7, 'Cancelation of Sales Inv No:116 (test canceling)', '-575', '2015-01-30', 'cai116', 0),
(87, 38, 'Labour Sales Inv No:141', '32545', '2015-02-05', 'inv141', 0),
(88, 12, 'Labour Sales Inv No:142', '6999.498', '2015-02-05', 'inv142', 0);

-- --------------------------------------------------------

--
-- Table structure for table `customer_transactionsold`
--

CREATE TABLE IF NOT EXISTS `customer_transactionsold` (
  `transaction_id` int(10) NOT NULL AUTO_INCREMENT,
  `customer_id` int(10) NOT NULL,
  `transaction` varchar(100) NOT NULL,
  `amount` varchar(100) NOT NULL,
  `transaction_date` date NOT NULL,
  `transaction_code` varchar(100) NOT NULL,
  `status` int(11) NOT NULL,
  PRIMARY KEY (`transaction_id`)
) ENGINE=MyISAM  DEFAULT CHARSET=latin1 AUTO_INCREMENT=81 ;

--
-- Dumping data for table `customer_transactionsold`
--

INSERT INTO `customer_transactionsold` (`transaction_id`, `customer_id`, `transaction`, `amount`, `transaction_date`, `transaction_code`, `status`) VALUES
(1, 3, 'Labour Sales Inv No:53', '230', '2015-01-13', 'inv53', 0),
(2, 7, 'Labour Sales Inv No:36', '4025', '2015-01-13', 'inv36', 0),
(3, 3, 'Labour Sales Inv No:48', '575', '2015-01-13', 'inv48', 0),
(4, 8, 'Labour Sales Inv No:26', '1380', '2015-01-13', 'inv26', 0),
(5, 7, 'Labour Sales Inv No:35', '4025', '2015-01-13', 'inv35', 0),
(6, 3, 'Labour Sales Inv No:59', '4600', '2015-01-13', 'inv59', 0),
(7, 3, 'Labour Sales Inv No:57', '2070', '2015-01-13', 'inv57', 0),
(8, 15, 'Labour Sales Inv No:77', '4600', '2015-01-14', 'inv77', 0),
(9, 3, 'Labour Sales Inv No:55', '575', '2015-01-14', 'inv55', 0),
(10, 3, 'Labour Sales Inv No:56', '2300', '2015-01-14', 'inv56', 0),
(11, 7, 'Labour Sales Inv No:46', '5175', '2015-01-14', 'inv46', 0),
(12, 3, 'Labour Sales Inv No:43', '7475', '2015-01-14', 'inv43', 0),
(13, 3, 'Labour Sales Inv No:45', '9420', '2015-01-14', 'inv45', 0),
(14, 7, 'Labour Sales Inv No:50', '1150', '2015-01-14', 'inv50', 0),
(15, 3, 'Labour Sales Inv No:52', '1495', '2015-01-14', 'inv52', 0),
(16, 16, 'Labour Sales Inv No:79', '4885', '2015-01-14', 'inv79', 0),
(17, 3, 'Labour Sales Inv No:44', '2875', '2015-01-14', 'inv44', 0),
(18, 3, 'Labour Sales Inv No:51', '575', '2015-01-14', 'inv51', 0),
(19, 16, 'Customer Payment Receipt No:MGSR0001/2015', '-4885', '2015-01-14', 'crsp1', 0),
(20, 22, 'Labour Sales Inv No:94', '400.2', '2015-01-19', 'inv94', 0),
(21, 18, 'Labour Sales Inv No:88', '200.1', '2015-01-19', 'inv88', 0),
(22, 21, 'Labour Sales Inv No:87', '200.1', '2015-01-19', 'inv87', 0),
(23, 14, 'Labour Sales Inv No:66', '5680', '2015-01-19', 'inv66', 0),
(24, 12, 'Labour Sales Inv No:42', '5725', '2015-01-19', 'inv42', 0),
(25, 25, 'Labour Sales Inv No:104', '400.2', '2015-01-21', 'inv104', 0),
(26, 25, 'Customer Payment Receipt No:MGSR0003/2015', '-400', '2015-01-21', 'crsp3', 0),
(27, 7, 'Labour Sales Inv No:71', '21590', '2015-01-21', 'inv71', 0),
(28, 7, 'Labour Sales Inv No:72', '12860', '2015-01-21', 'inv72', 0),
(29, 7, 'Labour Sales Inv No:73', '12860', '2015-01-21', 'inv73', 0),
(30, 3, 'Labour Sales Inv No:68', '12860', '2015-01-21', 'inv68', 0),
(31, 7, 'Labour Sales Inv No:60', '575', '2015-01-21', 'inv60', 0),
(32, 26, 'Labour Sales Inv No:105', '200.1', '2015-01-21', 'inv105', 0),
(33, 9, 'Customer Payment Receipt No:MGSR0004/2015', '-200', '2015-01-21', 'crsp4', 0),
(34, 7, 'Labour Sales Inv No:65', '10350', '2015-01-21', 'inv65', 0),
(35, 7, 'Labour Sales Inv No:49', '1150', '2015-01-21', 'inv49', 0),
(36, 8, 'Labour Sales Inv No:25', '1600.8', '2015-01-21', 'inv25', 0),
(37, 6, 'Labour Sales Inv No:17', '7320.064', '2015-01-21', 'inv17', 0),
(38, 27, 'Labour Sales Inv No:106', '200.1', '2015-01-22', 'inv106', 0),
(39, 27, 'Customer Payment Receipt No:MGSR0005/2015', '-200', '2015-01-22', 'crsp5', 0),
(40, 28, 'Labour Sales Inv No:108', '200.1', '2015-01-22', 'inv108', 0),
(41, 28, 'Customer Payment Receipt No:MGSR0006/2015', '-200', '2015-01-22', 'crsp6', 0),
(42, 3, 'Labour Sales Inv No:20', '6325', '2015-01-22', 'inv20', 0),
(43, 3, 'Labour Sales Inv No:34', '690', '2015-01-22', 'inv34', 0),
(44, 3, 'Labour Sales Inv No:23', '57.5', '2015-01-22', 'inv23', 0),
(45, 3, 'Labour Sales Inv No:54', '2300', '2015-01-22', 'inv54', 0),
(46, 3, 'Labour Sales Inv No:61', '1725', '2015-01-22', 'inv61', 0),
(47, 3, 'Labour Sales Inv No:38', '9468', '2015-01-22', 'inv38', 0),
(48, 3, 'Labour Sales Inv No:58', '57.5', '2015-01-22', 'inv58', 0),
(49, 3, 'Labour Sales Inv No:93', '1150', '2015-01-22', 'inv93', 0),
(50, 3, 'Labour Sales Inv No:82', '1725', '2015-01-22', 'inv82', 0),
(51, 7, 'Labour Sales Inv No:102', '4456', '2015-01-22', 'inv102', 0),
(52, 7, 'Labour Sales Inv No:100', '9390', '2015-01-22', 'inv100', 0),
(53, 7, 'Labour Sales Inv No:97', '1443', '2015-01-22', 'inv97', 0),
(54, 3, 'Labour Sales Inv No:96', '920', '2015-01-22', 'inv96', 0),
(55, 3, 'Labour Sales Inv No:95', '6900', '2015-01-22', 'inv95', 0),
(56, 3, 'Labour Sales Inv No:70', '12687.5', '2015-01-22', 'inv70', 0),
(57, 7, 'Labour Sales Inv No:69', '12860', '2015-01-22', 'inv69', 0),
(58, 3, 'Labour Sales Inv No:29', '575', '2015-01-22', 'inv29', 0),
(59, 3, 'Labour Sales Inv No:22', '3450', '2015-01-22', 'inv22', 0),
(60, 3, 'Labour Sales Inv No:21', '2875', '2015-01-22', 'inv21', 0),
(61, 7, 'Labour Sales Inv No:19', '4025', '2015-01-22', 'inv19', 0),
(62, 7, 'Labour Sales Inv No:12', '4025', '2015-01-22', 'inv12', 0),
(63, 7, 'Labour Sales Inv No:11', '5175', '2015-01-22', 'inv11', 0),
(64, 3, 'Labour Sales Inv No:10', '2875', '2015-01-22', 'inv10', 0),
(65, 2, 'Labour Sales Inv No:64', '1150', '2015-01-22', 'inv64', 0),
(66, 20, 'Labour Sales Inv No:86', '575', '2015-01-22', 'inv86', 0),
(67, 24, 'Labour Sales Inv No:107', '1725', '2015-01-22', 'inv107', 0),
(68, 29, 'Labour Sales Inv No:109', '1050.449307', '2015-01-22', 'inv109', 0),
(69, 31, 'Labour Sales Inv No:111', '200.1', '2015-01-23', 'inv111', 0),
(70, 30, 'Labour Sales Inv No:110', '7203.83805', '2015-01-23', 'inv110', 0),
(71, 32, 'Labour Sales Inv No:112', '200.1', '2015-01-23', 'inv112', 0),
(72, 6, 'Labour Sales Inv No:117', '1725', '2015-01-23', 'inv117', 0),
(73, 7, 'Labour Sales Inv No:116', '575', '2015-01-23', 'inv116', 0),
(74, 3, 'Labour Sales Inv No:115', '5261', '2015-01-23', 'inv115', 0),
(75, 3, 'Labour Sales Inv No:114', '3950', '2015-01-23', 'inv114', 0),
(76, 16, 'Labour Sales Inv No:118', '5980', '2015-01-23', 'inv118', 0),
(77, 16, 'Customer Payment Receipt No:MGSR0017/2015', '-5980', '2015-01-23', 'crsp17', 0),
(78, 9, 'Labour Sales Inv No:119', '100.05', '2015-01-24', 'inv119', 0),
(79, 34, 'Labour Sales Inv No:120', '200.1', '2015-01-24', 'inv120', 0),
(80, 33, 'Labour Sales Inv No:121', '1610', '2015-01-24', 'inv121', 0);

-- --------------------------------------------------------

--
-- Table structure for table `custom_clearance`
--

CREATE TABLE IF NOT EXISTS `custom_clearance` (
  `custom_clearance_id` int(10) NOT NULL AUTO_INCREMENT,
  `user_id` int(10) NOT NULL,
  `description` varchar(100) NOT NULL,
  `curr_id` varchar(100) NOT NULL,
  `curr_rate` varchar(100) NOT NULL,
  `amount` varchar(100) NOT NULL,
  `mop` varchar(100) NOT NULL,
  `date_of_transaction` timestamp NOT NULL DEFAULT CURRENT_TIMESTAMP ON UPDATE CURRENT_TIMESTAMP,
  PRIMARY KEY (`custom_clearance_id`)
) ENGINE=MyISAM DEFAULT CHARSET=latin1 AUTO_INCREMENT=1 ;

--
-- Dumping data for table `custom_clearance`
--


-- --------------------------------------------------------

--
-- Table structure for table `custom_clearance_ledger`
--

CREATE TABLE IF NOT EXISTS `custom_clearance_ledger` (
  `transaction_id` int(10) NOT NULL AUTO_INCREMENT,
  `transactions` varchar(100) NOT NULL,
  `order_code` varchar(10) NOT NULL,
  `amount` varchar(100) NOT NULL,
  `debit` varchar(100) NOT NULL,
  `credit` varchar(100) NOT NULL,
  `currency_code` int(10) NOT NULL,
  `curr_rate` varchar(100) NOT NULL,
  `date_recorded` timestamp NOT NULL DEFAULT CURRENT_TIMESTAMP ON UPDATE CURRENT_TIMESTAMP,
  PRIMARY KEY (`transaction_id`)
) ENGINE=MyISAM  DEFAULT CHARSET=latin1 AUTO_INCREMENT=27 ;

--
-- Dumping data for table `custom_clearance_ledger`
--

INSERT INTO `custom_clearance_ledger` (`transaction_id`, `transactions`, `order_code`, `amount`, `debit`, `credit`, `currency_code`, `curr_rate`, `date_recorded`) VALUES
(1, 'Freight Charges for Goods Supplied By:Local Purchase', 'fc2', '0', '0', '', 6, '1', '2014-12-20 23:42:22'),
(2, 'Freight Charges for Goods Supplied By:Local Purchase', 'fc6', '0', '0', '', 6, '1', '2015-01-03 20:26:07'),
(3, 'Freight Charges for Goods Supplied By:Local Purchase', 'fc24', '0', '0', '', 6, '1', '2015-01-08 01:12:02'),
(4, 'Freight Charges for Goods Supplied By:Local Purchase', 'fc19', '0', '0', '', 6, '1', '2015-01-08 01:13:32'),
(5, 'Freight Charges for Goods Supplied By:Local Purchase', 'fc17', '0', '0', '', 6, '1', '2015-01-08 01:13:58'),
(6, 'Freight Charges for Goods Supplied By:Local Purchase', 'fc16', '0', '0', '', 6, '1', '2015-01-08 01:14:23'),
(7, 'Freight Charges for Goods Supplied By:Local Purchase', 'fc15', '0', '0', '', 6, '1', '2015-01-08 01:15:06'),
(8, 'Freight Charges for Goods Supplied By:Local Purchase', 'fc23', '0', '0', '', 6, '1', '2015-01-08 01:15:42'),
(9, 'Freight Charges for Goods Supplied By:Local Purchase', 'fc34', '0', '0', '', 6, '1', '2015-01-11 20:17:19'),
(10, 'Freight Charges for Goods Supplied By:Local Purchase', 'fc33', '0', '0', '', 6, '1', '2015-01-11 20:17:33'),
(11, 'Freight Charges for Goods Supplied By:Local Purchase', 'fc37', '0', '0', '', 6, '1', '2015-01-14 23:56:48'),
(12, 'Freight Charges for Goods Supplied By:Local Purchase', 'fc39', '0', '0', '', 6, '1', '2015-01-15 03:22:59'),
(13, 'Freight Charges for Goods Supplied By:Local Purchase', 'fc40', '0', '0', '', 6, '1', '2015-01-15 03:25:31'),
(14, 'Freight Charges for Goods Supplied By:Local Purchase', 'fc36', '', '', '', 6, '1', '2015-01-15 03:52:48'),
(15, 'Freight Charges for Goods Supplied By:Local Purchase', 'fc35', '0', '0', '', 6, '1', '2015-01-15 03:53:15'),
(16, 'Freight Charges for Goods Supplied By:Local Purchase', 'fc41', '0', '0', '', 6, '1', '2015-01-15 22:18:14'),
(17, 'Freight Charges for Goods Supplied By:Local Purchase', 'fc42', '0', '0', '', 6, '1', '2015-01-15 22:18:31'),
(18, 'Freight Charges for Goods Supplied By:Local Purchase', 'fc44', '0', '0', '', 6, '1', '2015-01-16 01:20:18'),
(19, 'Freight Charges for Goods Supplied By:Local Purchase', 'fc43', '0', '0', '', 6, '1', '2015-01-16 01:20:36'),
(20, 'Freight Charges for Goods Supplied By:Local Purchase', 'fc46', '0', '0', '', 6, '1', '2015-01-18 00:33:00'),
(21, 'Freight Charges for Goods Supplied By:Local Purchase', 'fc49', '0', '0', '', 6, '1', '2015-01-21 19:45:59'),
(22, 'Freight Charges for Goods Supplied By:Local Purchase', 'fc51', '0', '0', '', 6, '1', '2015-01-21 19:46:30'),
(23, 'Freight Charges for Goods Supplied By:Local Purchase', 'fc50', '0', '0', '', 6, '1', '2015-01-21 19:47:36'),
(24, 'Freight Charges for Goods Supplied By:Local Purchase', 'fc53', '0', '0', '', 6, '1', '2015-01-26 23:45:30'),
(25, 'Freight Charges for Goods Supplied By:Local Purchase', 'fc54', '0', '0', '', 6, '1', '2015-01-29 01:51:15'),
(26, 'Freight Charges for Goods Supplied By:Local Purchase', 'fc55', '0', '0', '', 6, '1', '2015-01-29 01:53:50');

-- --------------------------------------------------------

--
-- Table structure for table `debit_notes`
--

CREATE TABLE IF NOT EXISTS `debit_notes` (
  `debit_note_id` int(10) NOT NULL AUTO_INCREMENT,
  `debit_note_no` varchar(100) NOT NULL,
  `ttl_stock_return` varchar(100) NOT NULL,
  `refund_amount` varchar(100) NOT NULL,
  `currency` varchar(100) NOT NULL,
  `curr_rate` varchar(100) NOT NULL,
  `supplier_id` int(10) NOT NULL,
  `order_code` int(10) NOT NULL,
  `stockreturn_code` int(11) NOT NULL,
  `user_id` int(10) NOT NULL,
  `date_generated` timestamp NOT NULL DEFAULT CURRENT_TIMESTAMP ON UPDATE CURRENT_TIMESTAMP,
  `status` int(1) NOT NULL,
  PRIMARY KEY (`debit_note_id`)
) ENGINE=MyISAM DEFAULT CHARSET=latin1 AUTO_INCREMENT=1 ;

--
-- Dumping data for table `debit_notes`
--


-- --------------------------------------------------------

--
-- Table structure for table `deductions`
--

CREATE TABLE IF NOT EXISTS `deductions` (
  `deduction_id` int(10) NOT NULL AUTO_INCREMENT,
  `emp_id` int(11) NOT NULL,
  `payroll_id` int(11) NOT NULL,
  `deduction_log_id` int(11) NOT NULL,
  `deduction_name` varchar(100) COLLATE latin1_general_ci NOT NULL,
  `deduction_amount` varchar(100) COLLATE latin1_general_ci NOT NULL,
  `deduction_month` varchar(100) COLLATE latin1_general_ci NOT NULL,
  PRIMARY KEY (`deduction_id`)
) ENGINE=MyISAM  DEFAULT CHARSET=latin1 COLLATE=latin1_general_ci AUTO_INCREMENT=711 ;

--
-- Dumping data for table `deductions`
--

INSERT INTO `deductions` (`deduction_id`, `emp_id`, `payroll_id`, `deduction_log_id`, `deduction_name`, `deduction_amount`, `deduction_month`) VALUES
(695, 32, 176, 5, 'WELFARE', '200', 'January 2015'),
(694, 32, 176, 1, 'P.A.Y.E', '0', 'January 2015'),
(693, 32, 176, 4, 'NHIF', '320', 'January 2015'),
(692, 32, 176, 2, 'N.S.S.F', '200', 'January 2015'),
(691, 30, 175, 5, 'WELFARE', '200', 'January 2015'),
(690, 30, 175, 1, 'P.A.Y.E', '460', 'January 2015'),
(689, 30, 175, 4, 'NHIF', '320', 'January 2015'),
(688, 30, 175, 2, 'N.S.S.F', '200', 'January 2015'),
(687, 29, 174, 5, 'WELFARE', '200', 'January 2015'),
(686, 29, 174, 1, 'P.A.Y.E', '1809', 'January 2015'),
(685, 29, 174, 4, 'NHIF', '320', 'January 2015'),
(684, 29, 174, 2, 'N.S.S.F', '200', 'January 2015'),
(683, 28, 173, 5, 'WELFARE', '200', 'January 2015'),
(682, 28, 173, 1, 'P.A.Y.E', '577', 'January 2015'),
(681, 28, 173, 4, 'NHIF', '320', 'January 2015'),
(680, 28, 173, 2, 'N.S.S.F', '200', 'January 2015'),
(679, 27, 172, 5, 'WELFARE', '200', 'January 2015'),
(678, 27, 172, 1, 'P.A.Y.E', '2303', 'January 2015'),
(677, 27, 172, 4, 'NHIF', '320', 'January 2015'),
(676, 27, 172, 2, 'N.S.S.F', '200', 'January 2015'),
(675, 26, 171, 5, 'WELFARE', '200', 'January 2015'),
(674, 26, 171, 1, 'P.A.Y.E', '122', 'January 2015'),
(673, 26, 171, 4, 'NHIF', '320', 'January 2015'),
(672, 26, 171, 2, 'N.S.S.F', '200', 'January 2015'),
(671, 25, 170, 5, 'WELFARE', '200', 'January 2015'),
(670, 25, 170, 1, 'P.A.Y.E', '550', 'January 2015'),
(669, 25, 170, 4, 'NHIF', '320', 'January 2015'),
(668, 25, 170, 2, 'N.S.S.F', '200', 'January 2015'),
(667, 24, 169, 5, 'WELFARE', '200', 'January 2015'),
(666, 24, 169, 1, 'P.A.Y.E', '550', 'January 2015'),
(665, 24, 169, 4, 'NHIF', '320', 'January 2015'),
(664, 24, 169, 2, 'N.S.S.F', '200', 'January 2015'),
(663, 23, 168, 5, 'WELFARE', '200', 'January 2015'),
(662, 23, 168, 1, 'P.A.Y.E', '550', 'January 2015'),
(661, 23, 168, 4, 'NHIF', '320', 'January 2015'),
(660, 23, 168, 2, 'N.S.S.F', '200', 'January 2015'),
(659, 21, 167, 5, 'WELFARE', '200', 'January 2015'),
(658, 21, 167, 1, 'P.A.Y.E', '700', 'January 2015'),
(657, 21, 167, 4, 'NHIF', '320', 'January 2015'),
(656, 21, 167, 2, 'N.S.S.F', '200', 'January 2015'),
(655, 20, 166, 5, 'WELFARE', '200', 'January 2015'),
(654, 20, 166, 1, 'P.A.Y.E', '2703', 'January 2015'),
(653, 20, 166, 4, 'NHIF', '320', 'January 2015'),
(652, 20, 166, 2, 'N.S.S.F', '200', 'January 2015'),
(651, 19, 165, 5, 'WELFARE', '200', 'January 2015'),
(650, 19, 165, 1, 'P.A.Y.E', '700', 'January 2015'),
(649, 19, 165, 4, 'NHIF', '320', 'January 2015'),
(648, 19, 165, 2, 'N.S.S.F', '200', 'January 2015'),
(647, 18, 164, 5, 'WELFARE', '200', 'January 2015'),
(646, 18, 164, 1, 'P.A.Y.E', '3827', 'January 2015'),
(645, 18, 164, 4, 'NHIF', '320', 'January 2015'),
(644, 18, 164, 2, 'N.S.S.F', '200', 'January 2015'),
(643, 17, 163, 5, 'WELFARE', '200', 'January 2015'),
(642, 17, 163, 1, 'P.A.Y.E', '4577', 'January 2015'),
(641, 17, 163, 4, 'NHIF', '320', 'January 2015'),
(640, 17, 163, 2, 'N.S.S.F', '200', 'January 2015'),
(639, 16, 162, 5, 'WELFARE', '200', 'January 2015'),
(638, 16, 162, 1, 'P.A.Y.E', '700', 'January 2015'),
(637, 16, 162, 4, 'NHIF', '320', 'January 2015'),
(636, 16, 162, 2, 'N.S.S.F', '200', 'January 2015'),
(635, 15, 161, 5, 'WELFARE', '200', 'January 2015'),
(634, 15, 161, 1, 'P.A.Y.E', '325', 'January 2015'),
(633, 15, 161, 4, 'NHIF', '320', 'January 2015'),
(632, 15, 161, 2, 'N.S.S.F', '200', 'January 2015'),
(631, 14, 160, 5, 'WELFARE', '200', 'January 2015'),
(630, 14, 160, 1, 'P.A.Y.E', '4577', 'January 2015'),
(629, 14, 160, 4, 'NHIF', '320', 'January 2015'),
(628, 14, 160, 2, 'N.S.S.F', '200', 'January 2015'),
(627, 13, 159, 5, 'WELFARE', '200', 'January 2015'),
(626, 13, 159, 1, 'P.A.Y.E', '8872', 'January 2015'),
(625, 13, 159, 4, 'NHIF', '320', 'January 2015'),
(624, 13, 159, 2, 'N.S.S.F', '200', 'January 2015'),
(623, 12, 158, 5, 'WELFARE', '200', 'January 2015'),
(622, 12, 158, 1, 'P.A.Y.E', '550', 'January 2015'),
(621, 12, 158, 4, 'NHIF', '320', 'January 2015'),
(620, 12, 158, 2, 'N.S.S.F', '200', 'January 2015'),
(619, 11, 157, 5, 'WELFARE', '200', 'January 2015'),
(618, 11, 157, 1, 'P.A.Y.E', '550', 'January 2015'),
(617, 11, 157, 4, 'NHIF', '320', 'January 2015'),
(616, 11, 157, 2, 'N.S.S.F', '200', 'January 2015'),
(615, 10, 156, 5, 'WELFARE', '200', 'January 2015'),
(614, 10, 156, 1, 'P.A.Y.E', '550', 'January 2015'),
(613, 10, 156, 4, 'NHIF', '320', 'January 2015'),
(612, 10, 156, 2, 'N.S.S.F', '200', 'January 2015'),
(611, 9, 155, 5, 'WELFARE', '200', 'January 2015'),
(610, 9, 155, 1, 'P.A.Y.E', '550', 'January 2015'),
(609, 9, 155, 4, 'NHIF', '320', 'January 2015'),
(608, 9, 155, 2, 'N.S.S.F', '200', 'January 2015'),
(607, 8, 154, 5, 'WELFARE', '200', 'January 2015'),
(606, 8, 154, 1, 'P.A.Y.E', '550', 'January 2015'),
(605, 8, 154, 4, 'NHIF', '320', 'January 2015'),
(604, 8, 154, 2, 'N.S.S.F', '200', 'January 2015'),
(603, 7, 153, 5, 'WELFARE', '200', 'January 2015'),
(602, 7, 153, 1, 'P.A.Y.E', '700', 'January 2015'),
(601, 7, 153, 4, 'NHIF', '320', 'January 2015'),
(600, 7, 153, 2, 'N.S.S.F', '200', 'January 2015'),
(599, 6, 152, 5, 'WELFARE', '200', 'January 2015'),
(598, 6, 152, 1, 'P.A.Y.E', '1000', 'January 2015'),
(597, 6, 152, 4, 'NHIF', '320', 'January 2015'),
(596, 6, 152, 2, 'N.S.S.F', '200', 'January 2015'),
(595, 5, 151, 5, 'WELFARE', '200', 'January 2015'),
(594, 5, 151, 1, 'P.A.Y.E', '38872', 'January 2015'),
(593, 5, 151, 4, 'NHIF', '320', 'January 2015'),
(592, 5, 151, 2, 'N.S.S.F', '200', 'January 2015'),
(591, 4, 150, 5, 'WELFARE', '200', 'January 2015'),
(590, 4, 150, 1, 'P.A.Y.E', '1000', 'January 2015'),
(589, 4, 150, 4, 'NHIF', '320', 'January 2015'),
(588, 4, 150, 2, 'N.S.S.F', '200', 'January 2015'),
(587, 3, 149, 5, 'WELFARE', '200', 'January 2015'),
(586, 3, 149, 1, 'P.A.Y.E', '23872', 'January 2015'),
(585, 3, 149, 4, 'NHIF', '320', 'January 2015'),
(584, 3, 149, 2, 'N.S.S.F', '200', 'January 2015'),
(696, 33, 177, 2, 'N.S.S.F', '200', 'January 2015'),
(697, 33, 177, 4, 'NHIF', '320', 'January 2015'),
(698, 33, 177, 1, 'P.A.Y.E', '0', 'January 2015'),
(699, 33, 177, 5, 'WELFARE', '200', 'January 2015'),
(700, 34, 178, 2, 'N.S.S.F', '200', 'January 2015'),
(701, 34, 178, 4, 'NHIF', '320', 'January 2015'),
(702, 34, 178, 1, 'P.A.Y.E', '8872', 'January 2015'),
(703, 34, 178, 5, 'WELFARE', '200', 'January 2015'),
(704, 35, 179, 2, 'N.S.S.F', '200', 'January 2015'),
(705, 35, 179, 4, 'NHIF', '320', 'January 2015'),
(706, 35, 179, 1, 'P.A.Y.E', '1303', 'January 2015'),
(707, 35, 179, 5, 'WELFARE', '200', 'January 2015'),
(708, 30, 175, 0, 'Days Not  worked', '3600', 'January 2015'),
(709, 15, 161, 0, 'Days Not  Worked', '1500', 'January 2015'),
(710, 26, 171, 0, 'Days Not  Worked', '3036', 'January 2015');

-- --------------------------------------------------------

--
-- Table structure for table `deduction_logs`
--

CREATE TABLE IF NOT EXISTS `deduction_logs` (
  `deduction_log_id` int(10) NOT NULL AUTO_INCREMENT,
  `deduction_log_name` varchar(100) NOT NULL,
  `default_deduction_amount` varchar(100) NOT NULL,
  `deduction_desc` varchar(100) NOT NULL,
  PRIMARY KEY (`deduction_log_id`)
) ENGINE=MyISAM  DEFAULT CHARSET=latin1 AUTO_INCREMENT=6 ;

--
-- Dumping data for table `deduction_logs`
--

INSERT INTO `deduction_logs` (`deduction_log_id`, `deduction_log_name`, `default_deduction_amount`, `deduction_desc`) VALUES
(1, 'P.A.Y.E', '0', ''),
(2, 'N.S.S.F', '200', ''),
(4, 'NHIF', '320', ''),
(5, 'WELFARE', '200', '');

-- --------------------------------------------------------

--
-- Table structure for table `discount_allowed_ledger`
--

CREATE TABLE IF NOT EXISTS `discount_allowed_ledger` (
  `transaction_id` int(10) NOT NULL AUTO_INCREMENT,
  `transactions` varchar(100) NOT NULL,
  `amount` varchar(100) NOT NULL,
  `debit` varchar(100) NOT NULL,
  `credit` varchar(100) NOT NULL,
  `currency_code` int(10) NOT NULL,
  `curr_rate` varchar(100) NOT NULL,
  `date_recorded` timestamp NOT NULL DEFAULT CURRENT_TIMESTAMP,
  `order_code` varchar(100) NOT NULL,
  PRIMARY KEY (`transaction_id`)
) ENGINE=MyISAM  DEFAULT CHARSET=latin1 AUTO_INCREMENT=83 ;

--
-- Dumping data for table `discount_allowed_ledger`
--

INSERT INTO `discount_allowed_ledger` (`transaction_id`, `transactions`, `amount`, `debit`, `credit`, `currency_code`, `curr_rate`, `date_recorded`, `order_code`) VALUES
(1, 'Labour Sales Inv No:53 To Long term view capital ltd', '0', '0', '', 6, '1', '2015-01-14 03:26:40', 'inv53'),
(2, 'Labour Sales Inv No:36 To Team Fergie Transporters Ltd', '0', '0', '', 6, '1', '2015-01-14 03:59:25', 'inv36'),
(3, 'Labour Sales Inv No:48 To Long term view capital ltd', '0', '0', '', 6, '1', '2015-01-14 04:00:50', 'inv48'),
(4, 'Labour Sales Inv No:26 To Joel Njuguna', '0', '0', '', 6, '1', '2015-01-14 04:04:09', 'inv26'),
(5, 'Labour Sales Inv No:35 To Team Fergie Transporters Ltd', '0', '0', '', 6, '1', '2015-01-14 04:05:22', 'inv35'),
(6, 'Labour Sales Inv No:59 To Long term view capital ltd', '0', '0', '', 6, '1', '2015-01-14 04:06:43', 'inv59'),
(7, 'Labour Sales Inv No:57 To Long term view capital ltd', '0', '0', '', 6, '1', '2015-01-14 04:17:23', 'inv57'),
(8, 'Labour Sales Inv No:77 To Patch Osodo', '0', '0', '', 6, '1', '2015-01-14 22:59:19', 'inv77'),
(9, 'Labour Sales Inv No:55 To Long term view capital ltd', '0', '0', '', 6, '1', '2015-01-15 02:21:14', 'inv55'),
(10, 'Labour Sales Inv No:56 To Long term view capital ltd', '0', '0', '', 6, '1', '2015-01-15 02:22:48', 'inv56'),
(11, 'Labour Sales Inv No:46 To Team Fergie Transporters Ltd', '0', '0', '', 6, '1', '2015-01-15 02:23:57', 'inv46'),
(12, 'Labour Sales Inv No:43 To Long term view capital ltd', '0', '0', '', 6, '1', '2015-01-15 02:24:32', 'inv43'),
(13, 'Labour Sales Inv No:45 To Long term view capital ltd', '0', '0', '', 6, '1', '2015-01-15 02:25:32', 'inv45'),
(14, 'Labour Sales Inv No:50 To Team Fergie Transporters Ltd', '0', '0', '', 6, '1', '2015-01-15 02:26:00', 'inv50'),
(15, 'Labour Sales Inv No:52 To Long term view capital ltd', '0', '0', '', 6, '1', '2015-01-15 02:26:50', 'inv52'),
(16, 'Labour Sales Inv No:79 To Joyce Nyanamba', '0', '0', '', 6, '1', '2015-01-15 02:26:54', 'inv79'),
(17, 'Labour Sales Inv No:44 To Long term view capital ltd', '0', '0', '', 6, '1', '2015-01-15 02:28:29', 'inv44'),
(18, 'Labour Sales Inv No:51 To Long term view capital ltd', '0', '0', '', 6, '1', '2015-01-15 02:29:34', 'inv51'),
(19, 'Labour Sales Inv No:94 To Bonface Kuria', '0', '0', '', 6, '1', '2015-01-19 21:37:36', 'inv94'),
(20, 'Labour Sales Inv No:88 To Alice Waweru', '0', '0', '', 6, '1', '2015-01-19 21:38:12', 'inv88'),
(21, 'Labour Sales Inv No:87 To Mr./Mrs', '0', '0', '', 6, '1', '2015-01-19 21:39:10', 'inv87'),
(22, 'Labour Sales Inv No:66 To Omwanza Ombati', '0', '0', '', 6, '1', '2015-01-19 21:42:04', 'inv66'),
(23, 'Labour Sales Inv No:42 To  Mr. Beutah Maroko', '0', '0', '', 6, '1', '2015-01-19 21:43:12', 'inv42'),
(24, 'Labour Sales Inv No:104 To Joseph Kirigi', '0', '0', '', 6, '1', '2015-01-22 00:18:37', 'inv104'),
(25, 'Labour Sales Inv No:71 To Team Fergie Transporters ', '0', '0', '', 6, '1', '2015-01-22 02:20:02', 'inv71'),
(26, 'Labour Sales Inv No:72 To Team Fergie Transporters ', '0', '0', '', 6, '1', '2015-01-22 02:21:16', 'inv72'),
(27, 'Labour Sales Inv No:73 To Team Fergie Transporters ', '0', '0', '', 6, '1', '2015-01-22 02:22:22', 'inv73'),
(28, 'Labour Sales Inv No:68 To Team Fergie Transporters ', '0', '0', '', 6, '1', '2015-01-22 02:23:22', 'inv68'),
(29, 'Labour Sales Inv No:60 To Team Fergie Transporters ', '0', '0', '', 6, '1', '2015-01-22 02:24:13', 'inv60'),
(30, 'Labour Sales Inv No:105 To Silas Ringera', '0', '0', '', 6, '1', '2015-01-22 02:51:28', 'inv105'),
(31, 'Labour Sales Inv No:65 To Team Fergie Transporters ', '0', '0', '', 6, '1', '2015-01-22 03:10:27', 'inv65'),
(32, 'Labour Sales Inv No:49 To Team Fergie Transporters  ', '0', '0', '', 6, '1', '2015-01-22 03:11:00', 'inv49'),
(33, 'Labour Sales Inv No:25 To Joel Njuguna', '0', '0', '', 6, '1', '2015-01-22 03:18:43', 'inv25'),
(34, 'Labour Sales Inv No:17 To Njuguna', '1291.776', '1291.776', '', 6, '1', '2015-01-22 03:29:26', 'inv17'),
(35, 'Labour Sales Inv No:106 To Francis Kambo', '0', '0', '', 6, '1', '2015-01-22 21:14:20', 'inv106'),
(36, 'Labour Sales Inv No:108 To Miss', '0', '0', '', 6, '1', '2015-01-23 00:34:40', 'inv108'),
(37, 'Labour Sales Inv No:20 To Team Fergie Transporters ', '0', '0', '', 6, '1', '2015-01-23 01:08:43', 'inv20'),
(38, 'Labour Sales Inv No:34 To Team Fergie Transporters ', '0', '0', '', 6, '1', '2015-01-23 01:09:13', 'inv34'),
(39, 'Labour Sales Inv No:23 To Team Fergie Transporters ', '0', '0', '', 6, '1', '2015-01-23 01:10:10', 'inv23'),
(40, 'Labour Sales Inv No:54 To Team Fergie Transporters ', '0', '0', '', 6, '1', '2015-01-23 01:10:45', 'inv54'),
(41, 'Labour Sales Inv No:61 To Team Fergie Transporters ', '0', '0', '', 6, '1', '2015-01-23 01:11:06', 'inv61'),
(42, 'Labour Sales Inv No:38 To Team Fergie Transporters ', '0', '0', '', 6, '1', '2015-01-23 01:11:31', 'inv38'),
(43, 'Labour Sales Inv No:58 To Team Fergie Transporters ', '0', '0', '', 6, '1', '2015-01-23 01:11:59', 'inv58'),
(44, 'Labour Sales Inv No:93 To Team Fergie Transporters ', '0', '0', '', 6, '1', '2015-01-23 01:13:44', 'inv93'),
(45, 'Labour Sales Inv No:82 To Team Fergie Transporters ', '0', '0', '', 6, '1', '2015-01-23 01:14:40', 'inv82'),
(46, 'Labour Sales Inv No:102 To Team Fergie Transporters ', '0', '0', '', 6, '1', '2015-01-23 01:15:47', 'inv102'),
(47, 'Labour Sales Inv No:100 To Team Fergie Transporters ', '0', '0', '', 6, '1', '2015-01-23 01:16:21', 'inv100'),
(48, 'Labour Sales Inv No:97 To Team Fergie Transporters ', '0', '0', '', 6, '1', '2015-01-23 01:17:18', 'inv97'),
(49, 'Labour Sales Inv No:96 To Team Fergie Transporters ', '0', '0', '', 6, '1', '2015-01-23 01:17:36', 'inv96'),
(50, 'Labour Sales Inv No:95 To Team Fergie Transporters ', '0', '0', '', 6, '1', '2015-01-23 01:18:02', 'inv95'),
(51, 'Labour Sales Inv No:70 To Team Fergie Transporters ', '0', '0', '', 6, '1', '2015-01-23 01:25:15', 'inv70'),
(52, 'Labour Sales Inv No:69 To Team Fergie Transporters ', '0', '0', '', 6, '1', '2015-01-23 01:27:24', 'inv69'),
(53, 'Labour Sales Inv No:29 To Team Fergie Transporters ', '0', '0', '', 6, '1', '2015-01-23 01:28:26', 'inv29'),
(54, 'Labour Sales Inv No:22 To Team Fergie Transporters ', '0', '0', '', 6, '1', '2015-01-23 01:28:44', 'inv22'),
(55, 'Labour Sales Inv No:21 To Team Fergie Transporters ', '0', '0', '', 6, '1', '2015-01-23 01:29:03', 'inv21'),
(56, 'Labour Sales Inv No:19 To Team Fergie Transporters ', '0', '0', '', 6, '1', '2015-01-23 01:29:21', 'inv19'),
(57, 'Labour Sales Inv No:12 To Team Fergie Transporters ', '0', '0', '', 6, '1', '2015-01-23 01:29:39', 'inv12'),
(58, 'Labour Sales Inv No:11 To Team Fergie Transporters ', '0', '0', '', 6, '1', '2015-01-23 01:33:13', 'inv11'),
(59, 'Labour Sales Inv No:10 To Team Fergie Transporters ', '0', '0', '', 6, '1', '2015-01-23 01:33:31', 'inv10'),
(60, 'Labour Sales Inv No:64 To Engen petrol station', '0', '0', '', 6, '1', '2015-01-23 01:55:11', 'inv64'),
(61, 'Labour Sales Inv No:86 To Murimi', '0', '0', '', 6, '1', '2015-01-23 02:02:09', 'inv86'),
(62, 'Labour Sales Inv No:107 To Moses Okumu', '0', '0', '', 6, '1', '2015-01-23 03:34:53', 'inv107'),
(63, 'Labour Sales Inv No:109 To Mr./Mrs Others', '14.450693', '14.450693', '', 6, '1', '2015-01-23 03:35:10', 'inv109'),
(64, 'Labour Sales Inv No:111 To Joseph Tororei', '0', '0', '', 6, '1', '2015-01-23 19:38:10', 'inv111'),
(65, 'Labour Sales Inv No:110 To MR.Benz', '12.41195', '12.41195', '', 6, '1', '2015-01-23 19:38:23', 'inv110'),
(66, 'Labour Sales Inv No:112 To Cunningham Mwathi ', '0', '0', '', 6, '1', '2015-01-23 21:31:39', 'inv112'),
(67, 'Labour Sales Inv No:117 To Njuguna ', '0', '0', '', 6, '1', '2015-01-23 23:17:55', 'inv117'),
(68, 'Labour Sales Inv No:116 To Team Fergie Transporters ', '0', '0', '', 6, '1', '2015-01-23 23:18:11', 'inv116'),
(69, 'Labour Sales Inv No:115 To Team Fergie Transporters ', '0', '0', '', 6, '1', '2015-01-23 23:19:36', 'inv115'),
(70, 'Labour Sales Inv No:114 To Team Fergie Transporters ', '0', '0', '', 6, '1', '2015-01-23 23:19:54', 'inv114'),
(71, 'Labour Sales Inv No:118 To Joyce Nyanamba ', '0', '0', '', 6, '1', '2015-01-24 02:42:17', 'inv118'),
(72, 'Labour Sales Inv No:119 To Mr.', '0', '0', '', 6, '1', '2015-01-24 22:00:32', 'inv119'),
(73, 'Labour Sales Inv No:120 To Mrs.I', '0', '0', '', 6, '1', '2015-01-24 23:24:07', 'inv120'),
(74, 'Labour Sales Inv No:121 To Snowball Sacco', '0', '0', '', 6, '1', '2015-01-24 23:28:18', 'inv121'),
(75, 'Labour Sales Inv No:92 To Dennis Mate', '0', '0', '', 6, '1', '2015-01-28 02:36:43', 'inv92'),
(76, 'Labour Sales Inv No:123 To Njuguna ', '504.99951', '504.99951', '', 6, '1', '2015-01-28 02:42:36', 'inv123'),
(77, 'Labour Sales Inv No:133 To Francis Kambo', '0', '0', '', 6, '1', '2015-01-28 21:12:33', 'inv133'),
(78, 'Labour Sales Inv No:136 To Mustapha Musa ', '0', '0', '', 6, '1', '2015-01-29 04:01:47', 'inv136'),
(79, 'Labour Sales Inv No:131 To Philip Baptiste', '667.675', '667.675', '', 6, '1', '2015-01-30 15:21:53', 'inv131'),
(80, 'Cancelation of Sales Inv No:116 of client Team Fergie Transporters  ', '-0', '', '0', 6, '1', '2015-01-30 23:15:38', 'cai116'),
(81, 'Labour Sales Inv No:141 To Anna Waithera ', '0', '0', '', 6, '1', '2015-02-05 06:25:27', 'inv141'),
(82, 'Labour Sales Inv No:142 To  Mr. Beutah Maroko ', '70.702', '70.702', '', 6, '1', '2015-02-05 06:34:16', 'inv142');

-- --------------------------------------------------------

--
-- Table structure for table `dividends`
--

CREATE TABLE IF NOT EXISTS `dividends` (
  `dividend_id` int(10) NOT NULL AUTO_INCREMENT,
  `shares_id` int(10) NOT NULL,
  `financial_year_id` int(10) NOT NULL,
  `dividend_amount` varchar(100) COLLATE latin1_general_ci NOT NULL,
  `date_recorded` timestamp NOT NULL DEFAULT CURRENT_TIMESTAMP ON UPDATE CURRENT_TIMESTAMP,
  PRIMARY KEY (`dividend_id`)
) ENGINE=MyISAM DEFAULT CHARSET=latin1 COLLATE=latin1_general_ci AUTO_INCREMENT=1 ;

--
-- Dumping data for table `dividends`
--


-- --------------------------------------------------------

--
-- Table structure for table `doubtful_debts`
--

CREATE TABLE IF NOT EXISTS `doubtful_debts` (
  `doubtful_debt_id` int(10) NOT NULL AUTO_INCREMENT,
  `sales_code` int(10) NOT NULL,
  `client_id` int(10) NOT NULL,
  `amount` varchar(100) NOT NULL,
  `reason` varchar(250) NOT NULL,
  `currency_code` varchar(100) NOT NULL,
  `curr_rate` varchar(100) NOT NULL,
  `date_received` timestamp NOT NULL DEFAULT CURRENT_TIMESTAMP ON UPDATE CURRENT_TIMESTAMP,
  `status` int(1) NOT NULL,
  PRIMARY KEY (`doubtful_debt_id`)
) ENGINE=MyISAM DEFAULT CHARSET=latin1 AUTO_INCREMENT=1 ;

--
-- Dumping data for table `doubtful_debts`
--


-- --------------------------------------------------------

--
-- Table structure for table `doubtful_debts_ledger`
--

CREATE TABLE IF NOT EXISTS `doubtful_debts_ledger` (
  `transaction_id` int(10) NOT NULL AUTO_INCREMENT,
  `transactions` varchar(100) NOT NULL,
  `amount` varchar(100) NOT NULL,
  `debit` varchar(100) NOT NULL,
  `credit` varchar(100) NOT NULL,
  `currency_code` int(10) NOT NULL,
  `curr_rate` varchar(100) NOT NULL,
  `date_recorded` timestamp NOT NULL DEFAULT CURRENT_TIMESTAMP ON UPDATE CURRENT_TIMESTAMP,
  PRIMARY KEY (`transaction_id`)
) ENGINE=MyISAM DEFAULT CHARSET=latin1 AUTO_INCREMENT=1 ;

--
-- Dumping data for table `doubtful_debts_ledger`
--


-- --------------------------------------------------------

--
-- Table structure for table `employees`
--

CREATE TABLE IF NOT EXISTS `employees` (
  `emp_id` int(10) NOT NULL AUTO_INCREMENT,
  `employee_no` varchar(100) NOT NULL,
  `national_id` varchar(100) CHARACTER SET latin1 COLLATE latin1_general_ci NOT NULL,
  `emp_firstname` varchar(100) CHARACTER SET latin1 COLLATE latin1_general_ci NOT NULL,
  `emp_middle_name` varchar(100) CHARACTER SET latin1 COLLATE latin1_general_ci NOT NULL,
  `emp_lastname` varchar(100) NOT NULL,
  `emp_phone` varchar(100) NOT NULL,
  `emp_email` varchar(100) NOT NULL,
  `pin_no` varchar(100) CHARACTER SET latin1 COLLATE latin1_general_ci NOT NULL,
  `town` varchar(100) NOT NULL,
  `marital_status` varchar(20) CHARACTER SET latin1 COLLATE latin1_general_ci NOT NULL,
  `nationality` varchar(100) CHARACTER SET latin1 COLLATE latin1_general_ci NOT NULL,
  `dob` date NOT NULL,
  `gender` varchar(100) CHARACTER SET latin1 COLLATE latin1_general_ci NOT NULL,
  `nhif_no` varchar(100) CHARACTER SET latin1 COLLATE latin1_general_ci NOT NULL,
  `nssf_no` varchar(100) CHARACTER SET latin1 COLLATE latin1_general_ci NOT NULL,
  `job_title_id` varchar(50) CHARACTER SET latin1 COLLATE latin1_general_ci NOT NULL,
  `job_email` varchar(100) NOT NULL,
  `kin` varchar(100) NOT NULL,
  `kin_phone` varchar(100) NOT NULL,
  `emp_status` varchar(50) CHARACTER SET latin1 COLLATE latin1_general_ci DEFAULT NULL,
  `department` varchar(100) CHARACTER SET latin1 COLLATE latin1_general_ci DEFAULT NULL,
  `joined_date` date DEFAULT NULL,
  `bank_name` varchar(100) NOT NULL,
  `bank_branch` varchar(100) NOT NULL,
  `bank_account_name` varchar(100) NOT NULL,
  `bank_account_number` varchar(100) NOT NULL,
  `status` int(10) NOT NULL,
  `basic_sal` varchar(100) NOT NULL,
  PRIMARY KEY (`emp_id`),
  KEY `nation_code` (`pin_no`),
  KEY `job_title_code` (`nhif_no`),
  KEY `emp_status` (`gender`)
) ENGINE=MyISAM  DEFAULT CHARSET=latin1 AUTO_INCREMENT=36 ;

--
-- Dumping data for table `employees`
--

INSERT INTO `employees` (`emp_id`, `employee_no`, `national_id`, `emp_firstname`, `emp_middle_name`, `emp_lastname`, `emp_phone`, `emp_email`, `pin_no`, `town`, `marital_status`, `nationality`, `dob`, `gender`, `nhif_no`, `nssf_no`, `job_title_id`, `job_email`, `kin`, `kin_phone`, `emp_status`, `department`, `joined_date`, `bank_name`, `bank_branch`, `bank_account_name`, `bank_account_number`, `status`, `basic_sal`) VALUES
(3, 'Admin001', '  20797000       ', 'Momanyi       ', '  M.       ', '  Kinara       ', '0722398503       ', 'momanyikinara@hotmail.com', '  A003168359z       ', '  Nairobi       ', 'Married', '  Kenyan       ', '2015-01-15', 'Male', '1191635', '  054883938       ', '  General Manager       ', 'momanyi.kinara@ltvcapital.co.ke', 'Anne Nyambeki(Spouse)', '0721300038', 'Seasonal Contract', '6', '2014-09-01', 'Family Bank', 'Ongata Rongai', 'Momanyi Kinara', '066000064617', 0, '100000'),
(4, 'Ltvc002', '28265357  ', ' Daniel  ', ' Ndungu  ', ' Kamau  ', ' 0723736114  ', 'kamundaniel@gmail.com', ' A007287504T  ', 'Nairobi  ', 'Single', ' Kenyan  ', '1991-07-25', 'Male', '4495266', ' 2000339892  ', ' Forecourt Supervisor  ', '', 'Francis Kamau(parent)', '0723823133', 'Seasonal Contract', '5', '2014-11-15', 'Family Bank', 'Ongata Rongai', 'Daniel kamau', '066000064767', 0, '18000'),
(5, 'Mag001', ' 0375105 ', 'Juma ', ' Yusuf ', ' Kimotho ', ' 0711328141 ', 'jkimotho25@gmail.com', ' A001207397A ', 'Nairobi ', '0', 'Kenyan ', '1962-01-22', 'Male', '0896634', ' 056652/933 ', ' Service Manager ', '', 'Halima Mumbi Juma', '0722285788', 'Seasonal Contract', '3', '2014-10-01', 'Family Bank', 'Dagoretti', 'Juma Yusuf Kimotho', '021000010079', 0, '150000'),
(6, 'Ltvc003 ', ' 28463705   ', ' Loureen    ', ' Wakonyo   ', ' Gitagia   ', ' 0702524582   ', 'lynegeez@yahoo.com', ' A008173009E   ', 'Nairobi   ', 'Single', 'Kenyan   ', '1991-09-28', 'Female', 'R5099294', ' 200461657X   ', ' Convenient Store Supervisor   ', '', 'Peter Gitagia(Parent)', '0722503466', 'Seasonal Contract', '7', '2014-11-15', 'Family Bank', 'Kikuyu', 'Loureen  Wakonyo Gitagia', '102000017381', 0, '18000'),
(7, 'Ltvc004', ' 28029717 ', ' Edwin ', ' Kipkorir ', ' Koech ', ' 0723830368 ', 'edwinkoechkipkorir@gmail.com', ' A005489357M ', ' Kericho ', 'Married', ' Kenyan ', '1990-01-17', 'Male', '4461963', ' 200036468X ', ' Back Office Assistant ', '', 'Carren Chepwogen Koech(Spouse)', '0723497589', 'Seasonal Contract', '7', '2014-11-15', 'Family Bank', 'Ongata Rongai', 'Edwin Koech', '066000064640', 0, '16000'),
(8, 'Ltvc007', ' 25340102 ', ' Stella ', ' Mueni ', ' Kisilu ', ' 0739172971 ', '', ' A008238246Y ', ' Ikalaasa ', 'Single', 'Kenyan ', '1986-09-21', 'Female', '4101219', ' 558232825 ', ' Forecourt Pump Attendant ', '', 'Patricia Wayua(Mother)', '0710565659', 'Seasonal Contract', '5', '2014-11-15', 'Family Bank', 'Tom Mboya', 'Stella Mueni Kisilu', '058000020973', 0, '15000'),
(9, 'ltvc013', ' 22469848      ', ' Night      ', ' Musanga      ', ' Busumu      ', ' 0713591380      ', '', ' A005617293K      ', 'Nairobi      ', 'Married', ' Kenyan      ', '1978-09-29', 'Female', 'R1404045', ' 691613818      ', 'Forecourt Pump Attendant      ', '', 'Lilian Busumu(Sister)', '0721645281', 'Seasonal Contract', '5', '2014-11-29', 'Family Bank', 'KTDA PLAZA', 'Night Busumu', '038000031704', 0, '15000'),
(10, 'Ltvc006 ', ' 25335522  ', ' Josephat  ', ' Moseti  ', ' Otebo  ', ' 0720474836  ', '', '   A0080580441P', 'Nairobi  ', 'Married', 'Kenyan  ', '1988-12-20', 'Male', '2474062', ' 176485910  ', 'Forecourt Pump Attendant  ', '', 'Ruth Monchari Arumba', '0723271247', 'Seasonal Contract', '5', '2014-11-15', 'Family Bank', 'Fourways', 'Josephat Moseti Otebo', '035000010071', 0, '15000'),
(11, 'Ltvc014', ' 8511569  ', ' Robert  ', ' Ainea  ', ' Mageka  ', ' 0720019934  ', 'aineamageka@yahoo.com', ' A009342547S  ', 'Nairobi  ', 'Single', 'Kenyan  ', '0000-00-00', 'Male', '4320201', ' 186224931  ', 'Forecourt Pump Attendant  ', '', 'Elizabeth Sabiri Jomo(sister)', '0715598219', 'Seasonal Contract', '5', '2014-11-25', 'Family Bank', 'Ongata Rongai', 'Robert Ainea Mageka', '066000064840', 0, '15000'),
(12, 'Ltvc016', ' 24780754  ', ' Viram  ', ' Otieno  ', ' Odoyo  ', ' 0712375503  ', 'viramoo@yahoo.com', ' A007843565I  ', 'Nairobi  ', 'Single', 'Kenyan  ', '2014-12-02', 'Male', '5252832', '20081537   ', 'Forecourt Pump Attendant  ', '', 'Cassina H. Odoyo(Brother)', '', 'Seasonal Contract', '5', '1985-09-29', 'Family Bank', 'Tom Mboya', 'Viram Otieno', '058000020973', 0, '15000'),
(13, 'Admin002', ' 24445777  ', ' Joseph  ', ' G  ', ' Macharia  ', ' 0707324671  ', 'gmacharia@live.com', 'A004438821V  ', 'Nairobi  ', 'Married', ' Kenyan  ', '0000-00-00', 'Male', '5087329', '   ', ' Chief Accountant  ', '', 'Mary W. Mugo(Spouse)', '0724762009', 'Seasonal Contract', '6', '2014-10-01', 'Family Bank', 'Thika Branch', 'Joseph G. Macharia', '005000048528', 0, '50000'),
(14, 'Admin003', ' 24468006   ', ' Lazarus   ', ' Ngotho   ', 'Kisilu   ', ' 0722154270   ', 'lazkisilu@gmail.com', ' A0092118194G   ', 'Nairobi   ', 'Single', 'Kenyan   ', '0000-00-00', 'Male', '2854647', ' 16411291X   ', 'Stores Manager  ', '', 'Fransisca Kisilu(Mother)', '0712914189', 'Seasonal Contract', '6', '2015-01-01', 'Family Bank', 'KTDA PLAZA', 'Lazurus Kisilu', '038000031965', 0, '35000'),
(15, 'Ltvc0018', ' 31775907   ', ' Dickson   ', ' Omato   ', ' Omwenga   ', ' 0717202687   ', 'omatodicjie@gmail.com', 'A008310099T   ', 'Nairobi   ', 'Single', 'Kenyan   ', '0000-00-00', 'Male', '5294967', ' 2005730031   ', 'Forecourt Pump Attendant   ', '', 'Damaris Omwenga(Sister)', '0726885516', 'Seasonal Contract', '5', '2015-01-05', 'Family Bank', 'Ongata Rongai', 'Dickson Omato Omwenga', '066000065057', 0, '15000'),
(16, 'ltvc012', ' 25177901   ', ' Risper   ', ' Kemunto   ', ' Ondimu   ', ' 0710296459   ', 'kemunto r@yahoo.com', '    ', 'Nairobi   ', 'Married', 'Kenyan  ', '0000-00-00', 'Female', '4661835', ' 2001707296   ', ' Shop Assistant   ', '', 'Talmon Omwoyo(Husband)', '0724651226', 'Seasonal Contract', '7', '2013-11-21', 'Family Bank', 'Ongata Rongai', 'Risper Kemunto Ondimu', '014000034676', 0, '16000'),
(17, 'Ltvc001', ' 27511693 ', ' Damaris ', ' Nyawira ', ' Kibungi ', ' 0721275466 ', 'lisdams@yahoo.com', ' A008149036S ', 'Nairobi ', 'Single', 'Kenyan ', '0000-00-00', 'Female', '', ' 207520828 ', ' Station Manager ', '', 'Joshua Kibungi(Brother)', '0725734870', 'Seasonal Contract', '5', '2013-10-01', 'Family Bank', 'kenyatta Avenue', 'Damaris Kibungi', '035000030323', 0, '35000'),
(18, 'Mag002', ' 28529234   ', ' Martha   ', ' Nyambura   ', ' Njenga   ', ' 0712116927   ', 'marthanjenga.mn@gmail.com', ' A006929700E   ', ' Kikuyu   ', 'Single', 'Kenyan   ', '0000-00-00', 'Female', '4796921', '20081537   ', ' Service Advisor   ', '', 'Leah Gathoni(Mother)', '0714027974', 'Seasonal Contract', '3', '2014-12-01', 'Family Bank', 'Kikuyu', 'Martha Njenga', '102000016999', 0, '32000'),
(19, 'Ltvc010', ' 24971276   ', ' Kristin   ', ' Beth Wanjiru   ', ' Kimani   ', ' 0723745516   ', 'kimanikristin55@gmail.com', ' A006077118M   ', 'Nairobi   ', 'Single', 'Kenyan   ', '0000-00-00', 'Female', '24971276', ' 565924826   ', 'Shop Assistant   ', '', 'Grace Kageni', '', 'Seasonal Contract', '7', '2014-11-21', 'Family Bank', 'Ongata Rongai', 'Kristin Kimani', '066000064847', 0, '16000'),
(20, 'TFT001', ' 21590999  ', ' Fredrick   ', ' Gwaro  ', ' Tirimba  ', ' 0724270403  ', 'wilfredgwaro95@gmail.com', '  A0012987399B ', 'Nairobi  ', 'Married', 'Kenyan  ', '0000-00-00', 'Male', '', '   ', ' Transport Manager  ', '', 'Jackline Kemunto(wife)', '0713047364', 'Seasonal Contract', '8', '2013-05-01', 'Family Bank', 'Ongata Rongai', 'Fredrick Tirimba', '066000064616', 0, '27000'),
(21, 'Ltvc011', ' 27887590   ', ' Harriet   ', 'Wairimu    ', ' Gitau   ', ' 0727475363   ', 'harrietgitau@gmail.com', ' A0067444797R   ', 'Nairobi   ', 'Single', 'Kenyan   ', '1990-05-24', 'Female', '4010733', ' 465761828   ', 'Shop Assistant   ', '', 'Purity Wangari(mother)', '0722670796', 'Seasonal Contract', '7', '2014-11-21', 'Family Bank', 'Ongata Rongai', 'Harriet Gitau', '066000064848', 0, '16000'),
(23, 'ltvc009', '25796558   ', ' Esther   ', 'Wambui   ', 'Ndegwa   ', '0715439038   ', 'ndegwaw.esther@gmail.com', 'A007136215E   ', 'Nairobi   ', 'Single', 'Kenyan   ', '1987-04-29', 'Female', 'R 5240777', '518665828   ', 'Forecourt Pump Attendant   ', '', 'Jane Wanjiru Kinuthia(Mother)', '0722326263', 'Seasonal Contract', '5', '2014-12-18', 'Family Bank', 'Ongata Rongai', 'Esther Wambui Ndegwa', '066000065003', 0, '15000'),
(24, 'Ltvc015', ' 27142627   ', ' Cyrus   ', ' Chomba   ', ' Maina   ', ' 0723083959   ', 'chombamaina@gmail.com', ' A005482136N   ', 'Nairobi   ', 'Single', 'Kenyan   ', '1989-01-30', 'Male', '', '    ', 'Forecourt Pump Attendant   ', '', 'Ida maina(sister)', '0720030665', 'Seasonal Contract', '5', '2014-12-02', 'Family Bank', 'Ongata Rongai', 'Cyrus Chomba Maina', '066000064982', 0, '15000'),
(25, 'ltvc017', ' 31951424  ', ' Samuel  ', ' Munga  ', ' Kungu  ', ' 0716063584  ', '', '  A008258154B ', ' loitokitok  ', 'Single', 'Kenyan ', '1993-07-07', 'Male', '', '   ', 'Forecourt Pump Attendant ', '', 'Joseph Kungu(Father)', '0722624646', 'Seasonal Contract', '5', '2014-12-08', 'Family Bank', 'Ongata Rongai', 'Samuel Kungu', '066000064929', 0, '15000'),
(26, 'ltvc020', ' 30121791 ', ' Samuel ', '  ', ' Kimweli ', ' 0721697049 ', 'kimwelisamuel@gmail.com', ' A009296912V ', 'Nairobi ', 'Single', 'Kenyan ', '1991-03-23', 'Male', '', ' 2005753662 ', 'Shop Assistant/Merchandizer ', '', '', '', 'Seasonal Contract', '7', '2015-01-07', 'Family Bank', 'Ongata Rongai', 'Samuel Kimweli', '066000065071', 0, '15181'),
(27, 'Mag004', ' 28023798 ', ' Gabriel ', ' Kinyanjui ', ' Kihara ', ' 0723953763 ', 'gabrielkinyanjui@gmail', ' A00829562f ', 'Nairobi ', 'Married', 'Kenyan ', '1988-07-10', 'Male', '', ' 2003256353 ', ' Technician/Electrician ', '', 'Esther Wachuka(Spouse)', '0711449193', 'Seasonal Contract', '3', '2014-12-20', 'Family Bank', 'Dagoretti', 'Gabriel Kinyanjui', '021000000347', 0, '30000'),
(28, 'Mag003', ' 24310010 ', ' Stanley ', ' Njoroge ', ' Ndungu ', ' 0708302642 ', 'njorogestanly@gmail.com', ' A007105403I ', ' Kenol ', 'Married', 'Kenyan ', '1985-08-01', 'Male', '2807903', ' 2004683222 ', ' Technician ', '', 'Tabitha Njeri(Wife)', '0717264498', 'Seasonal Contract', '3', '2014-12-20', 'Family Bank', 'Kasarani', 'Stanley Njoroge', '017000003911', 0, '15181'),
(29, 'Mag005', ' 22118757 ', ' Joseph ', ' Mugo ', 'Kinyua  ', ' 0721668480 ', 'josephkinyua638@gmail.com', ' A003818437G ', ' Kianyaga ', 'Married', 'Kenyan ', '1980-03-02', 'Male', '5244163', ' 704232928 ', 'Technician ', '', 'Eunice Muriuki(Wife)', '0721648489', 'Seasonal Contract', '3', '2014-12-20', 'Family Bank', 'Kayole', 'Joseph Mugo Kinyua', '061000024793', 0, '27000');

-- --------------------------------------------------------

--
-- Table structure for table `engine_range`
--

CREATE TABLE IF NOT EXISTS `engine_range` (
  `engine_range_id` int(11) NOT NULL AUTO_INCREMENT,
  `min_capacity` varchar(10) NOT NULL,
  `max_capacity` varchar(10) NOT NULL,
  `status` int(11) NOT NULL,
  PRIMARY KEY (`engine_range_id`)
) ENGINE=InnoDB  DEFAULT CHARSET=latin1 AUTO_INCREMENT=5 ;

--
-- Dumping data for table `engine_range`
--

INSERT INTO `engine_range` (`engine_range_id`, `min_capacity`, `max_capacity`, `status`) VALUES
(1, '1000', '1990', 0),
(2, '2000', '2999', 0),
(3, '3000', '4000', 0),
(4, '70000', '9000', 0);

-- --------------------------------------------------------

--
-- Table structure for table `estimates`
--

CREATE TABLE IF NOT EXISTS `estimates` (
  `estimates_id` int(11) NOT NULL AUTO_INCREMENT,
  `booking_id` int(11) NOT NULL,
  `item_id` int(11) NOT NULL,
  `quantity` varchar(100) DEFAULT NULL,
  `curr_sp` varchar(100) DEFAULT NULL,
  `discout` varchar(100) NOT NULL,
  `discount_value` varchar(100) NOT NULL,
  `vat` varchar(100) NOT NULL,
  `vat_value` varchar(100) NOT NULL,
  `user_id` int(100) NOT NULL,
  `estimates_date` date NOT NULL,
  `status` int(11) NOT NULL,
  `job_card_status` int(11) NOT NULL,
  `inventory_status` int(11) NOT NULL,
  PRIMARY KEY (`estimates_id`)
) ENGINE=InnoDB DEFAULT CHARSET=latin1 AUTO_INCREMENT=1 ;

--
-- Dumping data for table `estimates`
--


-- --------------------------------------------------------

--
-- Table structure for table `exchange_rate_loss_ledger`
--

CREATE TABLE IF NOT EXISTS `exchange_rate_loss_ledger` (
  `transaction_id` int(10) NOT NULL AUTO_INCREMENT,
  `transactions` varchar(100) NOT NULL,
  `amount` varchar(100) NOT NULL,
  `debit` varchar(100) NOT NULL,
  `credit` varchar(100) NOT NULL,
  `currency_code` int(10) NOT NULL,
  `curr_rate` varchar(100) NOT NULL,
  `date_recorded` timestamp NOT NULL DEFAULT CURRENT_TIMESTAMP ON UPDATE CURRENT_TIMESTAMP,
  PRIMARY KEY (`transaction_id`)
) ENGINE=MyISAM DEFAULT CHARSET=latin1 AUTO_INCREMENT=1 ;

--
-- Dumping data for table `exchange_rate_loss_ledger`
--


-- --------------------------------------------------------

--
-- Table structure for table `exchange_rate_variation_ledger`
--

CREATE TABLE IF NOT EXISTS `exchange_rate_variation_ledger` (
  `transaction_id` int(10) NOT NULL AUTO_INCREMENT,
  `transactions` varchar(100) NOT NULL,
  `amount` varchar(100) NOT NULL,
  `debit` varchar(100) NOT NULL,
  `credit` varchar(100) NOT NULL,
  `currency_code` int(10) NOT NULL,
  `curr_rate` varchar(100) NOT NULL,
  `date_recorded` timestamp NOT NULL DEFAULT CURRENT_TIMESTAMP ON UPDATE CURRENT_TIMESTAMP,
  PRIMARY KEY (`transaction_id`)
) ENGINE=MyISAM DEFAULT CHARSET=latin1 AUTO_INCREMENT=1 ;

--
-- Dumping data for table `exchange_rate_variation_ledger`
--


-- --------------------------------------------------------

--
-- Table structure for table `exited_shareholder`
--

CREATE TABLE IF NOT EXISTS `exited_shareholder` (
  `exited_shareholder_id` int(10) NOT NULL AUTO_INCREMENT,
  `shares_id` varchar(100) COLLATE latin1_general_ci NOT NULL,
  `reason` varchar(100) COLLATE latin1_general_ci NOT NULL,
  `status` int(1) NOT NULL DEFAULT '0',
  PRIMARY KEY (`exited_shareholder_id`)
) ENGINE=MyISAM DEFAULT CHARSET=latin1 COLLATE=latin1_general_ci AUTO_INCREMENT=1 ;

--
-- Dumping data for table `exited_shareholder`
--


-- --------------------------------------------------------

--
-- Table structure for table `exited_shares`
--

CREATE TABLE IF NOT EXISTS `exited_shares` (
  `exited_shares_id` int(10) NOT NULL AUTO_INCREMENT,
  `exiting_sharesholder_id` int(10) NOT NULL,
  `ben_shareholder_id` int(11) NOT NULL,
  `exit_mode` int(1) NOT NULL,
  `net_exiting_shares` varchar(100) COLLATE latin1_general_ci NOT NULL,
  `shares_transfered` varchar(100) COLLATE latin1_general_ci NOT NULL,
  `shares_withdrawn` varchar(100) COLLATE latin1_general_ci NOT NULL,
  `date_recorded` timestamp NOT NULL DEFAULT CURRENT_TIMESTAMP,
  `reason` varchar(100) COLLATE latin1_general_ci NOT NULL,
  `status` int(1) NOT NULL DEFAULT '0',
  PRIMARY KEY (`exited_shares_id`)
) ENGINE=MyISAM DEFAULT CHARSET=latin1 COLLATE=latin1_general_ci AUTO_INCREMENT=1 ;

--
-- Dumping data for table `exited_shares`
--


-- --------------------------------------------------------

--
-- Table structure for table `expenses`
--

CREATE TABLE IF NOT EXISTS `expenses` (
  `expenses_id` int(10) NOT NULL AUTO_INCREMENT,
  `receipt_no` varchar(100) NOT NULL,
  `amount_received` varchar(100) NOT NULL,
  `decription` longtext NOT NULL,
  `currency_code` varchar(100) NOT NULL,
  `curr_rate` varchar(100) NOT NULL,
  `mop` varchar(11) NOT NULL,
  `ref_no` varchar(100) NOT NULL,
  `date_paid` date NOT NULL,
  `client_bank` varchar(100) NOT NULL,
  `our_bank` int(11) NOT NULL,
  `date_received` timestamp NOT NULL DEFAULT CURRENT_TIMESTAMP,
  `status` int(1) NOT NULL,
  PRIMARY KEY (`expenses_id`)
) ENGINE=MyISAM  DEFAULT CHARSET=latin1 AUTO_INCREMENT=4 ;

--
-- Dumping data for table `expenses`
--

INSERT INTO `expenses` (`expenses_id`, `receipt_no`, `amount_received`, `decription`, `currency_code`, `curr_rate`, `mop`, `ref_no`, `date_paid`, `client_bank`, `our_bank`, `date_received`, `status`) VALUES
(1, 'MGEXP0001/2015', '166.60', 'Diesel pymt to  Engen', '6', '1', '2', '1', '2015-01-30', 'Paramount Bank', 0, '2015-01-30 01:35:09', 0),
(2, 'MGEXP0002/2015', '204', 'Petrol pymnt to Engen', '6', '1', '2', '1', '2015-01-29', 'Paramount Bank', 0, '2015-01-30 01:45:07', 0),
(3, 'MGEXP0003/2015', '500', 'Stationery(Binding Co. Profiles)', '6', '1', '1', '276', '2015-01-27', '', 0, '2015-01-30 01:58:48', 0);

-- --------------------------------------------------------

--
-- Table structure for table `expenses_receipts`
--

CREATE TABLE IF NOT EXISTS `expenses_receipts` (
  `expenses_receipts_id` int(10) NOT NULL AUTO_INCREMENT,
  `receipt_no` varchar(100) NOT NULL,
  `amnt_rec` varchar(100) NOT NULL,
  `currency_code` varchar(100) NOT NULL,
  `curr_rate` varchar(100) NOT NULL,
  `mop` varchar(100) NOT NULL,
  `cheque_no` varchar(100) NOT NULL,
  `description` varchar(100) NOT NULL,
  `user_id` int(10) NOT NULL,
  `date_generated` timestamp NOT NULL DEFAULT CURRENT_TIMESTAMP ON UPDATE CURRENT_TIMESTAMP,
  `status` int(1) NOT NULL,
  PRIMARY KEY (`expenses_receipts_id`)
) ENGINE=MyISAM DEFAULT CHARSET=latin1 AUTO_INCREMENT=1 ;

--
-- Dumping data for table `expenses_receipts`
--


-- --------------------------------------------------------

--
-- Table structure for table `expired_stock`
--

CREATE TABLE IF NOT EXISTS `expired_stock` (
  `expired_stock_id` int(10) NOT NULL AUTO_INCREMENT,
  `product_id` int(10) NOT NULL,
  `purchase_order_id` int(10) NOT NULL,
  `supplier_id` int(10) NOT NULL,
  `quantity` varchar(100) NOT NULL,
  `date_recorded` timestamp NOT NULL DEFAULT CURRENT_TIMESTAMP ON UPDATE CURRENT_TIMESTAMP,
  PRIMARY KEY (`expired_stock_id`)
) ENGINE=MyISAM DEFAULT CHARSET=latin1 AUTO_INCREMENT=1 ;

--
-- Dumping data for table `expired_stock`
--


-- --------------------------------------------------------

--
-- Table structure for table `financial_year`
--

CREATE TABLE IF NOT EXISTS `financial_year` (
  `financial_year_id` int(10) NOT NULL AUTO_INCREMENT,
  `start_fyear` varchar(100) NOT NULL,
  `end_fyear` varchar(100) NOT NULL,
  `status` int(10) NOT NULL,
  PRIMARY KEY (`financial_year_id`)
) ENGINE=MyISAM DEFAULT CHARSET=latin1 AUTO_INCREMENT=1 ;

--
-- Dumping data for table `financial_year`
--


-- --------------------------------------------------------

--
-- Table structure for table `fixed_assets`
--

CREATE TABLE IF NOT EXISTS `fixed_assets` (
  `fixed_asset_id` int(10) NOT NULL AUTO_INCREMENT,
  `fixed_asset_name` varchar(100) NOT NULL,
  `quantity` varchar(10) NOT NULL,
  `description` varchar(250) NOT NULL,
  `date_purchased` date NOT NULL,
  `currency` int(10) NOT NULL,
  `curr_rate` varchar(100) NOT NULL,
  `value` varchar(100) NOT NULL,
  `dep_value` varchar(100) NOT NULL,
  `fixed_asset_category_id` int(11) NOT NULL,
  `useful_life` varchar(100) NOT NULL,
  `date_recorded` timestamp NOT NULL DEFAULT CURRENT_TIMESTAMP,
  `status` int(10) NOT NULL,
  PRIMARY KEY (`fixed_asset_id`)
) ENGINE=MyISAM DEFAULT CHARSET=latin1 AUTO_INCREMENT=1 ;

--
-- Dumping data for table `fixed_assets`
--


-- --------------------------------------------------------

--
-- Table structure for table `fixed_assets_ledger`
--

CREATE TABLE IF NOT EXISTS `fixed_assets_ledger` (
  `transaction_id` int(10) NOT NULL AUTO_INCREMENT,
  `transactions` varchar(100) NOT NULL,
  `amount` varchar(100) NOT NULL,
  `debit` varchar(100) NOT NULL,
  `credit` varchar(100) NOT NULL,
  `currency_code` int(10) NOT NULL,
  `curr_rate` varchar(100) NOT NULL,
  `date_recorded` timestamp NOT NULL DEFAULT CURRENT_TIMESTAMP,
  `order_code` varchar(100) NOT NULL,
  PRIMARY KEY (`transaction_id`)
) ENGINE=MyISAM DEFAULT CHARSET=latin1 AUTO_INCREMENT=1 ;

--
-- Dumping data for table `fixed_assets_ledger`
--


-- --------------------------------------------------------

--
-- Table structure for table `fixed_assets_payments`
--

CREATE TABLE IF NOT EXISTS `fixed_assets_payments` (
  `fixed_asset_repayment_id` int(10) NOT NULL AUTO_INCREMENT,
  `receipt_no` varchar(100) NOT NULL,
  `fixed_asset_id` int(10) NOT NULL,
  `amount_received` varchar(100) NOT NULL,
  `decription` longtext NOT NULL,
  `currency_code` varchar(100) NOT NULL,
  `curr_rate` varchar(100) NOT NULL,
  `mop` varchar(11) NOT NULL,
  `cheque_no` varchar(100) NOT NULL,
  `ref_no` varchar(100) NOT NULL,
  `date_paid` date NOT NULL,
  `client_bank` varchar(100) NOT NULL,
  `our_bank` int(11) NOT NULL,
  `date_received` timestamp NOT NULL DEFAULT CURRENT_TIMESTAMP,
  `status` int(1) NOT NULL,
  PRIMARY KEY (`fixed_asset_repayment_id`)
) ENGINE=MyISAM DEFAULT CHARSET=latin1 AUTO_INCREMENT=1 ;

--
-- Dumping data for table `fixed_assets_payments`
--


-- --------------------------------------------------------

--
-- Table structure for table `fixed_assets_paymentsold`
--

CREATE TABLE IF NOT EXISTS `fixed_assets_paymentsold` (
  `fixed_assets_payments_id` int(10) NOT NULL AUTO_INCREMENT,
  `fixed_asset_id` int(10) NOT NULL,
  `currency` int(10) NOT NULL,
  `curr_rate` varchar(100) NOT NULL,
  `amount_paid` varchar(100) NOT NULL,
  `date_recorded` timestamp NOT NULL DEFAULT CURRENT_TIMESTAMP ON UPDATE CURRENT_TIMESTAMP,
  PRIMARY KEY (`fixed_assets_payments_id`)
) ENGINE=MyISAM DEFAULT CHARSET=latin1 AUTO_INCREMENT=1 ;

--
-- Dumping data for table `fixed_assets_paymentsold`
--


-- --------------------------------------------------------

--
-- Table structure for table `fixed_asset_category`
--

CREATE TABLE IF NOT EXISTS `fixed_asset_category` (
  `fixed_asset_category_id` int(10) unsigned NOT NULL AUTO_INCREMENT,
  `fixed_asset_category_name` varchar(45) COLLATE latin1_general_ci NOT NULL,
  `fixed_asset_dep_perc` varchar(100) COLLATE latin1_general_ci NOT NULL,
  PRIMARY KEY (`fixed_asset_category_id`)
) ENGINE=MyISAM  DEFAULT CHARSET=latin1 COLLATE=latin1_general_ci AUTO_INCREMENT=5 ;

--
-- Dumping data for table `fixed_asset_category`
--

INSERT INTO `fixed_asset_category` (`fixed_asset_category_id`, `fixed_asset_category_name`, `fixed_asset_dep_perc`) VALUES
(1, 'Plants and Machinery', '22'),
(2, 'Furniture', '17'),
(4, 'Tools', '3');

-- --------------------------------------------------------

--
-- Table structure for table `flat_rate_cost`
--

CREATE TABLE IF NOT EXISTS `flat_rate_cost` (
  `flat_rate_cost_id` bigint(20) NOT NULL AUTO_INCREMENT,
  `flat_rate_cost_amount` varchar(100) NOT NULL,
  PRIMARY KEY (`flat_rate_cost_id`)
) ENGINE=InnoDB  DEFAULT CHARSET=latin1 AUTO_INCREMENT=5 ;

--
-- Dumping data for table `flat_rate_cost`
--

INSERT INTO `flat_rate_cost` (`flat_rate_cost_id`, `flat_rate_cost_amount`) VALUES
(1, '1600'),
(2, '1200'),
(3, '1000'),
(4, '1000');

-- --------------------------------------------------------

--
-- Table structure for table `general_expenses_ledger`
--

CREATE TABLE IF NOT EXISTS `general_expenses_ledger` (
  `transaction_id` int(10) NOT NULL AUTO_INCREMENT,
  `transactions` varchar(100) NOT NULL,
  `amount` varchar(100) NOT NULL,
  `debit` varchar(100) NOT NULL,
  `credit` varchar(100) NOT NULL,
  `currency_code` int(10) NOT NULL,
  `curr_rate` varchar(100) NOT NULL,
  `date_recorded` timestamp NOT NULL DEFAULT CURRENT_TIMESTAMP,
  `sales_code` varchar(100) NOT NULL,
  PRIMARY KEY (`transaction_id`)
) ENGINE=MyISAM DEFAULT CHARSET=latin1 AUTO_INCREMENT=1 ;

--
-- Dumping data for table `general_expenses_ledger`
--


-- --------------------------------------------------------

--
-- Table structure for table `general_ledger`
--

CREATE TABLE IF NOT EXISTS `general_ledger` (
  `transaction_id` int(10) NOT NULL AUTO_INCREMENT,
  `transactions` varchar(100) NOT NULL,
  `amount` varchar(100) NOT NULL,
  `debit` varchar(100) NOT NULL,
  `credit` varchar(100) NOT NULL,
  `currency_code` int(10) NOT NULL,
  `curr_rate` varchar(100) NOT NULL,
  `date_recorded` timestamp NOT NULL DEFAULT CURRENT_TIMESTAMP,
  `order_code` varchar(100) NOT NULL,
  PRIMARY KEY (`transaction_id`)
) ENGINE=MyISAM  DEFAULT CHARSET=latin1 AUTO_INCREMENT=19 ;

--
-- Dumping data for table `general_ledger`
--

INSERT INTO `general_ledger` (`transaction_id`, `transactions`, `amount`, `debit`, `credit`, `currency_code`, `curr_rate`, `date_recorded`, `order_code`) VALUES
(1, 'Accounts Receivables (Customer Payment Receipt No : MGSR0001/2015)', '-4885', '', '4885', 6, '1', '2015-01-15 02:55:26', 'crsp1'),
(2, 'Customer Payment ( Receipt No : MGSR0001/2015)', '4885', '4885', '', 6, '1', '2015-01-15 02:55:26', 'crsp1'),
(3, 'Accounts Receivables (Customer Payment Receipt No : MGSR0003/2015)', '-400', '', '400', 6, '1', '2015-01-22 00:30:09', 'crsp3'),
(4, 'Customer Payment ( Receipt No : MGSR0003/2015)', '400', '400', '', 6, '1', '2015-01-22 00:30:09', 'crsp3'),
(5, 'Accounts Receivables (Customer Payment Receipt No : MGSR0004/2015)', '-200', '', '200', 6, '1', '2015-01-22 02:55:35', 'crsp4'),
(6, 'Customer Payment ( Receipt No : MGSR0004/2015)', '200', '200', '', 6, '1', '2015-01-22 02:55:35', 'crsp4'),
(7, 'Accounts Receivables (Customer Payment Receipt No : MGSR0005/2015)', '-200', '', '200', 6, '1', '2015-01-22 21:29:48', 'crsp5'),
(8, 'Customer Payment ( Receipt No : MGSR0005/2015)', '200', '200', '', 6, '1', '2015-01-22 21:29:48', 'crsp5'),
(9, 'Accounts Receivables (Customer Payment Receipt No : MGSR0006/2015)', '-200', '', '200', 6, '1', '2015-01-23 00:45:12', 'crsp6'),
(10, 'Customer Payment ( Receipt No : MGSR0006/2015)', '200', '200', '', 6, '1', '2015-01-23 00:45:12', 'crsp6'),
(11, 'Accounts Receivables (Customer Payment Receipt No : MGSR0017/2015)', '-5980', '', '5980', 6, '1', '2015-01-24 03:08:32', 'crsp17'),
(12, 'Customer Payment ( Receipt No : MGSR0017/2015)', '5980', '5980', '', 6, '1', '2015-01-24 03:08:32', 'crsp17'),
(13, 'Expenses Payment: MGEXP0001/2015', '166.60', '', '166.60', 6, '1', '2015-01-30 01:35:09', 'exp1'),
(14, 'Expenses Payment: MGEXP0001/2015', '-166.60', '166.60', '', 6, '1', '2015-01-30 01:35:09', 'exp1'),
(15, 'Expenses Payment: MGEXP0002/2015', '204', '', '204', 6, '1', '2015-01-30 01:45:07', 'exp2'),
(16, 'Expenses Payment: MGEXP0002/2015', '-204', '204', '', 6, '1', '2015-01-30 01:45:07', 'exp2'),
(17, 'Expenses Payment: MGEXP0003/2015', '500', '', '500', 6, '1', '2015-01-30 01:58:48', 'exp3'),
(18, 'Expenses Payment: MGEXP0003/2015', '-500', '500', '', 6, '1', '2015-01-30 01:58:48', 'exp3');

-- --------------------------------------------------------

--
-- Table structure for table `income`
--

CREATE TABLE IF NOT EXISTS `income` (
  `income_id` int(10) NOT NULL AUTO_INCREMENT,
  `description` varchar(100) NOT NULL,
  `curr_id` varchar(100) NOT NULL,
  `curr_rate` varchar(100) NOT NULL,
  `amount` varchar(100) NOT NULL,
  `mop` varchar(100) NOT NULL,
  `cheque_no` varchar(100) NOT NULL,
  `ref_no` varchar(100) NOT NULL,
  `client_bank` varchar(100) NOT NULL,
  `our_bank` int(11) NOT NULL,
  `date_drawn` date NOT NULL,
  `date_of_transaction` timestamp NOT NULL DEFAULT CURRENT_TIMESTAMP ON UPDATE CURRENT_TIMESTAMP,
  PRIMARY KEY (`income_id`)
) ENGINE=MyISAM DEFAULT CHARSET=latin1 AUTO_INCREMENT=1 ;

--
-- Dumping data for table `income`
--


-- --------------------------------------------------------

--
-- Table structure for table `income_ledger`
--

CREATE TABLE IF NOT EXISTS `income_ledger` (
  `transaction_id` int(10) NOT NULL AUTO_INCREMENT,
  `transactions` varchar(100) NOT NULL,
  `amount` varchar(100) NOT NULL,
  `debit` varchar(100) NOT NULL,
  `credit` varchar(100) NOT NULL,
  `currency_code` int(10) NOT NULL,
  `curr_rate` varchar(100) NOT NULL,
  `date_recorded` timestamp NOT NULL DEFAULT CURRENT_TIMESTAMP,
  `order_code` varchar(100) NOT NULL,
  PRIMARY KEY (`transaction_id`)
) ENGINE=MyISAM DEFAULT CHARSET=latin1 AUTO_INCREMENT=1 ;

--
-- Dumping data for table `income_ledger`
--


-- --------------------------------------------------------

--
-- Table structure for table `incurred_prepaid_expenses`
--

CREATE TABLE IF NOT EXISTS `incurred_prepaid_expenses` (
  `incurred_prepaid_expenses_id` int(10) NOT NULL AUTO_INCREMENT,
  `prepaid_expenses_id` int(11) NOT NULL,
  `amount_incurred` varchar(100) NOT NULL,
  `currency` varchar(100) NOT NULL,
  `curr_rate` int(11) NOT NULL,
  `date_incurred` timestamp NOT NULL DEFAULT CURRENT_TIMESTAMP,
  `status` int(1) NOT NULL,
  PRIMARY KEY (`incurred_prepaid_expenses_id`)
) ENGINE=MyISAM DEFAULT CHARSET=latin1 AUTO_INCREMENT=1 ;

--
-- Dumping data for table `incurred_prepaid_expenses`
--


-- --------------------------------------------------------

--
-- Table structure for table `inventory_ledger`
--

CREATE TABLE IF NOT EXISTS `inventory_ledger` (
  `transaction_id` int(10) NOT NULL AUTO_INCREMENT,
  `transactions` varchar(100) NOT NULL,
  `amount` varchar(100) NOT NULL,
  `debit` varchar(100) NOT NULL,
  `credit` varchar(100) NOT NULL,
  `currency_code` int(10) NOT NULL,
  `curr_rate` varchar(100) NOT NULL,
  `date_recorded` timestamp NOT NULL DEFAULT CURRENT_TIMESTAMP,
  `order_code` varchar(100) NOT NULL,
  PRIMARY KEY (`transaction_id`)
) ENGINE=MyISAM  DEFAULT CHARSET=latin1 AUTO_INCREMENT=179 ;

--
-- Dumping data for table `inventory_ledger`
--

INSERT INTO `inventory_ledger` (`transaction_id`, `transactions`, `amount`, `debit`, `credit`, `currency_code`, `curr_rate`, `date_recorded`, `order_code`) VALUES
(1, 'Received 2 O ring Kit - 3 inch (Pieces) into the warehouse', '240', '240', '', 6, '1', '2014-12-20 23:43:35', 'recp1'),
(2, 'Received 21 O ring Kit - 2 inch (Pieces) into the warehouse', '2730', '2730', '', 6, '1', '2014-12-20 23:43:48', 'recp2'),
(4, 'Received 34 O ring Kit - 3 inch (Pieces) into the warehouse', '4080', '4080', '', 6, '1', '2014-12-20 23:45:36', 'recp4'),
(5, 'Received 3 O ring Kit - 2 inch (Pieces) into the warehouse', '390', '390', '', 6, '1', '2014-12-20 23:45:45', 'recp5'),
(6, 'Received 4 AT transmission (Pieces) into the warehouse', '3560', '3560', '', 6, '1', '2015-01-04 00:09:48', 'recp6'),
(7, 'Received 10 Spark Plugs BKR6E2756 (Pieces) into the warehouse', '1750', '1750', '', 6, '1', '2015-01-08 01:17:06', 'recp7'),
(8, 'Received 8 Spark Plugs BP6ES-7811 (Pieces) into the warehouse', '1200', '1200', '', 6, '1', '2015-01-08 01:17:20', 'recp8'),
(9, 'Received 8 Spark Plugs BP6EY-6278 (Pieces) into the warehouse', '1200', '1200', '', 6, '1', '2015-01-08 01:17:35', 'recp9'),
(10, 'Received 10 Spark Plugs BCP5ES-7810 (Pieces) into the warehouse', '1600', '1600', '', 6, '1', '2015-01-08 01:17:48', 'recp10'),
(11, 'Received 8 Spark plugs BKR6EYA4195 (Pieces) into the warehouse', '1500', '1500', '', 6, '1', '2015-01-08 01:18:01', 'recp11'),
(12, 'Received 10 Spark Plugs Denso K16Single (Pieces) into the warehouse', '1650', '1650', '', 6, '1', '2015-01-08 01:18:16', 'recp12'),
(13, 'Received 10 Spark Plugs Denso K16Double (Pieces) into the warehouse', '1750', '1750', '', 6, '1', '2015-01-08 01:18:31', 'recp13'),
(14, 'Received 10 Spark Plugs Denso Q20 Single (Pieces) into the warehouse', '1500', '1500', '', 6, '1', '2015-01-08 01:18:41', 'recp14'),
(15, 'Received 10 Spark Plugs  K20Double (Pieces) into the warehouse', '1800', '1800', '', 6, '1', '2015-01-08 01:18:54', 'recp15'),
(16, 'Received 2 Air filterAA090 (Pieces) into the warehouse', '600', '600', '', 6, '1', '2015-01-08 01:20:52', 'recp16'),
(17, 'Received 2 Air filterAA070 (Pieces) into the warehouse', '700', '700', '', 6, '1', '2015-01-08 01:21:01', 'recp17'),
(18, 'Received 2 Air filterP2J-003 (Pieces) into the warehouse', '600', '600', '', 6, '1', '2015-01-08 01:21:12', 'recp18'),
(19, 'Received 2 Air filterPNB003 (Pieces) into the warehouse', '700', '700', '', 6, '1', '2015-01-08 01:21:26', 'recp19'),
(20, 'Received 2 Air filterEB300 (Pieces) into the warehouse', '800', '800', '', 6, '1', '2015-01-08 01:21:36', 'recp20'),
(21, 'Received 2 Air filter50060 (Pieces) into the warehouse', '800', '800', '', 6, '1', '2015-01-08 01:21:53', 'recp21'),
(22, 'Received 4 Air filteB1010 (Pieces) into the warehouse', '1600', '1600', '', 6, '1', '2015-01-08 01:22:05', 'recp22'),
(23, 'Received 2 Air filterPWJ-A10 (Pieces) into the warehouse', '1100', '1100', '', 6, '1', '2015-01-08 01:22:23', 'recp23'),
(24, 'Received 2 Air filter67060 (Pieces) into the warehouse', '1100', '1100', '', 6, '1', '2015-01-08 01:22:34', 'recp24'),
(25, 'Received 2 Air filter47010 (Pieces) into the warehouse', '700', '700', '', 6, '1', '2015-01-08 01:22:47', 'recp25'),
(26, 'Received 2 Air filter4M400 (Pieces) into the warehouse', '1000', '1000', '', 6, '1', '2015-01-08 01:22:59', 'recp26'),
(27, 'Received 10 Spark plugs 8H516 (Pieces) into the warehouse', '4000', '4000', '', 6, '1', '2015-01-08 01:23:48', 'recp27'),
(28, 'Received 6 Air filter11050 (Pieces) into the warehouse', '1200', '1200', '', 6, '1', '2015-01-08 01:24:17', 'recp28'),
(29, 'Received 6 Air filter11090 (Pieces) into the warehouse', '1200', '1200', '', 6, '1', '2015-01-08 01:24:30', 'recp29'),
(30, 'Received 6 Air filter15070 (Pieces) into the warehouse', '1200', '1200', '', 6, '1', '2015-01-08 01:24:39', 'recp30'),
(31, 'Received 6 Air filter16020 (Pieces) into the warehouse', '1200', '1200', '', 6, '1', '2015-01-08 01:24:48', 'recp31'),
(32, 'Received 6 Air filter21030 (Pieces) into the warehouse', '1200', '1200', '', 6, '1', '2015-01-08 01:24:59', 'recp32'),
(33, 'Received 12 Air filter21050 (Pieces) into the warehouse', '2640', '2640', '', 6, '1', '2015-01-08 01:26:19', 'recp33'),
(34, 'Received 12 Air filter22020 (Pieces) into the warehouse', '2400', '2400', '', 6, '1', '2015-01-08 01:26:34', 'recp34'),
(35, 'Received 6 Air filter23030 (Pieces) into the warehouse', '1200', '1200', '', 6, '1', '2015-01-08 01:26:49', 'recp35'),
(36, 'Received 2 Air filter35020 (Pieces) into the warehouse', '440', '440', '', 6, '1', '2015-01-08 01:28:03', 'recp36'),
(37, 'Received 6 Air filter74020 (Pieces) into the warehouse', '1320', '1320', '', 6, '1', '2015-01-08 01:28:14', 'recp37'),
(38, 'Received 6 Air filter73C10 (Pieces) into the warehouse', '1200', '1200', '', 6, '1', '2015-01-08 01:28:33', 'recp38'),
(39, 'Received 6 Air filter77A10 (Pieces) into the warehouse', '1320', '1320', '', 6, '1', '2015-01-08 01:29:48', 'recp39'),
(40, 'Received 6 Air filter41B00 (Pieces) into the warehouse', '1320', '1320', '', 6, '1', '2015-01-08 01:29:59', 'recp40'),
(41, 'Received 12 Air filterV0100 (Pieces) into the warehouse', '2640', '2640', '', 6, '1', '2015-01-08 01:30:54', 'recp41'),
(42, 'Received 6 Air filter20040 (Pieces) into the warehouse', '1500', '1500', '', 6, '1', '2015-01-08 01:31:03', 'recp42'),
(43, 'Received 6 Air filter2810 (Pieces) into the warehouse', '1500', '1500', '', 6, '1', '2015-01-08 01:31:16', 'recp43'),
(44, 'Received 2 Air filter70050 (Pieces) into the warehouse', '500', '500', '', 6, '1', '2015-01-08 01:31:25', 'recp44'),
(45, 'Received 2 Air filter74060 (Pieces) into the warehouse', '600', '600', '', 6, '1', '2015-01-08 01:31:38', 'recp45'),
(46, 'Received 2 Air filterMv188 (Pieces) into the warehouse', '500', '500', '', 6, '1', '2015-01-08 01:31:50', 'recp46'),
(47, 'Received 2 Air filterMv266 (Pieces) into the warehouse', '500', '500', '', 6, '1', '2015-01-08 01:32:02', 'recp47'),
(48, 'Received 2 Air filter22600 (Pieces) into the warehouse', '600', '600', '', 6, '1', '2015-01-08 01:32:20', 'recp48'),
(49, 'Received 2 Air filterED500 (Pieces) into the warehouse', '500', '500', '', 6, '1', '2015-01-08 01:32:31', 'recp49'),
(50, 'Received 2 Air filte31110 (Pieces) into the warehouse', '700', '700', '', 6, '1', '2015-01-08 01:32:41', 'recp50'),
(51, 'Received 2 Air filter31120 (Pieces) into the warehouse', '600', '600', '', 6, '1', '2015-01-08 01:33:10', 'recp51'),
(52, 'Received 2 Air filter50040 (Pieces) into the warehouse', '700', '700', '', 6, '1', '2015-01-08 01:33:22', 'recp52'),
(53, 'Received 2 Air filter97402 (Pieces) into the warehouse', '600', '600', '', 6, '1', '2015-01-08 01:33:35', 'recp53'),
(54, 'Received 12 Fuel FilterMB220900 (Pieces) into the warehouse', '2640', '2640', '', 6, '1', '2015-01-08 01:34:25', 'recp54'),
(55, 'Received 12 Fuel Filter64010 (Pieces) into the warehouse', '2640', '2640', '', 6, '1', '2015-01-08 01:34:33', 'recp55'),
(56, 'Received 12 Oil Filter Toyota10001/03001 (Pieces) into the warehouse', '1200', '1200', '', 6, '1', '2015-01-08 01:34:41', 'recp56'),
(57, 'Received 12 Oil Filter Toyota03006 (Pieces) into the warehouse', '3000', '3000', '', 6, '1', '2015-01-08 01:34:52', 'recp57'),
(58, 'Received 12 Oil Filter Nissan65F00 (Pieces) into the warehouse', '1440', '1440', '', 6, '1', '2015-01-08 01:35:07', 'recp58'),
(59, 'Received 12 Oil Filter Mark x-31020/80 (Pieces) into the warehouse', '3000', '3000', '', 6, '1', '2015-01-08 01:35:22', 'recp59'),
(60, 'Received 12 Oil Filter Toyota Passo-37010 (Pieces) into the warehouse', '3000', '3000', '', 6, '1', '2015-01-08 01:35:32', 'recp60'),
(61, 'Received 12 Oil Filter 20001/30002 (Pieces) into the warehouse', '1800', '1800', '', 6, '1', '2015-01-08 01:35:44', 'recp61'),
(62, 'Received 12 Oil Filter MD135737 (Pieces) into the warehouse', '1440', '1440', '', 6, '1', '2015-01-08 01:35:56', 'recp62'),
(63, 'Received 2 Brake padsKD2718 (Pieces) into the warehouse', '1700', '1700', '', 6, '1', '2015-01-11 20:18:03', 'recp63'),
(64, 'Received 2 Brake padsKD2780 (Pieces) into the warehouse', '2600', '2600', '', 6, '1', '2015-01-11 20:18:15', 'recp64'),
(65, 'Received 2 Brake padsKD2701 (Pieces) into the warehouse', '1700', '1700', '', 6, '1', '2015-01-11 20:18:23', 'recp65'),
(66, 'Received 2 Brake padsKD2725 (Pieces) into the warehouse', '1700', '1700', '', 6, '1', '2015-01-11 20:18:33', 'recp66'),
(67, 'Received 2 Brake padsKD2203 (Pieces) into the warehouse', '1800', '1800', '', 6, '1', '2015-01-11 20:18:43', 'recp67'),
(68, 'Received 1 Brake padsKD2208 (Pieces) into the warehouse', '1000', '1000', '', 6, '1', '2015-01-11 20:24:03', 'recp68'),
(69, 'Received 2 Brake padsKD2798 (Pieces) into the warehouse', '2600', '2600', '', 6, '1', '2015-01-11 20:24:14', 'recp69'),
(70, 'Received 2 Brake padsKD2740 (Pieces) into the warehouse', '1500', '1500', '', 6, '1', '2015-01-11 20:24:27', 'recp70'),
(71, 'Received 1 Brake padsKD2457 (Pieces) into the warehouse', '950', '950', '', 6, '1', '2015-01-11 20:24:45', 'recp71'),
(72, 'Received 1 Brake padsKD1740 (Pieces) into the warehouse', '1000', '1000', '', 6, '1', '2015-01-11 20:25:13', 'recp72'),
(73, 'Received 2 Brake padsKD2739 (Pieces) into the warehouse', '1800', '1800', '', 6, '1', '2015-01-11 20:25:27', 'recp73'),
(74, 'Received 2 Brake padsKD2776 (Pieces) into the warehouse', '1500', '1500', '', 6, '1', '2015-01-11 20:25:36', 'recp74'),
(75, 'Received 2 Brake padsKD1739 (Pieces) into the warehouse', '1700', '1700', '', 6, '1', '2015-01-11 20:25:45', 'recp75'),
(76, 'Received 2 Brake padsKD1735 (Pieces) into the warehouse', '1800', '1800', '', 6, '1', '2015-01-11 20:25:59', 'recp76'),
(77, 'Received 2 Brake padsKD2606/07 (Pieces) into the warehouse', '1800', '1800', '', 6, '1', '2015-01-11 20:26:09', 'recp77'),
(78, 'Received 2 Brake pads liningX288 (Pieces) into the warehouse', '1200', '1200', '', 6, '1', '2015-01-11 20:26:19', 'recp78'),
(79, 'Received 2 Brake pads liningAK2342 (Pieces) into the warehouse', '1300', '1300', '', 6, '1', '2015-01-11 20:26:30', 'recp79'),
(80, 'Received 2 Brake padsGDB7075S (Pieces) into the warehouse', '1900', '1900', '', 6, '1', '2015-01-11 20:26:42', 'recp80'),
(81, 'Received 2 Brake  liningNQR (Pieces) into the warehouse', '2600', '2600', '', 6, '1', '2015-01-11 20:27:00', 'recp81'),
(82, 'Received 2 Brake lining ProboxBS-K2358 (Pieces) into the warehouse', '2400', '2400', '', 6, '1', '2015-01-11 20:27:11', 'recp82'),
(83, 'Received 12 Fuel Filterz700 (Pieces) into the warehouse', '1800', '1800', '', 6, '1', '2015-01-11 20:27:32', 'recp83'),
(84, 'Received 12 Oil Filter6DBOB-0309-A (Pieces) into the warehouse', '7800', '7800', '', 6, '1', '2015-01-11 20:27:40', 'recp84'),
(85, 'Received 12 Air Cleaner NQR (Pieces) into the warehouse', '22200', '22200', '', 6, '1', '2015-01-11 20:27:47', 'recp85'),
(86, 'Received 1 CUP CLEANER (Pieces) into the warehouse', '550', '550', '', 6, '1', '2015-01-15 01:22:19', 'recp86'),
(87, 'Received 2 SILICONE CLEAR SMALL (Pieces) into the warehouse', '400', '400', '', 6, '1', '2015-01-15 03:28:51', 'recp87'),
(88, 'Received 2 SILICONE GREY SMALL (Pieces) into the warehouse', '400', '400', '', 6, '1', '2015-01-15 03:29:13', 'recp88'),
(89, 'Received 2 INSULATING TAPE (Pieces) into the warehouse', '100', '100', '', 6, '1', '2015-01-15 03:29:28', 'recp89'),
(90, 'Received 18 INSULATING TAPE (Pieces) into the warehouse', '900', '900', '', 6, '1', '2015-01-15 03:29:45', 'recp90'),
(91, 'Received 1 PATCHES No1 (Pieces) into the warehouse', '368', '368', '', 6, '1', '2015-01-15 03:30:39', 'recp91'),
(92, 'Received 1 PATCHES No2 (Pieces) into the warehouse', '600', '600', '', 6, '1', '2015-01-15 03:30:48', 'recp92'),
(93, 'Received 1 PATCHES No3 (Pieces) into the warehouse', '792', '792', '', 6, '1', '2015-01-15 03:30:56', 'recp93'),
(94, 'Received 1 SOLUTION TINS 500GM (Pieces) into the warehouse', '1760', '1760', '', 6, '1', '2015-01-15 03:31:04', 'recp94'),
(95, 'Received 30 GATEX TUBELESS STRINGS (Pieces) into the warehouse', '499.8', '499.8', '', 6, '1', '2015-01-15 03:31:19', 'recp95'),
(96, 'Received 1 CFC CEMENT FREE (Pieces) into the warehouse', '1040', '1040', '', 6, '1', '2015-01-15 03:31:28', 'recp96'),
(106, 'Received 10 RADIATOR COOLANT (Pieces) into the warehouse', '5100', '5100', '', 6, '1', '2015-01-21 20:31:07', 'recp106'),
(98, 'Received 2 VALVE KEY (Pieces) into the warehouse', '300', '300', '', 6, '1', '2015-01-15 03:31:55', 'recp98'),
(99, 'Received 500 POP RIVERTS (Pieces) into the warehouse', '500', '500', '', 6, '1', '2015-01-15 03:32:09', 'recp99'),
(100, 'Received 468 O ring Kit  (Pieces) into the warehouse', '1001.52', '1001.52', '', 6, '1', '2015-01-15 03:32:21', 'recp100'),
(101, 'Received 1 ALDATE RAPID (Pieces) into the warehouse', '350', '350', '', 6, '1', '2015-01-15 03:32:34', 'recp101'),
(102, 'Received 1 Oil filter remover (Pieces) into the warehouse', '600', '600', '', 6, '1', '2015-01-15 03:32:44', 'recp102'),
(103, 'Received 1 DUST SHAFTBOOT (Pieces) into the warehouse', '1000', '1000', '', 6, '1', '2015-01-15 03:56:45', 'recp103'),
(104, 'Received 10 head light bulb h4 24v (Pieces) into the warehouse', '3550', '3550', '', 6, '1', '2015-01-17 21:12:50', 'recp104'),
(105, 'Received 4 Brake  lining(BL4 ISUZUVL.310.1) (Pieces) into the warehouse', '8630.4', '8630.4', '', 6, '1', '2015-01-17 21:13:17', 'recp105'),
(107, 'Received 4 Head light Single Bulb  12v (Pieces) into the warehouse', '400', '400', '', 6, '1', '2015-01-21 20:31:28', 'recp107'),
(108, 'Received 4 Front inner Bearing  32210j1-08 (Pieces) into the warehouse', '2000', '2000', '', 6, '1', '2015-01-21 20:39:01', 'recp108'),
(109, 'Received 4 Front outer Bearing  32207jr (Pieces) into the warehouse', '2600', '2600', '', 6, '1', '2015-01-21 20:39:10', 'recp109'),
(110, 'Received 4 rear inner bearing 30213l1-06 (Pieces) into the warehouse', '4800', '4800', '', 6, '1', '2015-01-21 20:39:22', 'recp110'),
(111, 'Received 4 Rear outer bearing28680/22102 (Pieces) into the warehouse', '4000', '4000', '', 6, '1', '2015-01-21 20:39:31', 'recp111'),
(112, 'Received 4 Front inner seal 8-942481171-0  (Pieces) into the warehouse', '1200', '1200', '', 6, '1', '2015-01-21 20:39:48', 'recp112'),
(113, 'Received 4 Rear Wheel inner1-03434659-0 (Pieces) into the warehouse', '2000', '2000', '', 6, '1', '2015-01-21 20:42:32', 'recp113'),
(114, 'Received 4 Rear Wheel outer 4.3 8-89448094-0 (Pieces) into the warehouse', '2000', '2000', '', 6, '1', '2015-01-21 20:42:41', 'recp114'),
(115, 'Sales for Item Air Cleaner NQR - ACNQR of the Inv No:71', '-1850', '', '1850', 6, '1', '2015-01-22 02:20:02', 'inv145'),
(116, 'Sales for Item ENGINE OIL10LTRS -  of the Inv No:71', '-3400', '', '3400', 6, '1', '2015-01-22 02:20:02', 'inv165'),
(117, 'Sales for Item Battery Water - BW of the Inv No:71', '-120', '', '120', 6, '1', '2015-01-22 02:20:02', 'inv164'),
(118, 'Sales for Item RADIO -  of the Inv No:71', '-8000', '', '8000', 6, '1', '2015-01-22 02:20:02', 'inv140'),
(119, 'Sales for Item Air Cleaner NQR - ACNQR of the Inv No:72', '-1850', '', '1850', 6, '1', '2015-01-22 02:21:15', 'inv145'),
(120, 'Sales for Item Battery Water - BW of the Inv No:72', '-120', '', '120', 6, '1', '2015-01-22 02:21:15', 'inv164'),
(121, 'Sales for Item ENGINE OIL10LTRS -  of the Inv No:72', '-3400', '', '3400', 6, '1', '2015-01-22 02:21:15', 'inv165'),
(122, 'Sales for Item Oil Filter6DBOB-0309-A - OF6DBOB of the Inv No:72', '-650', '', '650', 6, '1', '2015-01-22 02:21:15', 'inv144'),
(123, 'Sales for Item Fuel Filterz700 - FFZ700 of the Inv No:72', '-150', '', '150', 6, '1', '2015-01-22 02:21:15', 'inv143'),
(124, 'Sales for Item Air Cleaner NQR - ACNQR of the Inv No:73', '-1850', '', '1850', 6, '1', '2015-01-22 02:22:22', 'inv145'),
(125, 'Sales for Item ENGINE OIL10LTRS -  of the Inv No:73', '-3400', '', '3400', 6, '1', '2015-01-22 02:22:22', 'inv165'),
(126, 'Sales for Item Oil Filter6DBOB-0309-A - OF6DBOB of the Inv No:73', '-650', '', '650', 6, '1', '2015-01-22 02:22:22', 'inv144'),
(127, 'Sales for Item Fuel Filterz700 - FFZ700 of the Inv No:73', '-150', '', '150', 6, '1', '2015-01-22 02:22:22', 'inv143'),
(128, 'Sales for Item Battery Water - BW of the Inv No:73', '-120', '', '120', 6, '1', '2015-01-22 02:22:22', 'inv164'),
(129, 'Sales for Item Air Cleaner NQR - ACNQR of the Inv No:68', '-1850', '', '1850', 6, '1', '2015-01-22 02:23:22', 'inv145'),
(130, 'Sales for Item Battery Water - BW of the Inv No:68', '-120', '', '120', 6, '1', '2015-01-22 02:23:22', 'inv164'),
(131, 'Sales for Item ENGINE OIL10LTRS -  of the Inv No:68', '-3400', '', '3400', 6, '1', '2015-01-22 02:23:22', 'inv165'),
(132, 'Sales for Item Oil Filter6DBOB-0309-A - OF6DBOB of the Inv No:68', '-650', '', '650', 6, '1', '2015-01-22 02:23:22', 'inv144'),
(133, 'Sales for Item Fuel Filterz700 - FFZ700 of the Inv No:68', '-150', '', '150', 6, '1', '2015-01-22 02:23:22', 'inv143'),
(134, 'Sales for Item Brake fluid - F005 of the Inv No:17', '-320', '', '320', 6, '1', '2015-01-22 03:29:26', 'inv14'),
(135, 'Sales for Item clutch master cylinder - CMC01 of the Inv No:17', '-4500', '', '4500', 6, '1', '2015-01-22 03:29:26', 'inv42'),
(136, 'Sales for Item Gear box oil - Gbo of the Inv No:38', '-1890', '', '1890', 6, '1', '2015-01-23 01:11:31', 'inv71'),
(137, 'Sales for Item Brake fluid - F005 of the Inv No:38', '-320', '', '320', 6, '1', '2015-01-23 01:11:31', 'inv14'),
(138, 'Sales for Item Brake  lining(BL4 ISUZUVL.310.1) - BPLNQ of the Inv No:102', '-433', '', '433', 6, '1', '2015-01-23 01:15:47', 'inv175'),
(139, 'Sales for Item Grease 500gm - 678907 of the Inv No:102', '-640', '', '640', 6, '1', '2015-01-23 01:15:47', 'inv8'),
(140, 'Sales for Item head light bulb h4 24v - H424 of the Inv No:100', '-710', '', '710', 6, '1', '2015-01-23 01:16:21', 'inv51'),
(141, 'Sales for Item Fuel Filterz700 - FFZ700 of the Inv No:100', '-150', '', '150', 6, '1', '2015-01-23 01:16:21', 'inv143'),
(142, 'Sales for Item Oil Filter6DBOB-0309-A - OF6DBOB of the Inv No:100', '-650', '', '650', 6, '1', '2015-01-23 01:16:21', 'inv144'),
(143, 'Sales for Item Air Cleaner NQR - ACNQR of the Inv No:100', '-1850', '', '1850', 6, '1', '2015-01-23 01:16:21', 'inv145'),
(144, 'Sales for Item Brake fluid - F005 of the Inv No:97', '-320', '', '320', 6, '1', '2015-01-23 01:17:18', 'inv14'),
(145, 'Sales for Item Brake  lining(BL4 ISUZUVL.310.1) - BPLNQ of the Inv No:97', '-433', '', '433', 6, '1', '2015-01-23 01:17:18', 'inv175'),
(146, 'Sales for Item Air Cleaner NQR - ACNQR of the Inv No:70', '-1850', '', '1850', 6, '1', '2015-01-23 01:25:15', 'inv145'),
(147, 'Sales for Item Battery Water - BW of the Inv No:70', '-120', '', '120', 6, '1', '2015-01-23 01:25:15', 'inv164'),
(148, 'Sales for Item ENGINE OIL10LTRS -  of the Inv No:70', '-3400', '', '3400', 6, '1', '2015-01-23 01:25:15', 'inv165'),
(149, 'Sales for Item Oil Filter6DBOB-0309-A - OF6DBOB of the Inv No:70', '-650', '', '650', 6, '1', '2015-01-23 01:25:15', 'inv144'),
(150, 'Sales for Item Fuel Filterz700 - FFZ700 of the Inv No:70', '-150', '', '150', 6, '1', '2015-01-23 01:25:15', 'inv143'),
(151, 'Sales for Item Air Cleaner NQR - ACNQR of the Inv No:69', '-1850', '', '1850', 6, '1', '2015-01-23 01:27:24', 'inv145'),
(152, 'Sales for Item Battery Water - BW of the Inv No:69', '-120', '', '120', 6, '1', '2015-01-23 01:27:24', 'inv164'),
(153, 'Sales for Item ENGINE OIL10LTRS -  of the Inv No:69', '-3400', '', '3400', 6, '1', '2015-01-23 01:27:24', 'inv165'),
(154, 'Sales for Item Fuel Filterz700 - FFZ700 of the Inv No:69', '-150', '', '150', 6, '1', '2015-01-23 01:27:24', 'inv143'),
(155, 'Sales for Item Oil Filter6DBOB-0309-A - OF6DBOB of the Inv No:69', '-650', '', '650', 6, '1', '2015-01-23 01:27:24', 'inv144'),
(156, 'Sales for Item Brake  lining(BL4 ISUZUVL.310.1) - BPLNQ of the Inv No:115', '-433', '', '433', 6, '1', '2015-01-23 23:19:36', 'inv175'),
(157, 'Sales for Item Grease 500gm - 678907 of the Inv No:115', '-320', '', '320', 6, '1', '2015-01-23 23:19:36', 'inv8'),
(158, 'Sales for Item Brake fluid - F005 of the Inv No:115', '-320', '', '320', 6, '1', '2015-01-23 23:19:36', 'inv14'),
(159, 'Sales for Item Brake  lining(BL4 ISUZUVL.310.1) - BPLNQ of the Inv No:114', '-433', '', '433', 6, '1', '2015-01-23 23:19:54', 'inv175'),
(160, 'Sales for Item CRANK SHAFT SENSOR -  of the Inv No:118', '-3500', '', '3500', 6, '1', '2015-01-24 02:42:17', 'inv209'),
(161, 'Sales for Item Engine oil 1.5ltrs - EOIL of the Inv No:118', '-200', '', '200', 6, '1', '2015-01-24 02:42:17', 'inv69'),
(162, 'Received 10 Gasket isuzu NQR (Pieces) into the warehouse', '2000', '2000', '', 6, '1', '2015-01-27 00:28:32', 'recp115'),
(163, 'Sales for Item Grease 500gm - 678907 of the Inv No:92', '-320', '', '320', 6, '1', '2015-01-28 02:36:43', 'inv8'),
(164, 'Sales for Item Brake fluid - F005 of the Inv No:92', '-320', '', '320', 6, '1', '2015-01-28 02:36:43', 'inv14'),
(165, 'Sales for Item Air Cleaner NQR - AC ISUZU NQR of the Inv No:123', '-1850', '', '1850', 6, '1', '2015-01-28 02:42:36', 'inv145'),
(166, 'Sales for Item Oil Filter6DBOB-0309-A - OF6DBOB ISUZU NQR of the Inv No:123', '-650', '', '650', 6, '1', '2015-01-28 02:42:36', 'inv144'),
(167, 'Sales for Item Fuel Filterz700 - FFZ700 ISUZU NQR of the Inv No:123', '-150', '', '150', 6, '1', '2015-01-28 02:42:36', 'inv143'),
(168, 'Sales for Item Diesel lube 54 10LTRS - Ds of the Inv No:123', '-3400', '', '3400', 6, '1', '2015-01-28 02:42:36', 'inv72'),
(169, 'Received 3 Oil Filter Toyota Harrier (Pieces) into the warehouse', '1350', '1350', '', 6, '1', '2015-01-29 01:54:10', 'recp116'),
(170, 'Received 4 ENGINE OIL4LTRS (Pieces) into the warehouse', '1300', '1300', '', 6, '1', '2015-01-29 01:54:31', 'recp117'),
(171, 'Sales for Item CRANK SHAFT SENSOR -  of the Inv No:118', '-3500', '', '3500', 6, '1', '2015-01-30 04:16:02', 'inv78'),
(172, 'Sales for Item Engine oil 1.5ltrs - EOIL of the Inv No:118', '-200', '', '200', 6, '1', '2015-01-30 04:16:02', 'inv79'),
(173, 'Sales for Item Oil Filter Nissan65F00 - OF65F00 Nissan of the Inv No:131', '-120', '', '120', 6, '1', '2015-01-30 15:21:52', 'inv99'),
(174, 'Sales for Item Air filterED500 - AFED500-NISSAN TIIDA,NOTE,NEW WING ROAD of the Inv No:131', '-250', '', '250', 6, '1', '2015-01-30 15:21:52', 'inv100'),
(175, 'Sales for Item ENGINE OIL4LTRS - EOL4 of the Inv No:131', '-1300', '', '1300', 6, '1', '2015-01-30 15:21:53', 'inv101'),
(176, 'Balance Adjustment, Reason:goods for real', '-230000', '', '230000', 6, '1', '2015-01-30 23:20:36', ''),
(177, 'Sales for Item Upper clutch kit - UPPC KIT of the Inv No:141', '-18400', '', '-18400', 6, '1', '2015-02-05 06:25:27', 'inv124'),
(178, 'Sales for Item Air filter - AF of the Inv No:142', '-3300', '', '-3300', 6, '1', '2015-02-05 06:34:16', 'inv125');

-- --------------------------------------------------------

--
-- Table structure for table `invoice`
--

CREATE TABLE IF NOT EXISTS `invoice` (
  `invoice_id` int(11) NOT NULL AUTO_INCREMENT,
  `booking_id` int(11) NOT NULL,
  `job_card_id` int(11) NOT NULL,
  `customer_id` int(11) NOT NULL,
  `invoice_no` varchar(100) NOT NULL,
  `currency` int(11) NOT NULL,
  `curr_rate` varchar(10) NOT NULL,
  `user_id` int(100) NOT NULL,
  `terms` longtext NOT NULL,
  `date_generated` timestamp NOT NULL DEFAULT CURRENT_TIMESTAMP,
  `discount_perc` varchar(100) NOT NULL,
  `discount_value` varchar(100) NOT NULL,
  `vat` int(11) NOT NULL,
  `vat_value` varchar(100) NOT NULL,
  `labour_cost` varchar(100) NOT NULL,
  `invoice_date` date NOT NULL,
  `confirm_status` int(11) NOT NULL,
  PRIMARY KEY (`invoice_id`)
) ENGINE=InnoDB  DEFAULT CHARSET=latin1 AUTO_INCREMENT=144 ;

--
-- Dumping data for table `invoice`
--

INSERT INTO `invoice` (`invoice_id`, `booking_id`, `job_card_id`, `customer_id`, `invoice_no`, `currency`, `curr_rate`, `user_id`, `terms`, `date_generated`, `discount_perc`, `discount_value`, `vat`, `vat_value`, `labour_cost`, `invoice_date`, `confirm_status`) VALUES
(8, 13, 11, 7, '', 6, '1', 0, 'cash', '2014-12-23 23:13:40', '', '', 0, '', '', '2014-12-23', 2),
(10, 12, 10, 7, '', 6, '1', 0, 'cash', '2014-12-24 00:22:32', '', '', 0, '', '', '2014-12-23', 1),
(11, 11, 9, 7, '', 6, '1', 0, 'cash', '2014-12-24 00:25:28', '', '', 0, '', '', '2014-12-23', 1),
(12, 8, 6, 7, '', 6, '1', 0, 'cash', '2014-12-24 01:05:55', '', '', 0, '', '', '2014-12-23', 1),
(13, 7, 5, 6, '', 6, '1', 0, 'cash', '2014-12-24 02:20:55', '', '', 1, '', '', '2014-12-23', 2),
(14, 7, 5, 6, '', 6, '1', 0, '', '2014-12-24 02:22:33', '1', '', 1, '', '', '2014-12-23', 2),
(15, 7, 5, 6, '', 6, '1', 0, 'cash', '2014-12-24 02:23:24', '1', '', 1, '', '', '2014-12-23', 2),
(16, 7, 5, 6, '', 6, '1', 0, 'cash', '2014-12-24 02:39:00', '', '', 1, '', '', '2014-12-23', 2),
(17, 15, 13, 6, '', 6, '1', 0, 'cash', '2014-12-24 03:05:24', '15', '', 1, '', '', '2014-12-23', 1),
(19, 9, 7, 7, '', 6, '1', 0, 'cash', '2014-12-24 03:32:35', '', '', 0, '', '', '2014-12-23', 1),
(20, 10, 8, 7, '', 6, '1', 0, 'cash', '2014-12-24 03:53:22', '', '', 0, '', '', '2014-12-23', 1),
(21, 12, 10, 7, '', 6, '1', 0, 'cash', '2014-12-24 04:12:57', '', '', 0, '', '', '2014-12-23', 1),
(22, 13, 11, 7, '', 6, '1', 0, 'cash', '2014-12-24 04:16:45', '', '', 0, '', '', '2014-12-23', 1),
(23, 21, 18, 7, '', 6, '1', 0, 'cash', '2014-12-30 02:28:57', '', '', 0, '', '', '2014-12-29', 1),
(25, 22, 19, 8, '', 6, '1', 0, 'cash', '2014-12-30 04:02:47', '', '', 1, '', '', '2014-12-29', 1),
(26, 22, 19, 8, '', 6, '1', 0, '', '2014-12-30 04:03:40', '', '', 0, '', '', '2014-12-29', 1),
(27, 20, 17, 7, '', 6, '1', 0, 'cash', '2014-12-30 04:11:35', '', '', 0, '', '', '2014-12-29', 2),
(28, 23, 20, 7, '', 6, '1', 0, 'cash', '2014-12-30 21:04:20', '', '', 0, '', '', '2014-12-30', 2),
(29, 30, 22, 7, '', 6, '1', 0, 'cash', '2014-12-31 21:35:03', '', '', 0, '', '', '2014-12-31', 1),
(30, 23, 20, 7, '', 6, '1', 0, '', '2014-12-31 21:40:50', '', '', 0, '', '', '2014-12-31', 2),
(31, 21, 18, 7, '', 6, '1', 0, '', '2014-12-31 21:43:56', '', '', 0, '', '', '2014-12-29', 2),
(32, 21, 18, 7, '', 6, '1', 0, '', '2014-12-31 21:53:38', '', '', 0, '', '', '2014-12-31', 2),
(33, 20, 17, 7, '', 6, '1', 0, '', '2014-12-31 21:55:50', '', '', 0, '', '', '2014-12-31', 2),
(34, 20, 17, 7, '', 6, '1', 0, '', '2015-01-01 03:20:33', '', '', 0, '', '', '2014-12-31', 1),
(35, 8, 6, 7, '', 6, '1', 0, '', '2015-01-01 03:24:04', '', '', 0, '', '', '2014-12-31', 1),
(36, 9, 7, 7, '', 6, '1', 0, 'cash', '2015-01-01 03:31:57', '', '', 0, '', '', '2014-12-31', 1),
(37, 10, 8, 7, '', 6, '1', 0, '', '2015-01-01 03:36:45', '', '', 0, '', '', '2014-12-31', 2),
(38, 29, 21, 7, '', 6, '1', 0, 'cash', '2015-01-02 20:15:33', '', '', 0, '', '', '2015-01-02', 1),
(39, 37, 27, 12, '', 6, '1', 0, 'cash', '2015-01-05 20:37:31', '', '', 0, '', '', '2015-01-05', 2),
(40, 37, 27, 12, '', 6, '1', 0, 'cash', '2015-01-05 20:48:51', '', '', 0, '', '', '2015-01-05', 2),
(41, 37, 27, 12, '', 6, '1', 0, 'cash', '2015-01-05 20:51:16', '', '', 0, '', '', '2015-01-05', 2),
(42, 37, 27, 12, '', 6, '1', 0, 'cash', '2015-01-05 20:52:41', '', '', 0, '', '', '2015-01-05', 1),
(43, 10, 8, 7, '', 6, '1', 0, 'cash', '2015-01-05 21:24:48', '', '', 0, '', '', '2015-01-05', 1),
(44, 12, 10, 7, '', 6, '1', 0, 'cash', '2015-01-05 21:27:43', '', '', 0, '', '', '2015-01-05', 1),
(45, 29, 21, 7, '', 6, '1', 0, 'cash', '2015-01-06 02:50:24', '', '', 0, '', '', '2015-01-05', 1),
(46, 11, 9, 7, '', 6, '1', 0, 'cash', '2015-01-06 02:54:05', '', '', 0, '', '', '2015-01-05', 1),
(47, 13, 11, 7, '', 6, '1', 0, 'cash', '2015-01-06 03:01:18', '', '', 0, '', '', '2015-01-05', 2),
(48, 17, 14, 7, '', 6, '1', 0, 'cash', '2015-01-06 03:04:02', '', '', 0, '', '', '2015-01-05', 1),
(49, 18, 15, 7, '', 6, '1', 0, 'cash', '2015-01-06 03:11:04', '', '', 0, '', '', '2015-01-05', 1),
(50, 18, 15, 7, '', 6, '1', 0, 'cash', '2015-01-06 03:13:04', '', '', 0, '', '', '2015-01-05', 1),
(51, 19, 16, 7, '', 6, '1', 0, 'cash', '2015-01-06 03:16:46', '', '', 0, '', '', '2015-01-05', 1),
(52, 20, 17, 7, '', 6, '1', 0, 'cash', '2015-01-06 03:23:58', '', '', 0, '', '', '2015-01-05', 1),
(53, 21, 18, 7, '', 6, '1', 0, 'cash', '2015-01-06 03:25:35', '', '', 0, '', '', '2015-01-05', 1),
(54, 23, 20, 7, '', 6, '1', 0, 'cash', '2015-01-06 03:28:39', '', '', 0, '', '', '2015-01-05', 1),
(55, 30, 22, 7, '', 6, '1', 0, 'CASH', '2015-01-06 03:32:51', '', '', 0, '', '', '2015-01-05', 1),
(56, 31, 23, 7, '', 6, '1', 0, 'CASH', '2015-01-06 03:36:57', '', '', 0, '', '', '2015-01-05', 1),
(57, 33, 25, 7, '', 6, '1', 0, 'cash', '2015-01-06 03:58:53', '', '', 0, '', '', '2015-01-05', 1),
(58, 34, 26, 7, '', 6, '1', 0, 'cash', '2015-01-06 04:00:25', '', '', 0, '', '', '2015-01-05', 1),
(59, 38, 28, 7, '', 6, '1', 0, 'cash', '2015-01-06 20:39:10', '', '', 0, '', '', '2015-01-06', 1),
(60, 42, 30, 7, '', 6, '1', 0, '', '2015-01-08 03:41:00', '', '', 0, '', '', '2015-01-07', 1),
(61, 41, 29, 7, '', 6, '1', 0, '', '2015-01-08 03:45:41', '', '', 0, '', '', '2015-01-07', 1),
(62, 9, 7, 7, '', 6, '1', 0, '', '2015-01-08 19:37:09', '', '', 0, '', '', '2015-01-08', 2),
(63, 43, 31, 7, '', 6, '1', 0, 'cash', '2015-01-10 21:36:19', '', '', 0, '', '', '2015-01-10', 2),
(64, 46, 34, 2, '', 6, '1', 0, '', '2015-01-10 21:48:08', '', '', 0, '', '', '2015-01-10', 1),
(65, 43, 31, 7, '', 6, '1', 0, 'cash', '2015-01-10 21:59:36', '', '', 0, '', '', '2015-01-10', 1),
(66, 47, 35, 14, '', 6, '1', 0, 'cash', '2015-01-10 23:42:29', '', '', 0, '', '', '2015-01-10', 1),
(67, 52, 40, 7, '', 6, '1', 0, 'cash', '2015-01-12 22:56:45', '', '', 0, '', '', '2015-01-12', 2),
(68, 52, 40, 7, '', 6, '1', 0, 'cash', '2015-01-12 22:58:28', '', '', 0, '', '', '2015-01-12', 1),
(69, 51, 39, 7, '', 6, '1', 0, 'cash', '2015-01-12 23:20:16', '', '', 0, '', '', '2015-01-12', 1),
(70, 52, 40, 7, '', 6, '1', 0, 'cash', '2015-01-13 02:26:43', '', '', 0, '', '', '2015-01-12', 1),
(71, 50, 38, 7, '', 6, '1', 0, '', '2015-01-13 02:31:04', '', '', 0, '', '', '2015-01-12', 1),
(72, 49, 37, 7, '', 6, '1', 0, 'cash', '2015-01-13 02:34:03', '', '', 0, '', '', '2015-01-12', 1),
(73, 48, 36, 7, '', 6, '1', 0, 'cash', '2015-01-13 02:35:37', '', '', 0, '', '', '2015-01-12', 1),
(74, 51, 39, 7, '', 6, '1', 0, 'cash', '2015-01-14 03:32:32', '', '', 0, '', '', '2015-01-12', 2),
(75, 51, 39, 7, '', 6, '1', 0, 'cash', '2015-01-14 03:35:45', '', '', 0, '', '', '2015-01-12', 2),
(76, 51, 39, 7, '', 6, '1', 0, 'cash', '2015-01-14 03:41:36', '', '', 0, '', '', '2015-01-12', 2),
(77, 55, 43, 15, '', 6, '1', 0, 'cash', '2015-01-14 22:52:31', '', '', 0, '', '', '2015-01-14', 1),
(78, 56, 44, 16, '', 6, '1', 0, '', '2015-01-15 02:12:38', '', '', 0, '', '', '2015-01-14', 2),
(79, 58, 46, 16, '', 6, '1', 0, '', '2015-01-15 02:22:12', '', '', 0, '', '', '2015-01-14', 1),
(80, 62, 48, 7, '', 6, '1', 0, '', '2015-01-15 20:38:57', '', '', 0, '', '', '2015-01-15', 2),
(81, 23, 20, 7, '', 6, '1', 0, 'cash\r\n', '2015-01-16 23:02:58', '', '', 0, '', '', '2015-01-16', 2),
(82, 41, 29, 7, '', 6, '1', 0, 'cash', '2015-01-16 23:04:16', '', '', 0, '', '', '2015-01-16', 1),
(83, 46, 34, 2, '', 6, '1', 0, '', '2015-01-16 23:40:24', '', '', 0, '', '', '2015-01-10', 2),
(84, 63, 49, 2, '', 6, '1', 0, 'cash', '2015-01-16 23:45:26', '', '', 0, '', '', '2015-01-16', 0),
(85, 64, 50, 17, '', 6, '1', 0, 'cash', '2015-01-16 23:47:31', '', '', 0, '', '', '2015-01-16', 2),
(86, 67, 53, 20, '', 6, '1', 0, 'cash', '2015-01-17 03:28:04', '', '', 0, '', '', '2015-01-16', 1),
(87, 71, 57, 21, '', 6, '1', 0, 'cash', '2015-01-17 20:59:20', '', '', 0, '', '', '2015-01-17', 1),
(88, 70, 56, 18, '', 6, '1', 0, 'cash', '2015-01-17 21:00:02', '', '', 0, '', '', '2015-01-16', 1),
(89, 68, 54, 6, '', 6, '1', 0, 'cash', '2015-01-17 21:25:45', '', '', 0, '', '', '2015-01-16', 0),
(90, 69, 55, 7, '', 6, '1', 0, 'cash', '2015-01-17 21:26:45', '', '', 0, '', '', '2015-01-17', 2),
(91, 66, 52, 19, '', 6, '1', 0, 'cash', '2015-01-17 21:34:36', '', '', 0, '', '', '2015-01-16', 2),
(92, 66, 52, 19, '', 6, '1', 0, 'cash', '2015-01-17 21:37:41', '', '', 0, '', '', '2015-01-16', 1),
(93, 45, 33, 7, '', 6, '1', 0, 'CASH', '2015-01-19 20:55:45', '', '', 0, '', '', '2015-01-19', 1),
(94, 75, 61, 22, '', 6, '1', 0, 'CASH', '2015-01-19 20:59:38', '', '', 0, '', '', '2015-01-19', 1),
(95, 53, 41, 7, '', 6, '1', 0, 'cash', '2015-01-19 22:00:49', '', '', 0, '', '', '2015-01-19', 1),
(96, 61, 47, 7, '', 6, '1', 0, 'cash', '2015-01-19 22:07:27', '', '', 0, '', '', '2015-01-19', 1),
(97, 62, 48, 7, '', 6, '1', 0, 'cash', '2015-01-19 22:09:15', '', '', 0, '', '', '2015-01-19', 1),
(98, 62, 48, 7, '', 6, '1', 0, 'cash', '2015-01-19 22:10:12', '', '', 0, '', '', '2015-01-19', 2),
(99, 72, 58, 7, '', 6, '1', 0, 'cash', '2015-01-19 22:14:01', '', '', 0, '', '', '2015-01-19', 0),
(100, 69, 55, 7, '', 6, '1', 0, 'cash', '2015-01-19 22:15:40', '', '', 0, '', '', '2015-01-19', 1),
(101, 43, 31, 7, '', 6, '1', 0, 'cash', '2015-01-19 22:53:48', '', '', 0, '', '', '2015-01-19', 0),
(102, 73, 59, 7, '', 6, '1', 62, 'cash', '2015-01-21 23:07:06', '', '', 0, '', '', '2015-01-21', 1),
(103, 74, 60, 7, '', 6, '1', 62, 'cash', '2015-01-22 00:11:17', '', '', 0, '', '', '2015-01-21', 2),
(104, 81, 65, 25, '', 6, '1', 62, 'cash', '2015-01-22 00:14:14', '', '', 0, '', '', '2015-01-21', 1),
(105, 82, 66, 26, '', 6, '1', 62, 'cash', '2015-01-22 02:46:12', '', '', 0, '', '', '2015-01-21', 1),
(106, 85, 69, 27, '', 6, '1', 62, 'cash', '2015-01-22 21:09:22', '', '', 0, '', '', '2015-01-22', 1),
(107, 88, 71, 24, '', 6, '1', 62, 'cash', '2015-01-22 23:43:40', '', '', 0, '', '', '2015-01-22', 1),
(108, 89, 72, 28, '', 6, '1', 62, '', '2015-01-23 00:32:47', '', '', 0, '', '', '2015-01-22', 1),
(109, 90, 73, 29, '', 6, '1', 62, 'cash', '2015-01-23 03:05:33', '1.357', '', 0, '', '', '2015-01-17', 1),
(110, 91, 74, 30, '', 6, '1', 62, '', '2015-01-23 04:08:16', '0.172', '', 0, '', '', '2014-12-03', 1),
(111, 92, 75, 31, '', 6, '1', 62, 'cash', '2015-01-23 19:36:36', '', '', 0, '', '', '2015-01-23', 1),
(112, 94, 77, 32, '', 6, '1', 62, 'cash', '2015-01-23 21:11:15', '', '', 0, '', '', '2015-01-23', 1),
(113, 83, 67, 6, '', 6, '1', 62, '', '2015-01-23 22:32:55', '', '', 0, '', '', '2015-01-21', 2),
(114, 84, 68, 7, '', 6, '1', 62, '', '2015-01-23 22:43:16', '', '', 0, '', '', '2015-01-23', 1),
(115, 79, 64, 7, '', 6, '1', 62, '', '2015-01-23 22:44:21', '', '', 0, '', '', '2015-01-23', 1),
(116, 44, 32, 7, '', 6, '1', 62, '', '2015-01-23 22:45:46', '', '', 0, '', '', '2015-01-23', 2),
(117, 14, 12, 6, '', 6, '1', 62, 'cash', '2015-01-23 22:48:39', '', '', 0, '', '', '2015-01-23', 1),
(118, 87, 70, 16, '', 6, '1', 62, 'cash', '2015-01-24 02:40:09', '', '', 0, '', '', '2015-01-23', 1),
(119, 97, 80, 9, '', 6, '1', 62, 'cash', '2015-01-24 21:59:17', '', '', 0, '', '', '2015-01-24', 1),
(120, 98, 81, 34, '', 6, '1', 62, '', '2015-01-24 23:23:55', '', '', 0, '', '', '2015-01-24', 1),
(121, 95, 78, 33, '', 6, '1', 62, '', '2015-01-24 23:28:02', '', '', 0, '', '', '2015-01-24', 1),
(122, 101, 83, 36, '', 6, '1', 62, '', '2015-01-25 03:50:55', '', '', 0, '', '', '2015-01-24', 0),
(123, 105, 87, 6, '', 6, '1', 62, '', '2015-01-25 22:56:16', '4.8511', '', 0, '', '', '2015-01-25', 1),
(124, 106, 88, 7, '', 6, '1', 62, '', '2015-01-25 23:01:53', '', '', 0, '', '', '2015-01-25', 0),
(125, 110, 92, 39, '', 6, '1', 62, '', '2015-01-26 22:22:08', '', '', 0, '', '', '2015-01-25', 0),
(126, 111, 93, 40, '', 6, '1', 62, '', '2015-01-26 22:23:15', '', '', 0, '', '', '2015-01-25', 0),
(127, 109, 91, 38, '', 6, '1', 62, '', '2015-01-26 22:23:58', '', '', 0, '', '', '2015-01-25', 0),
(128, 102, 84, 37, '', 6, '1', 62, '', '2015-01-26 22:24:58', '', '', 0, '', '', '2015-01-26', 0),
(129, 114, 96, 43, '', 6, '1', 62, '', '2015-01-26 22:39:43', '', '', 0, '', '', '2015-01-26', 0),
(130, 113, 95, 42, '', 6, '1', 62, '', '2015-01-26 22:43:08', '', '', 0, '', '', '2015-01-26', 0),
(131, 115, 97, 45, '', 6, '1', 62, '', '2015-01-27 04:16:17', '10', '', 0, '', '', '2015-01-26', 1),
(132, 116, 98, 7, '', 6, '1', 62, '', '2015-01-28 21:04:01', '', '', 0, '', '', '2015-01-28', 0),
(133, 117, 99, 27, '', 6, '1', 62, '', '2015-01-28 21:12:10', '', '', 0, '', '', '2015-01-28', 1),
(134, 118, 100, 2400000, '', 6, '1', 62, '', '2015-01-29 00:48:12', '47', '', 0, '', '', '2015-01-28', 0),
(135, 119, 101, 2400001, '', 6, '1', 62, '', '2015-01-29 01:49:39', '0.7345', '', 0, '', '', '2015-01-28', 0),
(136, 122, 102, 2400003, '', 6, '1', 62, '', '2015-01-29 04:01:10', '', '', 0, '', '', '2015-01-28', 1),
(137, 123, 103, 7, '', 6, '1', 62, '', '2015-01-30 02:35:19', '', '', 0, '', '', '2015-01-29', 0),
(138, 120, 108, 2400002, '', 6, '1', 19, 'omimi', '2015-02-05 04:47:46', '6', '', 1, '', '', '2015-02-09', 0),
(139, 127, 107, 38, '', 6, '1', 19, 'net 30 dys', '2015-02-05 05:05:28', '7', '', 1, '', '', '2015-02-03', 0),
(140, 127, 107, 38, '', 6, '1', 19, '5', '2015-02-05 05:09:08', '3', '', 0, '', '', '2015-02-26', 0),
(141, 127, 106, 38, '', 6, '1', 19, 'net', '2015-02-05 05:50:17', '0', '', 0, '', '', '2015-02-10', 1),
(142, 57, 45, 12, '', 6, '1', 19, 'net 30 days', '2015-02-05 06:32:47', '1', '', 1, '', '', '2015-02-04', 1),
(143, 126, 105, 32, '', 6, '1', 19, '', '2015-02-05 11:45:57', '1', '', 0, '', '', '2015-02-05', 0);

-- --------------------------------------------------------

--
-- Table structure for table `invoices`
--

CREATE TABLE IF NOT EXISTS `invoices` (
  `invoice_id` int(10) NOT NULL AUTO_INCREMENT,
  `invoice_no` varchar(100) NOT NULL,
  `invoice_ttl` varchar(100) NOT NULL,
  `inv_bal` varchar(100) NOT NULL,
  `currency_code` varchar(100) NOT NULL,
  `curr_rate` varchar(100) NOT NULL,
  `client_id` int(10) NOT NULL,
  `sales_code` int(10) NOT NULL,
  `user_id` int(10) NOT NULL,
  `sales_rep` int(11) NOT NULL,
  `date_generated` timestamp NOT NULL DEFAULT CURRENT_TIMESTAMP,
  `status` int(1) NOT NULL,
  `doubt_ful_status` int(1) NOT NULL,
  PRIMARY KEY (`invoice_id`)
) ENGINE=MyISAM DEFAULT CHARSET=latin1 AUTO_INCREMENT=1 ;

--
-- Dumping data for table `invoices`
--


-- --------------------------------------------------------

--
-- Table structure for table `invoices_old`
--

CREATE TABLE IF NOT EXISTS `invoices_old` (
  `invoice_id` int(11) NOT NULL AUTO_INCREMENT,
  `booking_id` int(11) NOT NULL,
  `inv_date` date NOT NULL,
  `terms` varchar(100) DEFAULT NULL,
  `user_id` int(100) NOT NULL,
  `comments` longtext NOT NULL,
  `date_generated` timestamp NOT NULL DEFAULT CURRENT_TIMESTAMP,
  `status` int(11) NOT NULL,
  PRIMARY KEY (`invoice_id`)
) ENGINE=InnoDB DEFAULT CHARSET=latin1 AUTO_INCREMENT=1 ;

--
-- Dumping data for table `invoices_old`
--


-- --------------------------------------------------------

--
-- Table structure for table `invoice_item`
--

CREATE TABLE IF NOT EXISTS `invoice_item` (
  `invoice_item_id` int(11) NOT NULL AUTO_INCREMENT,
  `booking_id` int(11) NOT NULL,
  `job_card_id` int(11) NOT NULL,
  `invoice_id` int(11) NOT NULL,
  `item_id` int(11) NOT NULL,
  `item_quantity` int(11) NOT NULL,
  `item_cost` varchar(10) NOT NULL,
  `curr_id` int(10) NOT NULL,
  `exchange_rate` varchar(10) NOT NULL,
  `user_id` int(100) NOT NULL,
  `date_generated` timestamp NOT NULL DEFAULT CURRENT_TIMESTAMP,
  `status` int(11) NOT NULL,
  PRIMARY KEY (`invoice_item_id`)
) ENGINE=InnoDB  DEFAULT CHARSET=latin1 AUTO_INCREMENT=131 ;

--
-- Dumping data for table `invoice_item`
--

INSERT INTO `invoice_item` (`invoice_item_id`, `booking_id`, `job_card_id`, `invoice_id`, `item_id`, `item_quantity`, `item_cost`, `curr_id`, `exchange_rate`, `user_id`, `date_generated`, `status`) VALUES
(1, 1, 1, 1, 1, 2, '320', 6, '1', 62, '2014-12-19 03:17:38', 0),
(2, 1, 1, 1, 4, 2, '', 6, '1', 62, '2014-12-19 03:17:38', 0),
(3, 1, 1, 1, 5, 3, '', 6, '1', 62, '2014-12-19 03:17:38', 0),
(4, 15, 13, 17, 14, 1, '320', 6, '1', 0, '2014-12-24 03:05:24', 0),
(5, 15, 13, 17, 42, 1, '5400', 6, '1', 0, '2014-12-24 03:05:24', 0),
(6, 37, 27, 39, 107, 4, '445', 6, '1', 0, '2015-01-05 20:37:31', 0),
(7, 37, 27, 39, 108, 1, '1495', 6, '1', 0, '2015-01-05 20:37:31', 0),
(8, 37, 27, 40, 107, 4, '445', 6, '1', 0, '2015-01-05 20:48:51', 0),
(9, 37, 27, 40, 108, 1, '1300', 6, '1', 0, '2015-01-05 20:48:51', 0),
(10, 37, 27, 41, 107, 4, '445', 6, '1', 0, '2015-01-05 20:51:16', 0),
(11, 37, 27, 41, 108, 1, '1300', 6, '1', 0, '2015-01-05 20:51:16', 0),
(12, 37, 27, 42, 107, 4, '445', 6, '1', 0, '2015-01-05 20:52:41', 0),
(13, 37, 27, 42, 108, 1, '1300', 6, '1', 0, '2015-01-05 20:52:41', 0),
(14, 29, 21, 45, 71, 1, '2200', 6, '1', 0, '2015-01-06 02:50:24', 0),
(15, 29, 21, 45, 14, 1, '320', 6, '1', 0, '2015-01-06 02:50:24', 0),
(16, 47, 35, 66, 69, 1, '2000', 6, '1', 0, '2015-01-10 23:42:29', 0),
(17, 52, 40, 67, 145, 1, '2130', 6, '1', 0, '2015-01-12 22:56:45', 0),
(18, 52, 40, 67, 164, 1, '150', 6, '1', 0, '2015-01-12 22:56:45', 0),
(19, 52, 40, 67, 165, 1, '3910', 6, '1', 0, '2015-01-12 22:56:45', 0),
(20, 52, 40, 67, 144, 1, '747', 6, '1', 0, '2015-01-12 22:56:45', 0),
(21, 52, 40, 67, 143, 1, '173', 6, '1', 0, '2015-01-12 22:56:45', 0),
(22, 52, 40, 68, 145, 1, '2130', 6, '1', 0, '2015-01-12 22:58:28', 0),
(23, 52, 40, 68, 164, 1, '150', 6, '1', 0, '2015-01-12 22:58:28', 0),
(24, 52, 40, 68, 165, 1, '3910', 6, '1', 0, '2015-01-12 22:58:28', 0),
(25, 52, 40, 68, 144, 1, '747', 6, '1', 0, '2015-01-12 22:58:29', 0),
(26, 52, 40, 68, 143, 1, '173', 6, '1', 0, '2015-01-12 22:58:29', 0),
(31, 51, 39, 69, 145, 1, '2130', 6, '1', 0, '2015-01-12 23:20:17', 0),
(32, 51, 39, 69, 164, 1, '150', 6, '1', 0, '2015-01-12 23:20:17', 0),
(33, 51, 39, 69, 165, 1, '3910', 6, '1', 0, '2015-01-12 23:20:17', 0),
(34, 51, 39, 69, 143, 1, '173', 6, '1', 0, '2015-01-12 23:20:17', 0),
(35, 51, 39, 69, 144, 1, '747', 6, '1', 0, '2015-01-12 23:20:17', 0),
(36, 52, 40, 70, 145, 1, '2130', 6, '1', 0, '2015-01-13 02:26:43', 0),
(37, 52, 40, 70, 164, 1, '150', 6, '1', 0, '2015-01-13 02:26:43', 0),
(38, 52, 40, 70, 165, 1, '3910', 6, '1', 0, '2015-01-13 02:26:43', 0),
(39, 52, 40, 70, 144, 1, '747', 6, '1', 0, '2015-01-13 02:26:43', 0),
(40, 52, 40, 70, 143, 1, '173', 6, '1', 0, '2015-01-13 02:26:43', 0),
(41, 50, 38, 71, 145, 1, '2130', 6, '1', 0, '2015-01-13 02:31:05', 0),
(42, 50, 38, 71, 165, 1, '3910', 6, '1', 0, '2015-01-13 02:31:05', 0),
(43, 50, 38, 71, 164, 1, '150', 6, '1', 0, '2015-01-13 02:31:05', 0),
(45, 49, 37, 72, 145, 1, '2130', 6, '1', 0, '2015-01-13 02:34:04', 0),
(46, 49, 37, 72, 164, 1, '150', 6, '1', 0, '2015-01-13 02:34:04', 0),
(47, 49, 37, 72, 165, 1, '3910', 6, '1', 0, '2015-01-13 02:34:04', 0),
(48, 49, 37, 72, 144, 1, '747', 6, '1', 0, '2015-01-13 02:34:04', 0),
(49, 49, 37, 72, 143, 1, '173', 6, '1', 0, '2015-01-13 02:34:04', 0),
(50, 48, 36, 73, 145, 1, '2130', 6, '1', 0, '2015-01-13 02:35:37', 0),
(51, 48, 36, 73, 165, 1, '3910', 6, '1', 0, '2015-01-13 02:35:37', 0),
(52, 48, 36, 73, 144, 1, '747', 6, '1', 0, '2015-01-13 02:35:37', 0),
(53, 48, 36, 73, 143, 1, '173', 6, '1', 0, '2015-01-13 02:35:37', 0),
(54, 48, 36, 73, 164, 1, '150', 6, '1', 0, '2015-01-13 02:35:37', 0),
(59, 51, 39, 74, 145, 1, '2130', 6, '1', 0, '2015-01-14 03:32:33', 0),
(60, 51, 39, 74, 164, 1, '150', 6, '1', 0, '2015-01-14 03:32:33', 0),
(61, 51, 39, 74, 165, 1, '3910', 6, '1', 0, '2015-01-14 03:32:33', 0),
(62, 51, 39, 74, 143, 1, '173', 6, '1', 0, '2015-01-14 03:32:33', 0),
(63, 51, 39, 74, 144, 1, '747', 6, '1', 0, '2015-01-14 03:32:33', 0),
(68, 51, 39, 75, 145, 1, '2130', 6, '1', 0, '2015-01-14 03:35:46', 0),
(69, 51, 39, 75, 164, 1, '150', 6, '1', 0, '2015-01-14 03:35:46', 0),
(70, 51, 39, 75, 165, 1, '3910', 6, '1', 0, '2015-01-14 03:35:46', 0),
(71, 51, 39, 75, 143, 1, '173', 6, '1', 0, '2015-01-14 03:35:46', 0),
(72, 51, 39, 75, 144, 1, '747', 6, '1', 0, '2015-01-14 03:35:46', 0),
(73, 51, 39, 76, 145, 1, '2130', 6, '1', 0, '2015-01-14 03:41:37', 0),
(74, 51, 39, 76, 164, 1, '150', 6, '1', 0, '2015-01-14 03:41:37', 0),
(75, 51, 39, 76, 165, 1, '3910', 6, '1', 0, '2015-01-14 03:41:37', 0),
(76, 51, 39, 76, 143, 1, '173', 6, '1', 0, '2015-01-14 03:41:37', 0),
(77, 51, 39, 76, 144, 1, '747', 6, '1', 0, '2015-01-14 03:41:37', 0),
(78, 55, 43, 77, 177, 1, '3680', 6, '1', 0, '2015-01-14 22:52:31', 0),
(79, 58, 46, 79, 128, 4, '215', 6, '1', 0, '2015-01-15 02:22:12', 0),
(80, 62, 48, 80, 14, 1, '320', 6, '1', 0, '2015-01-15 20:38:57', 0),
(81, 62, 48, 80, 175, 1, '500', 6, '1', 0, '2015-01-15 20:38:58', 0),
(82, 46, 34, 83, 130, 4, '202', 6, '1', 0, '2015-01-16 23:40:25', 0),
(83, 69, 55, 90, 51, 2, '410', 6, '1', 0, '2015-01-17 21:26:45', 0),
(84, 69, 55, 90, 143, 1, '173', 6, '1', 0, '2015-01-17 21:26:45', 0),
(85, 69, 55, 90, 144, 1, '747', 6, '1', 0, '2015-01-17 21:26:45', 0),
(86, 69, 55, 90, 145, 1, '2130', 6, '1', 0, '2015-01-17 21:26:45', 0),
(87, 66, 52, 91, 8, 1, '368', 6, '1', 0, '2015-01-17 21:34:37', 0),
(88, 66, 52, 91, 14, 1, '320', 6, '1', 0, '2015-01-17 21:34:37', 0),
(89, 66, 52, 92, 8, 1, '368', 6, '1', 0, '2015-01-17 21:37:41', 0),
(90, 66, 52, 92, 14, 1, '368', 6, '1', 0, '2015-01-17 21:37:41', 0),
(91, 62, 48, 97, 14, 1, '368', 6, '1', 0, '2015-01-19 22:09:16', 0),
(92, 62, 48, 97, 175, 1, '500', 6, '1', 0, '2015-01-19 22:09:16', 0),
(93, 62, 48, 98, 14, 1, '368', 6, '1', 0, '2015-01-19 22:10:12', 0),
(94, 62, 48, 98, 175, 1, '500', 6, '1', 0, '2015-01-19 22:10:12', 0),
(95, 69, 55, 100, 51, 2, '410', 6, '1', 0, '2015-01-19 22:15:40', 0),
(96, 69, 55, 100, 143, 1, '173', 6, '1', 0, '2015-01-19 22:15:40', 0),
(97, 69, 55, 100, 144, 1, '747', 6, '1', 0, '2015-01-19 22:15:40', 0),
(98, 69, 55, 100, 145, 1, '2130', 6, '1', 0, '2015-01-19 22:15:40', 0),
(99, 43, 31, 101, 165, 1, '3910', 6, '1', 0, '2015-01-19 22:53:48', 0),
(100, 43, 31, 101, 164, 3, '150', 6, '1', 0, '2015-01-19 22:53:48', 0),
(101, 43, 31, 101, 144, 1, '747', 6, '1', 0, '2015-01-19 22:53:48', 0),
(102, 43, 31, 101, 143, 1, '173', 6, '1', 0, '2015-01-19 22:53:48', 0),
(103, 43, 31, 101, 145, 1, '2130', 6, '1', 0, '2015-01-19 22:53:48', 0),
(104, 43, 31, 101, 1, 1, '320', 6, '1', 0, '2015-01-19 22:53:48', 0),
(107, 29, 0, 38, 71, 1, '2200', 6, '1', 69, '2015-01-19 23:19:30', 0),
(108, 73, 59, 102, 175, 1, '500', 6, '1', 62, '2015-01-21 23:07:06', 0),
(109, 73, 59, 102, 8, 2, '368', 6, '1', 62, '2015-01-21 23:07:06', 0),
(110, 83, 67, 113, 51, 1, '410', 6, '1', 62, '2015-01-23 22:32:55', 0),
(111, 84, 68, 114, 175, 1, '500', 6, '1', 62, '2015-01-23 22:43:17', 0),
(112, 79, 64, 115, 175, 1, '500', 6, '1', 62, '2015-01-23 22:44:21', 0),
(113, 79, 64, 115, 8, 1, '368', 6, '1', 62, '2015-01-23 22:44:21', 0),
(114, 79, 64, 115, 14, 1, '368', 6, '1', 62, '2015-01-23 22:44:21', 0),
(115, 87, 70, 118, 209, 1, '4025', 6, '1', 62, '2015-01-24 02:40:09', 0),
(116, 87, 70, 118, 69, 1, '230', 6, '1', 62, '2015-01-24 02:40:10', 0),
(117, 105, 87, 123, 145, 1, '2130', 6, '1', 62, '2015-01-25 22:56:17', 0),
(118, 105, 87, 123, 144, 1, '747', 6, '1', 62, '2015-01-25 22:56:17', 0),
(119, 105, 87, 123, 143, 1, '173', 6, '1', 62, '2015-01-25 22:56:17', 0),
(120, 105, 87, 123, 72, 1, '3910', 6, '1', 62, '2015-01-25 22:56:17', 0),
(121, 116, 98, 132, 202, 1, '750', 6, '1', 62, '2015-01-28 21:04:02', 0),
(122, 116, 98, 132, 170, 1, '348', 6, '1', 62, '2015-01-28 21:04:02', 0),
(123, 116, 98, 132, 8, 1, '368', 6, '1', 62, '2015-01-28 21:04:02', 0),
(124, 118, 100, 134, 73, 1, '3000', 6, '1', 62, '2015-01-29 00:48:12', 0),
(125, 118, 100, 134, 211, 1, '517', 6, '1', 62, '2015-01-29 00:48:12', 0),
(126, 118, 100, 134, 131, 4, '173', 6, '1', 62, '2015-01-29 00:48:12', 0),
(127, 118, 100, 134, 100, 1, '288', 6, '1', 62, '2015-01-29 00:48:12', 0),
(128, 123, 103, 137, 33, 1, '590', 6, '1', 62, '2015-01-30 02:35:20', 0),
(129, 120, 108, 138, 133, 3, '518', 6, '1', 19, '2015-02-05 04:47:47', 0),
(130, 120, 108, 138, 29, 2, '250', 6, '1', 19, '2015-02-05 04:47:47', 0);

-- --------------------------------------------------------

--
-- Table structure for table `invoice_payments`
--

CREATE TABLE IF NOT EXISTS `invoice_payments` (
  `invoice_payment_id` int(10) NOT NULL AUTO_INCREMENT,
  `sales_code_id` int(11) NOT NULL,
  `client_id` int(11) NOT NULL,
  `sales_rep` varchar(11) NOT NULL,
  `receipt_no` varchar(100) NOT NULL,
  `amount_received` varchar(100) NOT NULL,
  `decription` longtext NOT NULL,
  `currency_code` varchar(100) NOT NULL,
  `curr_rate` varchar(100) NOT NULL,
  `mop` varchar(11) NOT NULL,
  `ref_no` varchar(100) NOT NULL,
  `date_paid` date NOT NULL,
  `client_bank` varchar(100) NOT NULL,
  `our_bank` int(11) NOT NULL,
  `date_received` timestamp NOT NULL DEFAULT CURRENT_TIMESTAMP,
  `status` int(1) NOT NULL,
  PRIMARY KEY (`invoice_payment_id`)
) ENGINE=MyISAM  DEFAULT CHARSET=latin1 AUTO_INCREMENT=24 ;

--
-- Dumping data for table `invoice_payments`
--

INSERT INTO `invoice_payments` (`invoice_payment_id`, `sales_code_id`, `client_id`, `sales_rep`, `receipt_no`, `amount_received`, `decription`, `currency_code`, `curr_rate`, `mop`, `ref_no`, `date_paid`, `client_bank`, `our_bank`, `date_received`, `status`) VALUES
(1, 0, 16, '69', 'MGSR0001/2015', '4885', '', '6', '1', '1', '', '2015-01-14', '', 0, '2015-01-15 02:55:26', 1),
(3, 0, 25, '62', 'MGSR0003/2015', '400', 'payment received for puncture repair invoice no.104', '6', '1', '1', '', '2015-01-21', '', 0, '2015-01-22 00:29:13', 1),
(4, 0, 9, '62', 'MGSR0004/2015', '200', 'invoice no.105', '6', '1', '1', '', '2015-01-21', '', 0, '2015-01-22 02:54:28', 1),
(5, 0, 27, '62', 'MGSR0005/2015', '200', 'invoice no.106 for puncture repair', '6', '1', '1', '', '2015-01-22', '', 0, '2015-01-22 21:19:59', 1),
(6, 0, 28, '62', 'MGSR0006/2015', '200', '', '6', '1', '1', '', '2015-01-22', '', 0, '2015-01-23 00:37:27', 1),
(7, 0, 6, '69', 'MGSR0007/2015', '7272', '', '6', '1', '1', '', '2012-01-23', '', 0, '2015-01-23 01:48:29', 0),
(8, 0, 8, '69', 'MGSR0008/2015', '1380', '', '6', '1', '1', '', '2014-01-29', '', 0, '2015-01-23 01:52:01', 0),
(9, 0, 12, '69', 'MGSR0009/2015', '5230', '', '6', '1', '1', '', '2015-01-05', '', 0, '2015-01-23 02:12:22', 0),
(10, 0, 15, '69', 'MGSR0010/2015', '4600', '', '6', '1', '1', '', '2015-01-14', '', 0, '2015-01-23 02:13:12', 0),
(11, 0, 26, '69', 'MGSR0011/2015', '3680', '', '6', '1', '1', '', '2015-01-10', '', 0, '2015-01-23 02:14:16', 0),
(12, 0, 18, '69', 'MGSR0012/2015', '200', '', '6', '1', '1', '', '2015-01-17', '', 0, '2015-01-23 02:14:53', 0),
(13, 0, 22, '69', 'MGSR0013/2015', '400', '', '6', '1', '1', '', '0000-00-00', '', 0, '2015-01-23 02:15:26', 0),
(14, 0, 20, '69', 'MGSR0014/2015', '575', '', '6', '1', '1', '', '2015-01-16', '', 0, '2015-01-23 02:21:17', 0),
(15, 0, 25, '69', 'MGSR0015/2015', '400', '', '6', '1', '1', '', '2015-01-21', '', 0, '2015-01-23 02:22:12', 0),
(16, 0, 30, '69', 'MGSR0016/2015', '7200', '', '6', '1', '1', '', '2014-12-03', '', 0, '2015-01-23 19:40:29', 0),
(17, 0, 16, '62', 'MGSR0017/2015', '5980', 'payment for invoice no.118', '6', '1', '1', '', '2015-01-23', '', 0, '2015-01-24 03:07:01', 1),
(18, 0, 9, '62', 'MGSR0018/2015', '100', 'tyre change payment', '6', '1', '1', '', '2015-01-24', '', 0, '2015-01-24 22:03:32', 0),
(19, 0, 34, '62', 'MGSR0019/2015', '200', 'payment for puncture repair', '6', '1', '1', '', '2015-01-24', '', 0, '2015-01-24 23:42:24', 0),
(20, 0, 33, '62', 'MGSR0020/2015', '1000', 'payment for gear rectification', '6', '1', '1', '', '2015-01-24', '', 0, '2015-01-25 03:50:11', 0),
(21, 0, 27, '62', 'MGSR0021/2015', '300', '', '6', '1', '1', '', '2015-01-28', '', 0, '2015-01-28 21:14:41', 0),
(22, 0, 49, '62', 'MGSR0022/2015', '575', '', '6', '1', '4', 'GJ63DW621', '0000-00-00', '', 0, '2015-01-29 04:17:41', 0),
(23, 0, 2, '', 'MGSR0023/2015', '6700', '', '6', '1', '1', '', '2015-02-02', '', 0, '2015-02-05 07:26:15', 0);

-- --------------------------------------------------------

--
-- Table structure for table `invoice_paymentsold`
--

CREATE TABLE IF NOT EXISTS `invoice_paymentsold` (
  `invoice_payment_id` int(10) NOT NULL AUTO_INCREMENT,
  `sales_code_id` int(11) NOT NULL,
  `receipt_no` varchar(100) NOT NULL,
  `amount_received` varchar(100) NOT NULL,
  `decription` longtext NOT NULL,
  `currency_code` varchar(100) NOT NULL,
  `curr_rate` varchar(100) NOT NULL,
  `mop` varchar(11) NOT NULL,
  `ref_no` varchar(100) NOT NULL,
  `date_paid` date NOT NULL,
  `client_bank` varchar(100) NOT NULL,
  `our_bank` int(11) NOT NULL,
  `date_received` timestamp NOT NULL DEFAULT CURRENT_TIMESTAMP,
  `status` int(1) NOT NULL,
  PRIMARY KEY (`invoice_payment_id`)
) ENGINE=MyISAM DEFAULT CHARSET=latin1 AUTO_INCREMENT=1 ;

--
-- Dumping data for table `invoice_paymentsold`
--


-- --------------------------------------------------------

--
-- Table structure for table `invoice_task`
--

CREATE TABLE IF NOT EXISTS `invoice_task` (
  `invoice_task_id` int(11) NOT NULL AUTO_INCREMENT,
  `booking_id` int(11) NOT NULL,
  `job_card_id` int(11) NOT NULL,
  `invoice_id` int(11) NOT NULL,
  `task_name` longtext NOT NULL,
  `task_cost` varchar(100) NOT NULL,
  `task_remarks` longtext NOT NULL,
  `curr_id` int(11) NOT NULL,
  `exchange_rate` varchar(10) NOT NULL,
  `user_id` int(100) NOT NULL,
  `date_generated` timestamp NOT NULL DEFAULT CURRENT_TIMESTAMP,
  `status` int(11) NOT NULL,
  PRIMARY KEY (`invoice_task_id`)
) ENGINE=InnoDB  DEFAULT CHARSET=latin1 AUTO_INCREMENT=272 ;

--
-- Dumping data for table `invoice_task`
--

INSERT INTO `invoice_task` (`invoice_task_id`, `booking_id`, `job_card_id`, `invoice_id`, `task_name`, `task_cost`, `task_remarks`, `curr_id`, `exchange_rate`, `user_id`, `date_generated`, `status`) VALUES
(1, 1, 1, 1, '17', '800', '', 6, '1', 62, '2014-12-19 03:17:38', 0),
(2, 4, 2, 2, '17', '720', 'Cells were checked, Battery Water refillled, Repired', 6, '1', 0, '2014-12-20 00:10:36', 0),
(3, 4, 2, 2, '22', '5760', 'Oil Filter was changed, Wiper was replaced', 6, '1', 0, '2014-12-20 00:10:36', 0),
(4, 5, 3, 3, '22', '2760', 'changed oil filter', 6, '1', 0, '2014-12-20 00:53:43', 0),
(5, 6, 4, 4, '0', '0', '', 6, '1', 0, '2014-12-20 22:20:12', 0),
(6, 6, 4, 5, '6', '9600', 'it was repaired', 6, '1', 0, '2014-12-20 22:22:26', 0),
(7, 1, 1, 6, '0', '0', '1. Calibrated injector pump 2. Rectified headlights.', 6, '1', 0, '2014-12-23 22:54:25', 0),
(8, 4, 2, 7, '0', '0', '', 6, '1', 0, '2014-12-23 22:58:24', 0),
(9, 13, 11, 8, '24', '2000', 'the injector pump was calibrated', 6, '1', 0, '2014-12-23 23:13:40', 0),
(10, 13, 11, 8, '26', '1000', 'the headlights were rectified', 6, '1', 0, '2014-12-23 23:13:40', 0),
(11, 12, 10, 9, '0', '0', '', 6, '1', 0, '2014-12-24 00:21:41', 0),
(13, 12, 10, 10, '35', '500', '', 6, '1', 0, '2014-12-24 00:22:32', 0),
(16, 11, 9, 11, '32', '2000', '', 6, '1', 0, '2014-12-24 00:25:28', 0),
(18, 8, 6, 12, '33', '1000', '', 6, '1', 0, '2014-12-24 01:05:55', 0),
(19, 8, 6, 12, '29', '500', '', 6, '1', 0, '2014-12-24 01:05:55', 0),
(20, 7, 5, 13, '23', '1440', '', 6, '1', 0, '2014-12-24 02:20:55', 0),
(21, 7, 0, 13, '23', '1440', '', 6, '1', 62, '2014-12-24 02:21:45', 0),
(22, 7, 5, 14, '23', '1440', '', 6, '1', 0, '2014-12-24 02:22:33', 0),
(23, 7, 5, 15, '23', '1440', '', 6, '1', 0, '2014-12-24 02:23:24', 0),
(24, 7, 5, 16, '23', '1440', '', 6, '1', 0, '2014-12-24 02:39:00', 0),
(25, 15, 13, 17, '23', '1440', '', 6, '1', 0, '2014-12-24 03:05:24', 0),
(26, 9, 7, 18, '0', '0', '', 6, '1', 0, '2014-12-24 03:31:26', 0),
(28, 9, 7, 19, '35', '500', '', 6, '1', 0, '2014-12-24 03:32:35', 0),
(29, 9, 7, 19, '29', '500', '', 6, '1', 0, '2014-12-24 03:32:35', 0),
(32, 10, 8, 20, '28', '500', '', 6, '1', 0, '2014-12-24 03:53:22', 0),
(33, 10, 8, 20, '27', '2000', '', 6, '1', 0, '2014-12-24 03:53:22', 0),
(34, 10, 8, 20, '26', '1000', '', 6, '1', 0, '2014-12-24 03:53:23', 0),
(37, 12, 10, 21, '35', '500', '', 6, '1', 0, '2014-12-24 04:12:58', 0),
(39, 13, 11, 22, '26', '1000', '', 6, '1', 0, '2014-12-24 04:16:45', 0),
(40, 21, 18, 23, '47', '50', '2 Battery water was reffilled', 6, '1', 0, '2014-12-30 02:28:57', 0),
(41, 22, 19, 24, '0', '0', '', 6, '1', 0, '2014-12-30 04:01:51', 0),
(42, 22, 19, 25, '54', '600', '', 6, '1', 0, '2014-12-30 04:02:47', 0),
(43, 22, 19, 25, '55', '600', '', 6, '1', 0, '2014-12-30 04:02:47', 0),
(46, 20, 17, 27, '29', '500', '', 6, '1', 0, '2014-12-30 04:11:35', 0),
(47, 20, 17, 27, '47', '200', '', 6, '1', 0, '2014-12-30 04:11:35', 0),
(48, 23, 20, 28, '56', '960', '', 6, '1', 0, '2014-12-30 21:04:20', 0),
(49, 30, 22, 29, '29', '500', '', 6, '1', 0, '2014-12-31 21:35:03', 0),
(50, 23, 20, 30, '56', '1500', '', 6, '1', 0, '2014-12-31 21:40:50', 0),
(51, 21, 18, 31, '47', '50', '', 6, '1', 0, '2014-12-31 21:43:57', 0),
(52, 21, 18, 32, '47', '200', '2 bottles of b/water was refilled', 6, '1', 0, '2014-12-31 21:53:38', 0),
(53, 20, 17, 33, '17', '600', '', 6, '1', 0, '2014-12-31 21:55:50', 0),
(54, 20, 17, 33, '47', '200', '2 bottles of b/water was refilled', 6, '1', 0, '2014-12-31 21:55:50', 0),
(55, 20, 17, 33, '29', '500', '', 6, '1', 0, '2014-12-31 21:55:50', 0),
(56, 20, 17, 34, '17', '50', '', 6, '1', 0, '2015-01-01 03:20:33', 0),
(57, 20, 17, 34, '29', '500', '', 6, '1', 0, '2015-01-01 03:20:33', 0),
(58, 20, 17, 34, '47', '50', '', 6, '1', 0, '2015-01-01 03:20:33', 0),
(60, 8, 6, 35, '33', '800', '', 6, '1', 0, '2015-01-01 03:24:05', 0),
(61, 8, 6, 35, '29', '500', '', 6, '1', 0, '2015-01-01 03:24:05', 0),
(63, 9, 7, 36, '35', '500', '', 6, '1', 0, '2015-01-01 03:31:57', 0),
(64, 9, 7, 36, '29', '500', '', 6, '1', 0, '2015-01-01 03:31:57', 0),
(66, 10, 8, 37, '24', '2000', '', 6, '1', 0, '2015-01-01 03:36:46', 0),
(67, 10, 8, 37, '25', '2000', '', 6, '1', 0, '2015-01-01 03:36:46', 0),
(68, 10, 8, 37, '27', '2000', '', 6, '1', 0, '2015-01-01 03:36:46', 0),
(69, 10, 8, 37, '26', '1000', '', 6, '1', 0, '2015-01-01 03:36:46', 0),
(70, 10, 8, 37, '28', '500', '', 6, '1', 0, '2015-01-01 03:36:46', 0),
(71, 29, 21, 38, '63', '1500', '', 6, '1', 0, '2015-01-02 20:15:33', 0),
(72, 29, 21, 38, '28', '500', '', 6, '1', 0, '2015-01-02 20:15:33', 0),
(73, 37, 27, 39, '48', '0', '', 6, '1', 0, '2015-01-05 20:37:31', 0),
(74, 37, 27, 40, '0', '0', '', 6, '1', 0, '2015-01-05 20:48:51', 0),
(75, 37, 27, 41, '55', '500', '', 6, '1', 0, '2015-01-05 20:51:16', 0),
(76, 37, 27, 41, '22', '2300', '', 6, '1', 0, '2015-01-05 20:51:16', 0),
(77, 37, 27, 42, '22', '2300', '', 6, '1', 0, '2015-01-05 20:52:41', 0),
(79, 10, 8, 43, '25', '2000', '', 6, '1', 0, '2015-01-05 21:24:49', 0),
(80, 10, 8, 43, '27', '2000', '', 6, '1', 0, '2015-01-05 21:24:49', 0),
(81, 10, 8, 43, '28', '500', '', 6, '1', 0, '2015-01-05 21:24:49', 0),
(83, 12, 10, 44, '35', '500', '', 6, '1', 0, '2015-01-05 21:27:43', 0),
(84, 29, 0, 38, '72', '4000', '', 6, '1', 62, '2015-01-06 02:48:50', 0),
(85, 29, 21, 45, '28', '500', '', 6, '1', 0, '2015-01-06 02:50:24', 0),
(86, 29, 21, 45, '63', '500', '', 6, '1', 0, '2015-01-06 02:50:24', 0),
(87, 29, 21, 45, '72', '4000', '', 6, '1', 0, '2015-01-06 02:50:24', 0),
(88, 11, 9, 46, '32', '2000', '', 6, '1', 0, '2015-01-06 02:54:05', 0),
(91, 13, 11, 47, '24', '2000', '', 6, '1', 0, '2015-01-06 03:01:18', 0),
(92, 13, 11, 47, '26', '1000', '', 6, '1', 0, '2015-01-06 03:01:18', 0),
(93, 17, 14, 48, '29', '500', '', 6, '1', 0, '2015-01-06 03:04:02', 0),
(95, 18, 15, 50, '33', '800', '', 6, '1', 0, '2015-01-06 03:13:04', 0),
(96, 19, 16, 51, '73', '500', '', 6, '1', 0, '2015-01-06 03:16:46', 0),
(98, 20, 17, 52, '29', '500', '', 6, '1', 0, '2015-01-06 03:23:58', 0),
(99, 20, 17, 52, '47', '50', '', 6, '1', 0, '2015-01-06 03:23:58', 0),
(100, 21, 18, 53, '47', '50', '', 6, '1', 0, '2015-01-06 03:25:35', 0),
(101, 23, 20, 54, '56', '1500', '', 6, '1', 0, '2015-01-06 03:28:39', 0),
(102, 23, 20, 54, '73', '500', '', 6, '1', 0, '2015-01-06 03:28:39', 0),
(103, 30, 22, 55, '29', '500', '', 6, '1', 0, '2015-01-06 03:32:51', 0),
(104, 31, 23, 56, '64', '2000', '', 6, '1', 0, '2015-01-06 03:36:57', 0),
(105, 33, 25, 57, '67', '800', '', 6, '1', 0, '2015-01-06 03:58:53', 0),
(107, 34, 26, 58, '47', '50', '', 6, '1', 0, '2015-01-06 04:00:25', 0),
(108, 38, 28, 59, '38', '2000', '', 6, '1', 0, '2015-01-06 20:39:10', 0),
(109, 38, 28, 59, '76', '1000', '', 6, '1', 0, '2015-01-06 20:39:10', 0),
(110, 42, 30, 60, '29', '500', '', 6, '1', 0, '2015-01-08 03:41:00', 0),
(111, 41, 29, 61, '29', '500', '', 6, '1', 0, '2015-01-08 03:45:42', 0),
(112, 41, 29, 61, '77', '500', '', 6, '1', 0, '2015-01-08 03:45:42', 0),
(113, 41, 29, 61, '28', '500', '', 6, '1', 0, '2015-01-08 03:45:42', 0),
(114, 9, 7, 62, '24', '2000', '', 6, '1', 0, '2015-01-08 19:37:09', 0),
(115, 9, 7, 62, '35', '500', '', 6, '1', 0, '2015-01-08 19:37:09', 0),
(116, 9, 7, 62, '29', '500', '', 6, '1', 0, '2015-01-08 19:37:09', 0),
(117, 9, 7, 62, '30', '500', '', 6, '1', 0, '2015-01-08 19:37:09', 0),
(118, 43, 31, 63, '78', '2000', 'a new draglink was replaced', 6, '1', 0, '2015-01-10 21:36:19', 0),
(119, 43, 31, 63, '22', '4800', 'drained and refilled oil,changed oil and diesel filters,replaced air cleaner', 6, '1', 0, '2015-01-10 21:36:19', 0),
(120, 43, 31, 63, '26', '1000', 'right headlight was replaced', 6, '1', 0, '2015-01-10 21:36:19', 0),
(121, 43, 31, 63, '80', '1000', 'relay and thyrod ends were replaced', 6, '1', 0, '2015-01-10 21:36:19', 0),
(122, 46, 34, 64, '81', '1000', 'diesel was drained from the tank ', 6, '1', 0, '2015-01-10 21:48:09', 0),
(123, 43, 31, 65, '78', '2000', 'a new draglink was replaced', 6, '1', 0, '2015-01-10 21:59:36', 0),
(124, 43, 31, 65, '22', '1500', 'drained and refilled oil,changed oil and diesel filters,replaced air cleaner', 6, '1', 0, '2015-01-10 21:59:37', 0),
(125, 43, 31, 65, '26', '1000', 'right headlight was replaced', 6, '1', 0, '2015-01-10 21:59:37', 0),
(126, 43, 31, 65, '80', '1000', 'relay and thyrod ends were replaced', 6, '1', 0, '2015-01-10 21:59:37', 0),
(127, 43, 31, 65, '47', '50', '3bottles of battery water was refilled', 6, '1', 0, '2015-01-10 21:59:37', 0),
(128, 47, 35, 66, '22', '1000', 'drained and refilled engine oil', 6, '1', 0, '2015-01-10 23:42:29', 0),
(129, 52, 40, 67, '0', '0', '', 6, '1', 0, '2015-01-12 22:56:45', 0),
(130, 52, 40, 68, '22', '1500', 'drained and refilled oil,changed oil and diesel filters,replaced air cleaner', 6, '1', 0, '2015-01-12 22:58:28', 0),
(131, 52, 40, 68, '47', '50', '1 bottle of battery water was refilled', 6, '1', 0, '2015-01-12 22:58:28', 0),
(132, 51, 39, 69, '22', '1500', 'drained and refilled oil,changed oil and diesel filters,replaced air cleaner', 6, '1', 0, '2015-01-12 23:20:17', 0),
(133, 51, 39, 69, '47', '50', '1 bottle of battery water was refilled', 6, '1', 0, '2015-01-12 23:20:17', 0),
(134, 52, 40, 70, '22', '1500', 'Oil Filter was changed, Wiper was replaced', 6, '1', 0, '2015-01-13 02:26:43', 0),
(135, 52, 40, 70, '47', '50', '1 bottle of battery water was refilled', 6, '1', 0, '2015-01-13 02:26:43', 0),
(136, 50, 38, 71, '22', '1500', 'Oil Filter was changed, Wiper was replaced', 6, '1', 0, '2015-01-13 02:31:05', 0),
(137, 50, 38, 71, '47', '200', '1 bottle of battery water was refilled', 6, '1', 0, '2015-01-13 02:31:05', 0),
(138, 50, 38, 71, '33', '1000', 'a new radio was installed', 6, '1', 0, '2015-01-13 02:31:05', 0),
(139, 49, 37, 72, '22', '1500', 'Oil Filter was changed, Wiper was replaced', 6, '1', 0, '2015-01-13 02:34:03', 0),
(140, 49, 37, 72, '47', '50', '1 bottle of battery water was refilled', 6, '1', 0, '2015-01-13 02:34:04', 0),
(141, 48, 36, 73, '22', '1500', 'Oil Filter was changed, Wiper was replaced', 6, '1', 0, '2015-01-13 02:35:37', 0),
(142, 48, 36, 73, '47', '50', '1 bottle of battery water was refilled', 6, '1', 0, '2015-01-13 02:35:37', 0),
(144, 51, 39, 74, '47', '200', '1 bottle of battery water was refilled', 6, '1', 0, '2015-01-14 03:32:32', 0),
(145, 51, 0, 74, '22', '4800', '', 6, '1', 62, '2015-01-14 03:34:58', 0),
(146, 51, 39, 75, '22', '4800', 'drained and refilled oil,changed oil and diesel filters,replaced air cleaner', 6, '1', 0, '2015-01-14 03:35:45', 0),
(147, 51, 39, 75, '47', '200', '1 bottle of battery water was refilled', 6, '1', 0, '2015-01-14 03:35:45', 0),
(148, 51, 39, 76, '22', '4800', 'drained and refilled oil,changed oil and diesel filters,replaced air cleaner', 6, '1', 0, '2015-01-14 03:41:36', 0),
(149, 51, 39, 76, '47', '200', '1 bottle of battery water was refilled', 6, '1', 0, '2015-01-14 03:41:36', 0),
(150, 55, 43, 77, '82', '800', '5ltrs  ATF oil was refilled,', 6, '1', 0, '2015-01-14 22:52:31', 0),
(151, 56, 44, 78, '55', '500', '', 6, '1', 0, '2015-01-15 02:12:38', 0),
(153, 58, 46, 79, '83', '2500', '', 6, '1', 0, '2015-01-15 02:22:12', 0),
(154, 58, 46, 79, '55', '500', '', 6, '1', 0, '2015-01-15 02:22:12', 0),
(155, 58, 0, 79, '86', '500', '', 6, '1', 19, '2015-01-15 02:24:54', 0),
(156, 62, 48, 80, '87', '500', 'front wheel linings was replaced', 6, '1', 0, '2015-01-15 20:38:57', 0),
(157, 23, 20, 81, '56', '1500', '', 6, '1', 0, '2015-01-16 23:02:58', 0),
(158, 23, 20, 81, '73', '500', '', 6, '1', 0, '2015-01-16 23:02:58', 0),
(159, 41, 29, 82, '29', '500', '', 6, '1', 0, '2015-01-16 23:04:16', 0),
(160, 41, 29, 82, '77', '500', '', 6, '1', 0, '2015-01-16 23:04:16', 0),
(161, 41, 29, 82, '28', '500', '', 6, '1', 0, '2015-01-16 23:04:16', 0),
(162, 46, 34, 83, '81', '1000', 'diesel was drained and spark plugs were replaced', 6, '1', 0, '2015-01-16 23:40:24', 0),
(163, 63, 49, 84, '81', '800', 'the contaminated fuel was drained and the tank cleaned', 6, '1', 0, '2015-01-16 23:45:26', 0),
(164, 64, 50, 85, '91', '500', '', 6, '1', 0, '2015-01-16 23:47:31', 0),
(165, 67, 53, 86, '94', '500', '', 6, '1', 0, '2015-01-17 03:28:05', 0),
(166, 71, 57, 87, '48', '174', '', 6, '1', 0, '2015-01-17 20:59:20', 0),
(167, 70, 56, 88, '48', '174', '', 6, '1', 0, '2015-01-17 21:00:02', 0),
(169, 68, 54, 89, '106', '420', '', 6, '1', 0, '2015-01-17 21:25:45', 0),
(170, 69, 55, 90, '22', '4800', '', 6, '1', 0, '2015-01-17 21:26:45', 0),
(171, 66, 52, 91, '117', '0', '', 6, '1', 0, '2015-01-17 21:34:37', 0),
(172, 66, 52, 91, '67', '800', '', 6, '1', 0, '2015-01-17 21:34:37', 0),
(173, 66, 52, 92, '117', '500', '', 6, '1', 0, '2015-01-17 21:37:41', 0),
(174, 66, 52, 92, '67', '800', '', 6, '1', 0, '2015-01-17 21:37:41', 0),
(175, 45, 33, 93, '66', '1000', '', 6, '1', 0, '2015-01-19 20:55:45', 0),
(176, 75, 61, 94, '48', '174', '', 6, '1', 0, '2015-01-19 20:59:38', 0),
(177, 75, 61, 94, '48', '174', '', 6, '1', 0, '2015-01-19 20:59:38', 0),
(178, 53, 41, 95, '70', '3000', '', 6, '1', 0, '2015-01-19 22:00:49', 0),
(179, 53, 41, 95, '38', '2000', '', 6, '1', 0, '2015-01-19 22:00:49', 0),
(180, 61, 47, 96, '34', '800', '', 6, '1', 0, '2015-01-19 22:07:27', 0),
(181, 62, 48, 97, '61', '700', '', 6, '1', 0, '2015-01-19 22:09:16', 0),
(182, 62, 48, 98, '97', '500', '', 6, '1', 0, '2015-01-19 22:10:12', 0),
(183, 72, 58, 99, '61', '1000', '', 6, '1', 0, '2015-01-19 22:14:02', 0),
(184, 72, 58, 99, '109', '800', '', 6, '1', 0, '2015-01-19 22:14:02', 0),
(185, 72, 58, 99, '108', '1000', '', 6, '1', 0, '2015-01-19 22:14:02', 0),
(186, 69, 55, 100, '22', '1500', '', 6, '1', 0, '2015-01-19 22:15:40', 0),
(187, 43, 31, 101, '78', '2000', '', 6, '1', 0, '2015-01-19 22:53:48', 0),
(188, 43, 31, 101, '22', '1500', '', 6, '1', 0, '2015-01-19 22:53:48', 0),
(189, 43, 31, 101, '26', '1000', '1 headlight was replaced', 6, '1', 0, '2015-01-19 22:53:48', 0),
(190, 43, 31, 101, '47', '50', '3 bwater was refilled', 6, '1', 0, '2015-01-19 22:53:48', 0),
(191, 73, 59, 102, '117', '700', '', 6, '1', 62, '2015-01-21 23:07:06', 0),
(192, 73, 59, 102, '63', '500', '', 6, '1', 62, '2015-01-21 23:07:06', 0),
(193, 72, 0, 99, '62', '1500', '', 6, '1', 62, '2015-01-21 23:26:17', 0),
(194, 74, 60, 103, '92', '70', '', 6, '1', 62, '2015-01-22 00:11:18', 0),
(195, 74, 60, 103, '48', '174', '', 6, '1', 62, '2015-01-22 00:11:18', 0),
(196, 81, 65, 104, '48', '174', '', 6, '1', 62, '2015-01-22 00:14:14', 0),
(197, 81, 65, 104, '48', '174', '', 6, '1', 62, '2015-01-22 00:14:14', 0),
(198, 82, 66, 105, '48', '174', '', 6, '1', 62, '2015-01-22 02:46:12', 0),
(199, 85, 69, 106, '48', '174', '', 6, '1', 62, '2015-01-22 21:09:23', 0),
(200, 88, 71, 107, '67', '1500', '', 6, '1', 62, '2015-01-22 23:43:41', 0),
(201, 89, 72, 108, '48', '174', '', 6, '1', 62, '2015-01-23 00:32:47', 0),
(202, 90, 73, 109, '121', '90', '', 6, '1', 62, '2015-01-23 03:05:33', 0),
(203, 90, 73, 109, '121', '90', '', 6, '1', 62, '2015-01-23 03:05:33', 0),
(204, 90, 73, 109, '48', '174', '', 6, '1', 62, '2015-01-23 03:05:33', 0),
(205, 90, 73, 109, '48', '174', '', 6, '1', 62, '2015-01-23 03:05:33', 0),
(206, 90, 73, 109, '48', '174', '', 6, '1', 62, '2015-01-23 03:05:33', 0),
(207, 90, 73, 109, '48', '174', '', 6, '1', 62, '2015-01-23 03:05:33', 0),
(208, 90, 73, 109, '92', '50', '', 6, '1', 62, '2015-01-23 03:05:33', 0),
(209, 91, 74, 110, '122', '6275', '', 6, '1', 62, '2015-01-23 04:08:16', 0),
(210, 92, 75, 111, '48', '174', '', 6, '1', 62, '2015-01-23 19:36:36', 0),
(211, 94, 77, 112, '103', '174', '', 6, '1', 62, '2015-01-23 21:11:15', 0),
(212, 94, 0, 112, '103', '174', '', 6, '1', 62, '2015-01-23 21:32:04', 0),
(213, 83, 67, 113, '97', '500', '', 6, '1', 62, '2015-01-23 22:32:55', 0),
(214, 83, 67, 113, '26', '1000', '', 6, '1', 62, '2015-01-23 22:32:55', 0),
(215, 84, 68, 114, '120', '600', '', 6, '1', 62, '2015-01-23 22:43:17', 0),
(216, 84, 68, 114, '61', '700', '', 6, '1', 62, '2015-01-23 22:43:17', 0),
(217, 84, 68, 114, '68', '500', 'removal and fit of exhaust', 6, '1', 62, '2015-01-23 22:43:17', 0),
(218, 79, 64, 115, '97', '500', '', 6, '1', 62, '2015-01-23 22:44:21', 0),
(219, 79, 64, 115, '70', '3000', '', 6, '1', 62, '2015-01-23 22:44:21', 0),
(220, 44, 32, 116, '97', '500', '', 6, '1', 62, '2015-01-23 22:45:46', 0),
(221, 14, 12, 117, '97', '500', '', 6, '1', 62, '2015-01-23 22:48:40', 0),
(222, 14, 12, 117, '26', '1000', '', 6, '1', 62, '2015-01-23 22:48:40', 0),
(223, 87, 70, 118, '123', '1500', '', 6, '1', 62, '2015-01-24 02:40:09', 0),
(224, 63, 0, 84, '91', '500', '', 6, '1', 62, '2015-01-24 03:40:41', 0),
(225, 97, 80, 119, '121', '87', '', 6, '1', 62, '2015-01-24 21:59:17', 0),
(226, 98, 81, 120, '48', '174', '', 6, '1', 62, '2015-01-24 23:23:55', 0),
(227, 95, 78, 121, '130', '870', '', 6, '1', 62, '2015-01-24 23:28:02', 0),
(228, 101, 83, 122, '103', '174', '', 6, '1', 62, '2015-01-25 03:50:55', 0),
(229, 105, 87, 123, '22', '1500', '', 6, '1', 62, '2015-01-25 22:56:17', 0),
(230, 105, 87, 123, '61', '1000', '', 6, '1', 62, '2015-01-25 22:56:17', 0),
(231, 105, 87, 123, '36', '500', '', 6, '1', 62, '2015-01-25 22:56:17', 0),
(232, 106, 88, 124, '133', '480', '', 6, '1', 62, '2015-01-25 23:01:53', 0),
(233, 106, 88, 124, '107', '2000', '', 6, '1', 62, '2015-01-25 23:01:53', 0),
(234, 106, 88, 124, '97', '500', '', 6, '1', 62, '2015-01-25 23:01:53', 0),
(235, 110, 92, 125, '48', '174', '', 6, '1', 62, '2015-01-26 22:22:09', 0),
(236, 110, 92, 125, '48', '174', '', 6, '1', 62, '2015-01-26 22:22:09', 0),
(237, 111, 93, 126, '48', '174', '', 6, '1', 62, '2015-01-26 22:23:15', 0),
(238, 111, 93, 126, '48', '174', '', 6, '1', 62, '2015-01-26 22:23:15', 0),
(239, 109, 91, 127, '135', '174', '', 6, '1', 62, '2015-01-26 22:23:58', 0),
(240, 102, 84, 128, '48', '174', '', 6, '1', 62, '2015-01-26 22:24:58', 0),
(241, 114, 96, 129, '48', '174', '', 6, '1', 62, '2015-01-26 22:39:43', 0),
(242, 113, 95, 130, '48', '174', '', 6, '1', 62, '2015-01-26 22:43:09', 0),
(243, 113, 95, 130, '48', '174', '', 6, '1', 62, '2015-01-26 22:43:09', 0),
(244, 113, 95, 130, '121', '87', '', 6, '1', 62, '2015-01-26 22:43:09', 0),
(245, 113, 95, 130, '48', '174', '', 6, '1', 62, '2015-01-26 22:43:09', 0),
(246, 113, 95, 130, '48', '174', '', 6, '1', 62, '2015-01-26 22:43:09', 0),
(247, 115, 97, 131, '124', '4305', '', 6, '1', 62, '2015-01-27 04:16:17', 0),
(248, 116, 98, 132, '108', '1000', '', 6, '1', 62, '2015-01-28 21:04:02', 0),
(249, 116, 98, 132, '62', '1500', '', 6, '1', 62, '2015-01-28 21:04:02', 0),
(250, 117, 99, 133, '48', '174', '', 6, '1', 62, '2015-01-28 21:12:10', 0),
(251, 117, 99, 133, '121', '87', '', 6, '1', 62, '2015-01-28 21:12:10', 0),
(252, 118, 100, 134, '124', '4208', '', 6, '1', 62, '2015-01-29 00:48:12', 0),
(253, 119, 101, 135, '121', '87.6', '', 6, '1', 62, '2015-01-29 01:49:40', 0),
(254, 119, 101, 135, '121', '87.6', '', 6, '1', 62, '2015-01-29 01:49:40', 0),
(255, 122, 102, 136, '138', '500', '', 6, '1', 62, '2015-01-29 04:01:10', 0),
(256, 31, 0, 56, '117', '700', '', 6, '1', 62, '2015-01-29 22:32:25', 0),
(257, 38, 0, 59, '108', '500', '', 6, '1', 62, '2015-01-29 22:34:41', 0),
(258, 18, 0, 49, '33', '800', '', 6, '1', 62, '2015-01-29 22:36:34', 0),
(260, 9, 0, 19, '30', '200', '', 6, '1', 62, '2015-01-29 22:53:48', 0),
(261, 123, 103, 137, '121', '87', '', 6, '1', 62, '2015-01-30 02:35:20', 0),
(262, 123, 103, 137, '121', '87', '', 6, '1', 62, '2015-01-30 02:35:20', 0),
(263, 120, 108, 138, '0', '0', '', 6, '1', 19, '2015-02-05 04:47:46', 0),
(264, 127, 107, 140, '141', '780', 'Remarks are goods', 6, '1', 19, '2015-02-05 05:09:08', 0),
(265, 127, 107, 140, '142', '97600', '', 6, '1', 19, '2015-02-05 05:09:08', 0),
(266, 127, 0, 140, '148', '67098', 'In deed good', 6, '1', 19, '2015-02-05 05:28:45', 0),
(267, 127, 0, 141, '149', '2100', 'Remarks are goods pannel', 6, '1', 19, '2015-02-05 05:51:00', 0),
(268, 127, 0, 141, '150', '2200', 'OIl was drained', 6, '1', 19, '2015-02-05 06:24:04', 0),
(269, 57, 45, 142, '85', '2000', '', 6, '1', 19, '2015-02-05 06:32:47', 0),
(270, 126, 105, 143, '116', '200', '', 6, '1', 19, '2015-02-05 11:45:57', 0),
(271, 126, 0, 143, '151', '200', '', 6, '1', 19, '2015-02-05 11:48:01', 0);

-- --------------------------------------------------------

--
-- Table structure for table `items`
--

CREATE TABLE IF NOT EXISTS `items` (
  `item_id` int(10) NOT NULL AUTO_INCREMENT,
  `cat_id` int(10) NOT NULL,
  `item_name` varchar(100) NOT NULL,
  `item_code` varchar(100) NOT NULL,
  `pack_size` varchar(11) NOT NULL,
  `reorder_level` varchar(100) NOT NULL,
  `curr_bp` varchar(100) NOT NULL,
  `curr_sp` varchar(100) NOT NULL,
  `description` longtext NOT NULL,
  `status` int(1) NOT NULL,
  PRIMARY KEY (`item_id`),
  KEY `cat_id` (`cat_id`)
) ENGINE=MyISAM  DEFAULT CHARSET=latin1 AUTO_INCREMENT=215 ;

--
-- Dumping data for table `items`
--

INSERT INTO `items` (`item_id`, `cat_id`, `item_name`, `item_code`, `pack_size`, `reorder_level`, `curr_bp`, `curr_sp`, `description`, `status`) VALUES
(1, 1, 'Head light', 'HL678', '7', '30', '240', '320', 'good', 0),
(4, 2, 'Diesel injection pump', 'DIP', '120', '67', '2300', '3200', 'Diesel injection pump', 0),
(5, 2, 'AT transmission', 'ATT53', '200', '20', '3400', '3800', 'AT transmission', 0),
(6, 3, 'Front shock absorber', 'FSA98', '400', 'Pieces', '1800', '2200', 'Front shock absorber', 0),
(7, 5, 'Sand Paper', 'SP876', '120', 'Pieces', '1200', '3400', 'goods', 0),
(8, 5, 'Grease 500gm', '678907', 'Pieces', '10', '320', '368', '', 0),
(9, 5, 'Oil', 'Oil67', 'Pieces', '45', '780', '1110', '', 0),
(42, 3, 'clutch master cylinder', 'CMC01', 'Pieces', '2', '4500', '5400', '', 0),
(11, 5, 'O ring Kit ', 'OK002', 'Pieces', '30', '3', '4', '', 0),
(12, 5, 'pop rivets', 'poo3', 'Pieces', '5', '200', '250', '', 0),
(13, 5, 'cotton waste rugs', 'C0004', 'Pieces', '10', '20', '25', '', 0),
(14, 5, 'Brake fluid', 'F005', 'Pieces', '10', '320', '368', '', 0),
(15, 5, 'cable ties', 'C006', 'Pieces', '10', '50', '60', '', 0),
(16, 5, 'MASKING TAPE', 'M007', 'Pieces', '10', '60', '65', '', 0),
(17, 1, 'INSULATING TAPE', 'IN008', 'Pieces', '6', '46', '55', '', 0),
(18, 5, 'JUBILEE CLIPS', 'J009', 'Pieces', '20', '10', '10', '', 0),
(19, 5, 'ARADITE', 'AR010', 'Pieces', '10', '50', '60', '', 0),
(20, 5, 'SUPER GLUE', 'S0011', 'Pieces', '12', '30', '40', '', 0),
(21, 5, 'BATTERY TERMINAL', 'BA0012', 'Pieces', '30', '15', '25', '', 0),
(22, 1, 'BRAZING WIRE', 'BR0013', 'Pieces', '12', '90', '100', '', 0),
(23, 5, 'CLEAR SILICON TUBES', 'CL0014', 'Pieces', '12', '150', '200', '', 0),
(24, 5, 'CARBURATOR CLEANER', 'CA0015', 'Pieces', '10', '200', '250', '', 0),
(25, 5, 'DISTILLED WATER', 'DI0016', 'Pieces', '12', '100', '120', '', 0),
(26, 5, 'DRIIL BITS', 'DR00017', 'Pieces', '12', '100', '120', '', 0),
(27, 5, 'DUST MASK', 'DU0018', 'Pieces', '4', '100', '120', '', 0),
(28, 5, 'EMERY PAPERS', 'EM0019', 'Pieces', '2', '140', '150`', '', 0),
(29, 5, 'FRONT REFLECTORS', 'FR0020', 'Pieces', '20', '240', '250', '', 0),
(30, 5, 'HACKSAWB BLADES', 'HA0021', 'Pieces', '20', '90', '100', '', 0),
(31, 5, 'MOLY SLIP GREASE', 'MO 0022', 'Pieces', '20', '200', '200', '', 0),
(32, 5, 'MUTTON CLOTH', 'MU0023', 'Pieces', '10', '50', '60', '', 0),
(33, 5, 'RADIATOR COOLANT', 'RA0024', 'Pieces', '24', '510', '590', '', 0),
(34, 5, 'REAR CHEVRONS', 'RE', 'Pieces', '5', '400', '500', '0', 0),
(35, 5, 'REAR REFLECTORS', 'RA0025', 'Pieces', '24', '250', '300', '', 0),
(37, 5, 'WD 40 SPRAY', 'WD0027', 'Pieces', '6', '250', '300', '', 0),
(38, 1, 'WELDING RODS', 'WE0028', 'Pieces', '4', '150', '180', '', 0),
(39, 5, 'DEGREASER DETERGENT', 'DE0029', 'Pieces', '5', '800', '900', '', 0),
(40, 5, 'ASSORTED COPPER WASHER', 'AS0030', 'Pieces', '20', '60', '80', '', 0),
(41, 1, 'ELECTRICAL WIRE', 'EL0031', 'Pieces', '3', '1200', '1500', '', 0),
(43, 1, 'On & Off switch', 'sw', 'Pieces', '2', '100', '150', '', 0),
(44, 1, 'Head light Single Bulb  12v', 'SUB12', 'Pieces', '10', '100', '115', '', 0),
(45, 1, 'Headlight Bulb 24v', 'Bud', 'Pieces', '10', '100', '115', '', 0),
(46, 1, 'Horn fuse amp10', 'HF10', 'Pieces', '12', '100', '150', '', 0),
(47, 1, 'Horn fuse amp15', 'HF15', 'Pieces', '10', '100', '150', '', 0),
(48, 5, 'Omo 500grms', 'OM', 'Pieces', '4', '145', '', '', 0),
(49, 1, 'Head light Single Bulb 24v', 'BS24', 'Pieces', '12', '100', '115', '', 0),
(50, 1, ' Double Bulb 24V', 'DB12', 'Pieces', '12', '50', '80', '', 0),
(51, 1, 'head light bulb h4 24v', 'H424', 'Pieces', '12', '355', '410', '', 0),
(52, 1, 'head light helogen 12v', 'HH12', 'Pieces', '12', '100', '120', '', 0),
(53, 1, 'indicator bulb single 24v', 'IDB24', 'Pieces', '12', '150', '173', '', 0),
(54, 1, 'indicator bulb double 12v', 'IDB12', 'Pieces', '12', '50', '58', '', 0),
(55, 5, 'Starplex grease(caltex)1/2kg', 'SPG', 'Pieces', '12', '320', '450', '', 0),
(56, 3, 'Gear mountain', 'Gm', 'Pieces', '2', '1500', '2500', '', 0),
(57, 2, 'Engine mountain', 'Em', 'Pieces', '2', '3500', '4500', '', 0),
(66, 6, 'Air filter', 'AF', 'Pieces', '5', '1100', '1265', '', 0),
(59, 4, 'Rear shock absorbers', 'RSH AB', 'Pieces', '2', '1200', '1800', '', 0),
(60, 7, 'Kingpin', 'KPN', 'Pieces', '2', '3500', '4025', '', 0),
(61, 4, 'Pilot bearings', 'PIB', 'Pieces', '3', '2000', '2500', '', 0),
(62, 3, 'Upper clutch kit', 'UPPC KIT', 'Pieces', '2', '800', '1200', '', 0),
(63, 4, 'Bottom clutch kit', 'BC KIT', 'Pieces', '2', '800', '1500', '', 0),
(64, 4, 'Ball joints', 'BLL JOI', 'Pieces', '4', '2000', '2500', '', 0),
(65, 4, 'Thyrod', 'thy', 'Pieces', '5', '1000', '1500', '', 0),
(67, 2, 'Isuzu Diesel filter', 'DF', 'Pieces', '5', '200', '500', '', 0),
(68, 2, 'Isuzu oil filter', 'ISZ O FIL', 'Pieces', '5', '550', '750', '', 0),
(69, 2, 'Engine oil 1.5ltrs', 'EOIL', 'Pieces', '4', '200', '230', '', 0),
(70, 5, 'Battery acid', 'BACD', 'Pieces', '12', '150', '250', '', 0),
(71, 5, 'Gear box oil', 'Gbo', 'Pieces', '6', '1890', '2200', '', 0),
(72, 6, 'Diesel lube 54 10LTRS', 'Ds', 'Pieces', '12', '3400', '3910', '', 0),
(73, 5, 'Engine oil 5ltrs multi grade', 'EOMG', 'Pieces', '10', '2050', '3000', '', 0),
(74, 6, 'Air transmission fluid 500ml', 'ATF', 'Pieces', '12', '250', '288', '', 0),
(75, 6, 'Air transmission fluid 5ltrs', 'ATF5', 'Pieces', '12', '1900', '2200', '', 0),
(76, 6, 'Air filterAA090', 'AFAA090-SUBARU LEGACY', 'Pieces', '12', '300', '345', '', 0),
(77, 6, 'Air filterAA070', 'AFAA070-SUBARU FORESTER', 'Pieces', '12', '350', '402.5', '', 0),
(78, 6, 'Air filterP2J-003', 'AFP2J-003-HONDA CRV SQUARE', 'Pieces', '12', '300', '345', '', 0),
(79, 6, 'Air filterPNB003', 'AFPNB003-HONDA CVR CYLINDER', 'Pieces', '12', '350', '403', '', 0),
(80, 6, 'Air filterEB300', 'AFEB300-NISSAN NARAVA', 'Pieces', '12', '400', '460', '', 0),
(82, 6, 'Air filteB1010', 'AF1010-TOYOTA RUSH', 'Pieces', '12', '400', '460', '', 0),
(83, 6, 'Air filterPWJ-A10', 'AFPWL-A10-HONDA FIT&HONDA AIRWAVE', 'Pieces', '12', '550', '633', '', 0),
(84, 6, 'Air filter67060', 'AF67060-PRADO', 'Pieces', '12', '550', '633', '', 0),
(85, 6, 'Air filter4M400', 'ATF4M400', 'Pieces', '12', '500', '575', '', 0),
(86, 6, 'Air filter11050', 'AF11050 starlet/duet', 'Pieces', '12', '220', '253', '', 0),
(87, 6, 'Air filter11090', 'AF11090- corolla AE90/100', 'Pieces', '12', '200', '230', '', 0),
(88, 6, 'Air filter15070', 'AF15070- Corolla 110', 'Pieces', '6', '200', '230', '', 0),
(89, 6, 'Air filter16020', 'AF16020-caldina', 'Pieces', '6', '200', '230', '', 0),
(90, 6, 'Air filter21030', 'ATF21030-probox/succeed', 'Pieces', '6', '200', '230', '', 0),
(91, 6, 'Air filter21050', 'ATF21050-corolla ZZE,New fielder, premio', 'Pieces', '6', '200', '230', '', 0),
(92, 6, 'Air filter22020', 'AF22020-NZE,Premio,allex,Noah,Fielder,Voxy,Wish', 'Pieces', '6', '200', '230', '', 0),
(93, 6, 'Air filter23030', 'AF23030-Vitz/platz', 'Pieces', '6', '200', '230', '', 0),
(94, 6, 'Air filter35020', 'ATF35020-TOWNACE,NOAH OLD MODEL', 'Pieces', '6', '220', '253', '', 0),
(95, 6, 'Air filter73C10', 'ATF73C10-NISSAN B14', 'Pieces', '6', '200', '230', '', 0),
(96, 6, 'Air filter74020', 'AF74020-PREMIOM /CARINA', 'Pieces', '6', '220', '253', '', 0),
(97, 6, 'Air filter77A10', 'AF77A10-NISSAN B13', 'Pieces', '6', '220', '253', '', 0),
(98, 6, 'Air filter41B00', 'AF41B00- NISSAN MARCH', 'Pieces', '6', '220', '253', '', 0),
(99, 6, 'Air filterV0100', 'AFV0100NISSANB15.WINGROAD,SUBARU', 'Pieces', '6', '220', '253', '', 0),
(100, 6, 'Air filter20040', 'AF20040-Rav4,Kluger,Harrier', 'Pieces', '6', '250', '288', '', 0),
(101, 6, 'Air filter2810', 'AF28010-RAV 4', 'Pieces', '6', '250', '288', '', 0),
(102, 6, 'Air filter70050', 'AF70050-RAV 4', 'Pieces', '6', '250', '288', '', 0),
(103, 6, 'Air filter74060', 'AF74060-HARRIER NEW MODEL', 'Pieces', '6', '300', '345', '', 0),
(104, 6, 'Air filterMv188', 'AFMR188657-Mitsubishi lancer', 'Pieces', '6', '250', '253', '', 0),
(105, 6, 'Air filterMv266', 'AMR266849-MITSUBISHI GALANT', 'Pieces', '6', '250', '288', '', 0),
(106, 6, 'Air filter22600', 'AF22600-Nissan,Vernette', 'Pieces', '6', '300', '345', '', 0),
(107, 6, 'Spark plugs 8H516', 'SP8H516', 'Pieces', '6', '400', '445', '', 0),
(108, 5, 'ENGINE OIL4LTRS', 'EOL4', 'Pieces', '4', '1300', '1300', '', 0),
(109, 6, 'Air filterED500', 'AFED500-NISSAN TIIDA,NOTE,NEW WING ROAD', 'Pieces', '12', '250', '288', '', 0),
(110, 6, 'Air filte31110', 'AF31110-MARK X', 'Pieces', '12', '350', '403', '', 0),
(111, 6, 'Air filter31120', 'AF31120 RAV 4', 'Pieces', '12', '300', '345', '', 0),
(112, 6, 'Air filter50040', 'AF50040-LAND CRUISER PRADO', 'Pieces', '12', '350', '403', '', 0),
(113, 6, 'Air filter97402', 'AF97402-PASSO', 'Pieces', '12', '300', '345', '', 0),
(114, 6, 'Air filter47010', 'AF47010-Air conditioner toyota', 'Pieces', '12', '350', '403', '', 0),
(115, 6, 'Fuel FilterMB220900', 'FFMB220900', 'Pieces', '12', '220', '253', '', 0),
(116, 6, 'Fuel Filter64010', 'FF64010', 'Pieces', '12', '220', '253', '', 0),
(117, 6, 'Oil Filter Toyota10001/03001', 'OF10001/03001', 'Pieces', '6', '100', '115', '', 0),
(118, 6, 'Oil Filter Toyota03006', 'OF03006 TOYOTA', 'Pieces', '6', '250', '288', '', 0),
(119, 6, 'Oil Filter Nissan65F00', 'OF65F00 Nissan', 'Pieces', '6', '120', '138', '', 0),
(120, 6, 'Oil Filter Mark x-31020/80', 'OF31020/80 Mark x-31020/80', 'Pieces', '6', '250', '288', '', 0),
(121, 6, 'Oil Filter Toyota Passo-37010', 'OF37010 Toyota passo', 'Pieces', '6', '250', '288', '', 0),
(122, 6, 'Oil Filter 20001/30002', 'OF20001/30002', 'Pieces', '6', '150', '173', '', 0),
(123, 6, 'Oil Filter MD135737', 'OFMD135737', 'Pieces', '6', '120', '138', '', 0),
(124, 6, 'Spark Plugs BKR6E2756', 'SPBKR6E2756', 'Pieces', '12', '175', '202', '', 0),
(125, 6, 'Spark Plugs BP6ES-7811', 'SPBP6ES7811', 'Pieces', '12', '150', '173', '', 0),
(126, 6, 'Spark Plugs BP6EY-6278', 'SPBP6EY6278', 'Pieces', '12', '150', '173', '', 0),
(127, 6, 'Spark Plugs BCP5ES-7810', 'SPBCP5ES7810', 'Pieces', '12', '150', '184', '', 0),
(128, 6, 'Spark plugs BKR6EYA4195', 'SP BKR6EYA4195', 'Pieces', '12', '188', '215', '', 0),
(129, 6, 'Spark Plugs Denso K16Single', 'SPDK16S', 'Pieces', '12', '165', '190', '', 0),
(130, 6, 'Spark Plugs Denso K16Double', 'SPDK16D', 'Pieces', '12', '175', '202', '', 0),
(131, 6, 'Spark Plugs Denso Q20 Single', 'SPDQ20S', 'Pieces', '12', '150', '173', '', 0),
(132, 6, 'Spark Plugs  K20Double', 'SPK20D', 'Pieces', '12', '180', '207', '', 0),
(133, 6, 'Air filter06050', 'AF06050', 'Pieces', '12', '450', '518', '', 0),
(134, 7, 'Clutch plate ', 'cp', 'Pieces', '4', '4500', '5175', '', 0),
(135, 7, 'Pressure plate corolla 110', 'PPC110', 'Pieces', '4', '5000', '6325', '', 0),
(136, 6, 'Oil Filter Probox petrol', 'OF(Probox petrol)', 'Pieces', '4', '150', '173', '', 0),
(138, 6, 'Air filter50060', 'AF50060 TOYOTA CROWN', 'Pieces', '12', '400', '460', '', 0),
(139, 1, 'horn relay', 'HR', 'Pieces', '24', '700', '805', '', 0),
(140, 1, 'RADIO', '', 'Pieces', '', '8000', '8500', '', 0),
(141, 1, 'battery', '', 'Pieces', '', '24000', '24500', '', 0),
(143, 6, 'Fuel Filterz700', 'FFZ700 ISUZU NQR', 'Pieces', '', '150', '173', '', 0),
(144, 6, 'Oil Filter6DBOB-0309-A', 'OF6DBOB ISUZU NQR', 'Pieces', '12', '650', '747', '', 0),
(145, 6, 'Air Cleaner NQR', 'AC ISUZU NQR', 'Pieces', '6', '1850', '2130', '', 0),
(146, 7, 'Brake padsKD2718', 'BK2718 camry,vista,carina ED,carina,gracia,caldinaa', 'Pieces', '12', '850', '980', '', 0),
(147, 7, 'Brake padsKD2780', 'BPKD2780 corolla saloon', 'Pieces', '12', '1300', '1495', '', 0),
(148, 7, 'Brake padsKD2701', 'BPKD2701platz,vitz,probox succed', 'Pieces', '6', '850', '980', '', 0),
(149, 7, 'tie rod end', '', 'Pieces', '', '8000', '9200', '', 0),
(150, 7, 'drag links', '', 'Pieces', '', '13000', '14950', '', 0),
(151, 7, 'Brake padsKD2725', 'BPKD2725 sunny,lucino,bluebird,wingroad,ad van,expert', 'Pieces', '6', '850', '980', '', 0),
(152, 7, 'Brake padsKD2203', 'BPKD2203 Hilux srf,land cruiser,cruiser prado', 'Pieces', '6', '900', '1035', '', 0),
(153, 7, 'Brake padsKD2208', 'BPKD2208 land cruiser', 'Pieces', '6', '1000', '1150', '', 0),
(154, 7, 'Brake padsKD2798', 'BPKD2798 Avensis(T25)', 'Pieces', '6', '1300', '1495', '', 0),
(155, 7, 'Brake padsKD2740', 'BPKD2740 Camry,Vista,Kluger V', 'Pieces', '6', '750', '863', '', 0),
(156, 7, 'Brake padsKD2457', 'BPKD2457 Kluger V', 'Pieces', '6', '950', '1035', '', 0),
(157, 7, 'Brake padsKD1740', 'BPKD1740 Nissan march1400BK12,Tilda cube1400BZ', 'Pieces', '6', '1000', '1150', '', 0),
(158, 7, 'Brake padsKD2739', 'BPKD2739 wish', 'Pieces', '6', '900', '1035', '', 0),
(159, 7, 'Brake padsKD2776', 'BPKD2776 camry,corolla,tersel,corsa,starlet corolla', 'Pieces', '6', '750', '863', '', 0),
(160, 7, 'Brake padsKD1739', 'BPKD1739 primera,primera wagon,taena.skylive,fairlady', 'Pieces', '6', '850', '980', '', 0),
(161, 7, 'Brake padsKD1735', 'BPKD1735', 'Pieces', '12', '900', '1035', '', 0),
(163, 7, 'Brake padsGDB7075S', 'BPGDN7075S', 'Pieces', '12', '950', '1150', '', 0),
(164, 6, 'Battery Water', 'BW', 'Pieces', '', '120', '150', '', 0),
(165, 6, 'ENGINE DIESEL  OIL10LTRS', '', 'Pieces', '', '3400', '3910', '', 0),
(167, 6, 'Rear Wheel outer 4.3 8-89448094-0', 'RWO 4.3 8-89448094-0 ISUZU NQR', 'Pieces', '', '500', '575', '', 0),
(168, 6, 'Rear Wheel inner1-03434659-0', 'RWI 1-03434659-0 ISUZU NQR', 'Pieces', '4', '500', '575', '', 0),
(170, 6, 'Front inner seal 8-942481171-0 ', 'FIS8-942481171-0 ISUZU NQR', 'Pieces', '', '300', '348', '', 0),
(171, 7, 'Brake padsKD2607', 'BPKD2607/06', 'Pieces', '6', '900', '1035', '', 0),
(172, 7, 'Brake pads liningX288', 'BPLX288 toyota', 'Pieces', '6', '600', '750', '', 0),
(173, 7, 'Brake pads liningAK2342', 'AK2342 toyota', 'Pieces', '6', '650', '747', '', 0),
(175, 7, 'Brake  lining(BL4 ISUZUVL.310.1)', 'BPLNQ', 'Pieces', '4', '433', '500', '', 0),
(176, 7, 'Brake lining ProboxBS-K2358', 'BS-K2358 toyota probox platz, succed', 'Pieces', '6', '1200', '1380', '', 0),
(177, 7, 'ATF MERC D2', '', 'Pieces', '1', '3200', '3680', '', 0),
(178, 5, 'PATCHES No1', 'P1', 'Pieces', '2', '15', '20', '', 0),
(179, 5, 'PATCHES No2', 'P2', 'Pieces', '12', '20', '23', '', 0),
(180, 5, 'PATCHES No3', 'P3', 'Pieces', '12', '26', '30', '', 0),
(181, 5, 'CURB  CLEANER', 'CP', 'Pieces', '6', '550', '550', '', 0),
(182, 6, 'DUST SHAFTBOOT', 'DSB', 'Pieces', '', '1000', '1300', '', 0),
(183, 5, 'SOLUTION TINS 500GM', 'SL', 'Pieces', '2', '1760', '1760', '', 0),
(184, 5, 'CFC CEMENT FREE', 'CFC FREE', 'Pieces', '2', '1040', '1040', '', 0),
(185, 5, 'GATEX TUBELESS STRINGS', 'GATEX', 'Pieces', '12', '17', '20', '', 0),
(186, 5, 'INSERTING TOOL4IN 1', '4 IN 1', 'Pieces', '1', '1000', '1000', '', 0),
(188, 5, 'POP RIVERTS', 'POP RIVERTS', 'Pieces', '300', '1', '2', '', 0),
(189, 5, 'ARADATE RAPID', 'ARDT', 'Pieces', '', '350', '350', '', 0),
(190, 5, 'Oil filter remover', 'O F R', 'Pieces', '5', '600', '600', '', 0),
(191, 5, 'SILICONE GREY SMALL', 'SIL GREY', 'Pieces', '', '200', '230', '', 0),
(192, 5, 'SILICONE CLEAR SMALL', 'SIL CLEAR', 'Pieces', '', '200', '230', '', 0),
(193, 6, 'SHOCK ABRSOBERS', '', 'Pieces', '', '8500', '9775', '', 0),
(194, 6, 'STABILIZER LINKS', '', 'Pieces', '', '3500', '4025', '', 0),
(195, 6, 'Front arm bushes kit', '', 'Pieces', '', '2000', '2300', '', 0),
(196, 2, 'ENGINE DIESEL  OIL 20LTRS', '', 'Pieces', '', '6800', '7820', '', 0),
(197, 6, 'Break rubber', 'B R', 'Pieces', '', '2000', '2300', '', 0),
(198, 7, 'Front outer Bearing  32207jr', 'FOB3220JR ISUZU NQR', 'Pieces', '', '500', '575', '', 0),
(199, 7, 'Rear inner bearing28680/22102', 'RIB28680/22 ISUZU NQR', 'Pieces', '', '1000', '1040', '', 0),
(200, 7, 'Tempareture guage ', '', 'Pieces', '', '1000', '1150', '', 0),
(201, 6, 'rear inner outer 30213l1-06', 'RIN 302113J ISUZU NQR', 'Pieces', '', '1200', '1380', '', 0),
(202, 6, 'Front inner Bearing  32210j1-08', 'FIB32240J1-08 ISUZU NQR', 'Pieces', '', '650', '750', '', 0),
(210, 7, 'Gasket isuzu NQR', '', 'Pieces', '', '200', '230', '', 0),
(203, 6, 'Oil filter DE014 SCOPIO', 'DE014', 'Pieces', '', '3800', '4370', '', 0),
(204, 7, 'Upper harm bushes Scopio 2', '', 'Pieces', '', '3800', '4370', '', 0),
(205, 7, 'Brake pads Scopio', '', 'Pieces', '', '5000', '5750', '', 0),
(206, 7, 'Shocks absorber ( front) scopio', '', 'Pieces', '', '8500', '9775', '', 0),
(207, 6, 'Diesel filter scopio', '', 'Pieces', '', '600', '690', '', 0),
(208, 6, 'Air cleaner (scopio)', '', 'Pieces', '', '4500', '5175', '', 0),
(209, 7, 'CRANK SHAFT SENSOR', '', 'Pieces', '', '3500', '4025', '', 0),
(211, 6, 'Oil Filter Toyota Harrier', '90915-10004', 'Pieces', '3', '450', '517', '', 0),
(213, 6, 'PETROL( UNLEADED)', 'P', 'Pieces', '', '102', '102', '', 0),
(214, 6, 'A.T.F 500ML', '', 'Pieces', '12', '250', '290', '', 0);

-- --------------------------------------------------------

--
-- Table structure for table `items_category`
--

CREATE TABLE IF NOT EXISTS `items_category` (
  `cat_id` bigint(20) NOT NULL AUTO_INCREMENT,
  `cat_name` varchar(100) NOT NULL,
  `cat_desc` longtext NOT NULL,
  PRIMARY KEY (`cat_id`)
) ENGINE=InnoDB  DEFAULT CHARSET=latin1 AUTO_INCREMENT=8 ;

--
-- Dumping data for table `items_category`
--

INSERT INTO `items_category` (`cat_id`, `cat_name`, `cat_desc`) VALUES
(1, 'Electrical Parts', ''),
(2, 'Engine Parts', ''),
(3, 'Chassis Parts', ''),
(4, 'Body Parts', ''),
(5, 'Consumables', ''),
(6, 'service parts', ''),
(7, 'Repair parts', '');

-- --------------------------------------------------------

--
-- Table structure for table `item_transactions`
--

CREATE TABLE IF NOT EXISTS `item_transactions` (
  `transaction_id` int(10) NOT NULL AUTO_INCREMENT,
  `item_id` int(10) NOT NULL,
  `transaction` varchar(100) NOT NULL,
  `quantity` varchar(100) NOT NULL,
  `transaction_date` date NOT NULL,
  `transaction_code` varchar(100) NOT NULL,
  `status` int(11) NOT NULL,
  PRIMARY KEY (`transaction_id`)
) ENGINE=MyISAM  DEFAULT CHARSET=latin1 AUTO_INCREMENT=213 ;

--
-- Dumping data for table `item_transactions`
--

INSERT INTO `item_transactions` (`transaction_id`, `item_id`, `transaction`, `quantity`, `transaction_date`, `transaction_code`, `status`) VALUES
(1, 210, 'Received 10 Gasket isuzu NQR (Pieces) of LPO No: BD0053/2015 into the warehouse', '10', '2015-01-26', 'recp115', 0),
(2, 167, 'Received 4 Rear Wheel outer 4.3 8-89448094-0 (Pieces) of LPO No: BD0049/2015 into the warehouse', '4', '2015-01-21', 'recp114', 0),
(3, 168, 'Received 4 Rear Wheel inner1-03434659-0 (Pieces) of LPO No: BD0049/2015 into the warehouse', '4', '2015-01-21', 'recp113', 0),
(4, 170, 'Received 4 Front inner seal 8-942481171-0  (Pieces) of LPO No: BD0049/2015 into the warehouse', '4', '2015-01-21', 'recp112', 0),
(5, 199, 'Received 4 Rear inner bearing28680/22102 (Pieces) of LPO No: BD0049/2015 into the warehouse', '4', '2015-01-21', 'recp111', 0),
(6, 201, 'Received 4 rear inner outer 30213l1-06 (Pieces) of LPO No: BD0049/2015 into the warehouse', '4', '2015-01-21', 'recp110', 0),
(7, 198, 'Received 4 Front outer Bearing  32207jr (Pieces) of LPO No: BD0049/2015 into the warehouse', '4', '2015-01-21', 'recp109', 0),
(8, 202, 'Received 4 Front inner Bearing  32210j1-08 (Pieces) of LPO No: BD0049/2015 into the warehouse', '4', '2015-01-21', 'recp108', 0),
(9, 44, 'Received 4 Head light Single Bulb  12v (Pieces) of LPO No: BD0050/2015 into the warehouse', '4', '2015-01-21', 'recp107', 0),
(10, 33, 'Received 10 RADIATOR COOLANT (Pieces) of LPO No: BD0051/2015 into the warehouse', '10', '2015-01-21', 'recp106', 0),
(11, 175, 'Received 4 Brake  lining(BL4 ISUZUVL.310.1) (Pieces) of LPO No: BD0042/2015 into the warehouse', '4', '2015-01-17', 'recp105', 0),
(12, 51, 'Received 10 head light bulb h4 24v (Pieces) of LPO No: BD0043/2015 into the warehouse', '10', '2015-01-17', 'recp104', 0),
(13, 182, 'Received 1 DUST SHAFTBOOT (Pieces) of LPO No: BD0037/2015 into the warehouse', '1', '2015-01-14', 'recp103', 0),
(14, 190, 'Received 1 Oil filter remover (Pieces) of LPO No: BD0040/2015 into the warehouse', '1', '2015-01-14', 'recp102', 0),
(15, 189, 'Received 1 ARADATE RAPID (Pieces) of LPO No: BD0040/2015 into the warehouse', '1', '2015-01-14', 'recp101', 0),
(16, 11, 'Received 468 O ring Kit  (Pieces) of LPO No: BD0040/2015 into the warehouse', '468', '2015-01-14', 'recp100', 0),
(17, 188, 'Received 500 POP RIVERTS (Pieces) of LPO No: BD0040/2015 into the warehouse', '500', '2015-01-14', 'recp99', 0),
(18, 187, 'Received 2 VALVE KEY (Pieces) of LPO No: BD0040/2015 into the warehouse', '2', '2015-01-14', 'recp98', 0),
(19, 184, 'Received 1 CFC CEMENT FREE (Pieces) of LPO No: BD0040/2015 into the warehouse', '1', '2015-01-14', 'recp96', 0),
(20, 185, 'Received 30 GATEX TUBELESS STRINGS (Pieces) of LPO No: BD0040/2015 into the warehouse', '30', '2015-01-14', 'recp95', 0),
(21, 183, 'Received 1 SOLUTION TINS 500GM (Pieces) of LPO No: BD0040/2015 into the warehouse', '1', '2015-01-14', 'recp94', 0),
(22, 180, 'Received 1 PATCHES No3 (Pieces) of LPO No: BD0040/2015 into the warehouse', '1', '2015-01-14', 'recp93', 0),
(23, 179, 'Received 1 PATCHES No2 (Pieces) of LPO No: BD0040/2015 into the warehouse', '1', '2015-01-14', 'recp92', 0),
(24, 178, 'Received 1 PATCHES No1 (Pieces) of LPO No: BD0040/2015 into the warehouse', '1', '2015-01-14', 'recp91', 0),
(25, 17, 'Received 18 INSULATING TAPE (Pieces) of LPO No: BD0039/2015 into the warehouse', '18', '2015-01-14', 'recp90', 0),
(26, 17, 'Received 2 INSULATING TAPE (Pieces) of LPO No: BD0039/2015 into the warehouse', '2', '2015-01-14', 'recp89', 0),
(27, 191, 'Received 2 SILICONE GREY SMALL (Pieces) of LPO No: BD0039/2015 into the warehouse', '2', '2015-01-14', 'recp88', 0),
(28, 192, 'Received 2 SILICONE CLEAR SMALL (Pieces) of LPO No: BD0039/2015 into the warehouse', '2', '2015-01-14', 'recp87', 0),
(29, 181, 'Received 1 CURB  CLEANER (Pieces) of LPO No: BD0036/2015 into the warehouse', '1', '2015-01-14', 'recp86', 0),
(30, 145, 'Received 12 Air Cleaner NQR (Pieces) of LPO No: BD0033/2015 into the warehouse', '12', '2015-01-11', 'recp85', 0),
(31, 144, 'Received 12 Oil Filter6DBOB-0309-A (Pieces) of LPO No: BD0033/2015 into the warehouse', '12', '2015-01-11', 'recp84', 0),
(32, 143, 'Received 12 Fuel Filterz700 (Pieces) of LPO No: BD0033/2015 into the warehouse', '12', '2015-01-11', 'recp83', 0),
(33, 176, 'Received 2 Brake lining ProboxBS-K2358 (Pieces) of LPO No: BD0034/2015 into the warehouse', '2', '2015-01-11', 'recp82', 0),
(34, 175, 'Received 2 Brake  lining(BL4 ISUZUVL.310.1) (Pieces) of LPO No: BD0034/2015 into the warehouse', '2', '2015-01-11', 'recp81', 0),
(35, 163, 'Received 2 Brake padsGDB7075S (Pieces) of LPO No: BD0034/2015 into the warehouse', '2', '2015-01-11', 'recp80', 0),
(36, 173, 'Received 2 Brake pads liningAK2342 (Pieces) of LPO No: BD0034/2015 into the warehouse', '2', '2015-01-11', 'recp79', 0),
(37, 172, 'Received 2 Brake pads liningX288 (Pieces) of LPO No: BD0034/2015 into the warehouse', '2', '2015-01-11', 'recp78', 0),
(38, 162, 'Received 2  () of LPO No: BD0034/2015 into the warehouse', '2', '2015-01-11', 'recp77', 0),
(39, 161, 'Received 2 Brake padsKD1735 (Pieces) of LPO No: BD0034/2015 into the warehouse', '2', '2015-01-11', 'recp76', 0),
(40, 160, 'Received 2 Brake padsKD1739 (Pieces) of LPO No: BD0034/2015 into the warehouse', '2', '2015-01-11', 'recp75', 0),
(41, 159, 'Received 2 Brake padsKD2776 (Pieces) of LPO No: BD0034/2015 into the warehouse', '2', '2015-01-11', 'recp74', 0),
(42, 158, 'Received 2 Brake padsKD2739 (Pieces) of LPO No: BD0034/2015 into the warehouse', '2', '2015-01-11', 'recp73', 0),
(43, 157, 'Received 1 Brake padsKD1740 (Pieces) of LPO No: BD0034/2015 into the warehouse', '1', '2015-01-11', 'recp72', 0),
(44, 156, 'Received 1 Brake padsKD2457 (Pieces) of LPO No: BD0034/2015 into the warehouse', '1', '2015-01-11', 'recp71', 0),
(45, 155, 'Received 2 Brake padsKD2740 (Pieces) of LPO No: BD0034/2015 into the warehouse', '2', '2015-01-11', 'recp70', 0),
(46, 154, 'Received 2 Brake padsKD2798 (Pieces) of LPO No: BD0034/2015 into the warehouse', '2', '2015-01-11', 'recp69', 0),
(47, 153, 'Received 1 Brake padsKD2208 (Pieces) of LPO No: BD0034/2015 into the warehouse', '1', '2015-01-11', 'recp68', 0),
(48, 152, 'Received 2 Brake padsKD2203 (Pieces) of LPO No: BD0034/2015 into the warehouse', '2', '2015-01-11', 'recp67', 0),
(49, 151, 'Received 2 Brake padsKD2725 (Pieces) of LPO No: BD0034/2015 into the warehouse', '2', '2015-01-11', 'recp66', 0),
(50, 148, 'Received 2 Brake padsKD2701 (Pieces) of LPO No: BD0034/2015 into the warehouse', '2', '2015-01-11', 'recp65', 0),
(51, 147, 'Received 2 Brake padsKD2780 (Pieces) of LPO No: BD0034/2015 into the warehouse', '2', '2015-01-11', 'recp64', 0),
(52, 146, 'Received 2 Brake padsKD2718 (Pieces) of LPO No: BD0034/2015 into the warehouse', '2', '2015-01-11', 'recp63', 0),
(53, 123, 'Received 12 Oil Filter MD135737 (Pieces) of LPO No: BD0019/2015 into the warehouse', '12', '2015-01-07', 'recp62', 0),
(54, 122, 'Received 12 Oil Filter 20001/30002 (Pieces) of LPO No: BD0019/2015 into the warehouse', '12', '2015-01-07', 'recp61', 0),
(55, 121, 'Received 12 Oil Filter Toyota Passo-37010 (Pieces) of LPO No: BD0019/2015 into the warehouse', '12', '2015-01-07', 'recp60', 0),
(56, 120, 'Received 12 Oil Filter Mark x-31020/80 (Pieces) of LPO No: BD0019/2015 into the warehouse', '12', '2015-01-07', 'recp59', 0),
(57, 119, 'Received 12 Oil Filter Nissan65F00 (Pieces) of LPO No: BD0019/2015 into the warehouse', '12', '2015-01-07', 'recp58', 0),
(58, 118, 'Received 12 Oil Filter Toyota03006 (Pieces) of LPO No: BD0019/2015 into the warehouse', '12', '2015-01-07', 'recp57', 0),
(59, 117, 'Received 12 Oil Filter Toyota10001/03001 (Pieces) of LPO No: BD0019/2015 into the warehouse', '12', '2015-01-07', 'recp56', 0),
(60, 116, 'Received 12 Fuel Filter64010 (Pieces) of LPO No: BD0019/2015 into the warehouse', '12', '2015-01-07', 'recp55', 0),
(61, 115, 'Received 12 Fuel FilterMB220900 (Pieces) of LPO No: BD0019/2015 into the warehouse', '12', '2015-01-07', 'recp54', 0),
(62, 113, 'Received 2 Air filter97402 (Pieces) of LPO No: BD0017/2015 into the warehouse', '2', '2015-01-07', 'recp53', 0),
(63, 112, 'Received 2 Air filter50040 (Pieces) of LPO No: BD0017/2015 into the warehouse', '2', '2015-01-07', 'recp52', 0),
(64, 111, 'Received 2 Air filter31120 (Pieces) of LPO No: BD0017/2015 into the warehouse', '2', '2015-01-07', 'recp51', 0),
(65, 110, 'Received 2 Air filte31110 (Pieces) of LPO No: BD0017/2015 into the warehouse', '2', '2015-01-07', 'recp50', 0),
(66, 109, 'Received 2 Air filterED500 (Pieces) of LPO No: BD0017/2015 into the warehouse', '2', '2015-01-07', 'recp49', 0),
(67, 106, 'Received 2 Air filter22600 (Pieces) of LPO No: BD0017/2015 into the warehouse', '2', '2015-01-07', 'recp48', 0),
(68, 105, 'Received 2 Air filterMv266 (Pieces) of LPO No: BD0017/2015 into the warehouse', '2', '2015-01-07', 'recp47', 0),
(69, 104, 'Received 2 Air filterMv188 (Pieces) of LPO No: BD0017/2015 into the warehouse', '2', '2015-01-07', 'recp46', 0),
(70, 103, 'Received 2 Air filter74060 (Pieces) of LPO No: BD0017/2015 into the warehouse', '2', '2015-01-07', 'recp45', 0),
(71, 102, 'Received 2 Air filter70050 (Pieces) of LPO No: BD0017/2015 into the warehouse', '2', '2015-01-07', 'recp44', 0),
(72, 101, 'Received 6 Air filter2810 (Pieces) of LPO No: BD0017/2015 into the warehouse', '6', '2015-01-07', 'recp43', 0),
(73, 100, 'Received 6 Air filter20040 (Pieces) of LPO No: BD0017/2015 into the warehouse', '6', '2015-01-07', 'recp42', 0),
(74, 99, 'Received 12 Air filterV0100 (Pieces) of LPO No: BD0017/2015 into the warehouse', '12', '2015-01-07', 'recp41', 0),
(75, 98, 'Received 6 Air filter41B00 (Pieces) of LPO No: BD0016/2015 into the warehouse', '6', '2015-01-07', 'recp40', 0),
(76, 97, 'Received 6 Air filter77A10 (Pieces) of LPO No: BD0016/2015 into the warehouse', '6', '2015-01-07', 'recp39', 0),
(77, 95, 'Received 6 Air filter73C10 (Pieces) of LPO No: BD0016/2015 into the warehouse', '6', '2015-01-07', 'recp38', 0),
(78, 96, 'Received 6 Air filter74020 (Pieces) of LPO No: BD0016/2015 into the warehouse', '6', '2015-01-07', 'recp37', 0),
(79, 94, 'Received 2 Air filter35020 (Pieces) of LPO No: BD0016/2015 into the warehouse', '2', '2015-01-07', 'recp36', 0),
(80, 93, 'Received 6 Air filter23030 (Pieces) of LPO No: BD0016/2015 into the warehouse', '6', '2015-01-07', 'recp35', 0),
(81, 92, 'Received 12 Air filter22020 (Pieces) of LPO No: BD0016/2015 into the warehouse', '12', '2015-01-07', 'recp34', 0),
(82, 91, 'Received 12 Air filter21050 (Pieces) of LPO No: BD0016/2015 into the warehouse', '12', '2015-01-07', 'recp33', 0),
(83, 90, 'Received 6 Air filter21030 (Pieces) of LPO No: BD0016/2015 into the warehouse', '6', '2015-01-07', 'recp32', 0),
(84, 89, 'Received 6 Air filter16020 (Pieces) of LPO No: BD0016/2015 into the warehouse', '6', '2015-01-07', 'recp31', 0),
(85, 88, 'Received 6 Air filter15070 (Pieces) of LPO No: BD0016/2015 into the warehouse', '6', '2015-01-07', 'recp30', 0),
(86, 87, 'Received 6 Air filter11090 (Pieces) of LPO No: BD0016/2015 into the warehouse', '6', '2015-01-07', 'recp29', 0),
(87, 86, 'Received 6 Air filter11050 (Pieces) of LPO No: BD0016/2015 into the warehouse', '6', '2015-01-07', 'recp28', 0),
(88, 107, 'Received 10 Spark plugs 8H516 (Pieces) of LPO No: BD0024/2015 into the warehouse', '10', '2015-01-07', 'recp27', 0),
(89, 85, 'Received 2 Air filter4M400 (Pieces) of LPO No: BD0015/2015 into the warehouse', '2', '2015-01-07', 'recp26', 0),
(90, 114, 'Received 2 Air filter47010 (Pieces) of LPO No: BD0015/2015 into the warehouse', '2', '2015-01-07', 'recp25', 0),
(91, 84, 'Received 2 Air filter67060 (Pieces) of LPO No: BD0015/2015 into the warehouse', '2', '2015-01-07', 'recp24', 0),
(92, 83, 'Received 2 Air filterPWJ-A10 (Pieces) of LPO No: BD0015/2015 into the warehouse', '2', '2015-01-07', 'recp23', 0),
(93, 82, 'Received 4 Air filteB1010 (Pieces) of LPO No: BD0015/2015 into the warehouse', '4', '2015-01-07', 'recp22', 0),
(94, 138, 'Received 2 Air filter50060 (Pieces) of LPO No: BD0015/2015 into the warehouse', '2', '2015-01-07', 'recp21', 0),
(95, 80, 'Received 2 Air filterEB300 (Pieces) of LPO No: BD0015/2015 into the warehouse', '2', '2015-01-07', 'recp20', 0),
(96, 79, 'Received 2 Air filterPNB003 (Pieces) of LPO No: BD0015/2015 into the warehouse', '2', '2015-01-07', 'recp19', 0),
(97, 78, 'Received 2 Air filterP2J-003 (Pieces) of LPO No: BD0015/2015 into the warehouse', '2', '2015-01-07', 'recp18', 0),
(98, 77, 'Received 2 Air filterAA070 (Pieces) of LPO No: BD0015/2015 into the warehouse', '2', '2015-01-07', 'recp17', 0),
(99, 76, 'Received 2 Air filterAA090 (Pieces) of LPO No: BD0015/2015 into the warehouse', '2', '2015-01-07', 'recp16', 0),
(100, 132, 'Received 10 Spark Plugs  K20Double (Pieces) of LPO No: BD0023/2015 into the warehouse', '10', '2015-01-07', 'recp15', 0),
(101, 131, 'Received 10 Spark Plugs Denso Q20 Single (Pieces) of LPO No: BD0023/2015 into the warehouse', '10', '2015-01-07', 'recp14', 0),
(102, 130, 'Received 10 Spark Plugs Denso K16Double (Pieces) of LPO No: BD0023/2015 into the warehouse', '10', '2015-01-07', 'recp13', 0),
(103, 129, 'Received 10 Spark Plugs Denso K16Single (Pieces) of LPO No: BD0023/2015 into the warehouse', '10', '2015-01-07', 'recp12', 0),
(104, 128, 'Received 8 Spark plugs BKR6EYA4195 (Pieces) of LPO No: BD0023/2015 into the warehouse', '8', '2015-01-07', 'recp11', 0),
(105, 127, 'Received 10 Spark Plugs BCP5ES-7810 (Pieces) of LPO No: BD0023/2015 into the warehouse', '10', '2015-01-07', 'recp10', 0),
(106, 126, 'Received 8 Spark Plugs BP6EY-6278 (Pieces) of LPO No: BD0023/2015 into the warehouse', '8', '2015-01-07', 'recp9', 0),
(107, 125, 'Received 8 Spark Plugs BP6ES-7811 (Pieces) of LPO No: BD0023/2015 into the warehouse', '8', '2015-01-07', 'recp8', 0),
(108, 124, 'Received 10 Spark Plugs BKR6E2756 (Pieces) of LPO No: BD0023/2015 into the warehouse', '10', '2015-01-07', 'recp7', 0),
(109, 5, 'Received 4 AT transmission (200) of LPO No: BD0006/2015 into the warehouse', '4', '2015-01-03', 'recp6', 0),
(110, 11, 'Received 3 O ring Kit  (Pieces) of LPO No: BD0002/2014 into the warehouse', '3', '2014-12-20', 'recp5', 0),
(111, 10, 'Received 34  () of LPO No: BD0002/2014 into the warehouse', '34', '2014-12-20', 'recp4', 0),
(112, 11, 'Received 21 O ring Kit  (Pieces) of LPO No: BD0002/2014 into the warehouse', '21', '2014-12-20', 'recp2', 0),
(113, 10, 'Received 2  () of LPO No: BD0002/2014 into the warehouse', '2', '2014-12-20', 'recp1', 0),
(114, 119, 'Released 1 Oil Filter Nissan65F00 (Pieces) of Requisition No: 37 from the warehouse', '-1', '2015-01-27', 'rels90', 0),
(115, 109, 'Released 1 Air filterED500 (Pieces) of Requisition No: 37 from the warehouse', '-1', '2015-01-27', 'rels89', 0),
(116, 145, 'Released 1 Air Cleaner NQR (Pieces) of Requisition No: 34 from the warehouse', '-1', '2015-01-25', 'rels80', 0),
(117, 144, 'Released 1 Oil Filter6DBOB-0309-A (Pieces) of Requisition No: 34 from the warehouse', '-1', '2015-01-25', 'rels81', 0),
(118, 143, 'Released 1 Fuel Filterz700 (Pieces) of Requisition No: 34 from the warehouse', '-1', '2015-01-25', 'rels82', 0),
(119, 72, 'Released 1 Diesel lube 54 10LTRS (Pieces) of Requisition No: 34 from the warehouse', '-1', '2015-01-25', 'rels83', 0),
(120, 50, 'Released 1  Double Bulb 24V (Pieces) of Requisition No: 36 from the warehouse', '-1', '2015-01-25', 'rels84', 0),
(121, 53, 'Released 1 indicator bulb single 24v (Pieces) of Requisition No: 36 from the warehouse', '-1', '2015-01-25', 'rels85', 0),
(122, 145, 'Released 1 Air Cleaner NQR (Pieces) of Requisition No: 35 from the warehouse', '-1', '2015-01-25', 'rels86', 0),
(123, 50, 'Released 2  Double Bulb 24V (Pieces) of Requisition No: 35 from the warehouse', '-2', '2015-01-25', 'rels87', 0),
(124, 164, 'Released 3 Battery Water (Pieces) of Requisition No: 35 from the warehouse', '-3', '2015-01-25', 'rels88', 0),
(125, 209, 'Released 1 CRANK SHAFT SENSOR (Pieces) of Requisition No: 33 from the warehouse', '-1', '2015-01-23', 'rels78', 0),
(126, 69, 'Released 1 Engine oil 1.5ltrs (Pieces) of Requisition No: 33 from the warehouse', '-1', '2015-01-23', 'rels79', 0),
(127, 175, 'Released 1 Brake  lining(BL4 ISUZUVL.310.1) (Pieces) of Requisition No: 32 from the warehouse', '-1', '2015-01-22', 'rels77', 0),
(128, 14, 'Released 1 Brake fluid (Pieces) of Requisition No: 29 from the warehouse', '-1', '2015-01-21', 'rels74', 0),
(129, 8, 'Released 1 Grease 500gm (Pieces) of Requisition No: 29 from the warehouse', '-1', '2015-01-21', 'rels73', 0),
(130, 175, 'Released 1 Brake  lining(BL4 ISUZUVL.310.1) (Pieces) of Requisition No: 29 from the warehouse', '-1', '2015-01-21', 'rels72', 0),
(131, 51, 'Released 1 head light bulb h4 24v (Pieces) of Requisition No: 28 from the warehouse', '-1', '2015-01-21', 'rels71', 0),
(132, 33, 'Released 8 RADIATOR COOLANT (Pieces) of Requisition No: 27 from the warehouse', '-8', '2015-01-19', 'rels70', 0),
(133, 8, 'Released 1 Grease 500gm (Pieces) of Requisition No: 25 from the warehouse', '-1', '2015-01-18', 'rels69', 0),
(134, 170, 'Released 1 Front inner seal 8-942481171-0  (Pieces) of Requisition No: 25 from the warehouse', '-1', '2015-01-18', 'rels68', 0),
(135, 202, 'Released 1 Front inner Bearing  32210j1-08 (Pieces) of Requisition No: 25 from the warehouse', '-1', '2015-01-18', 'rels67', 0),
(136, 198, 'Released 1 Front outer Bearing  32207jr (Pieces) of Requisition No: 25 from the warehouse', '-1', '2015-01-18', 'rels66', 0),
(137, 175, 'Released 1 Brake  lining(BL4 ISUZUVL.310.1) (Pieces) of Requisition No: 25 from the warehouse', '-1', '2015-01-18', 'rels65', 0),
(138, 8, 'Released 2 Grease 500gm (Pieces) of Requisition No: 26 from the warehouse', '-2', '2015-01-18', 'rels64', 0),
(139, 175, 'Released 1 Brake  lining(BL4 ISUZUVL.310.1) (Pieces) of Requisition No: 26 from the warehouse', '-1', '2015-01-18', 'rels63', 0),
(140, 51, 'Released 2 head light bulb h4 24v (Pieces) of Requisition No: 24 from the warehouse', '-2', '2015-01-17', 'rels59', 0),
(141, 143, 'Released 1 Fuel Filterz700 (Pieces) of Requisition No: 24 from the warehouse', '-1', '2015-01-17', 'rels60', 0),
(142, 144, 'Released 1 Oil Filter6DBOB-0309-A (Pieces) of Requisition No: 24 from the warehouse', '-1', '2015-01-17', 'rels61', 0),
(143, 145, 'Released 1 Air Cleaner NQR (Pieces) of Requisition No: 24 from the warehouse', '-1', '2015-01-17', 'rels62', 0),
(144, 14, 'Released 1 Brake fluid (Pieces) of Requisition No: 23 from the warehouse', '-1', '2015-01-16', 'rels58', 0),
(145, 8, 'Released 1 Grease 500gm (Pieces) of Requisition No: 23 from the warehouse', '-1', '2015-01-16', 'rels57', 0),
(146, 175, 'Released 1 Brake  lining(BL4 ISUZUVL.310.1) (Pieces) of Requisition No: 22 from the warehouse', '-1', '2015-01-15', 'rels49', 0),
(147, 14, 'Released 1 Brake fluid (Pieces) of Requisition No: 22 from the warehouse', '-1', '2015-01-15', 'rels48', 0),
(148, 128, 'Released 4 Spark plugs BKR6EYA4195 (Pieces) of Requisition No: 21 from the warehouse', '-4', '2015-01-14', 'rels47', 0),
(149, 182, 'Released 1 DUST SHAFTBOOT (Pieces) of Requisition No: 19 from the warehouse', '-1', '2015-01-14', 'rels46', 0),
(150, 128, 'Released 4 Spark plugs BKR6EYA4195 (Pieces) of Requisition No: 20 from the warehouse', '-4', '2015-01-14', 'rels45', 0),
(151, 177, 'Released 1 ATF MERC D2 (Pieces) of Requisition No: 18 from the warehouse', '-1', '2015-01-14', 'rels44', 0),
(152, 145, 'Released 1 Air Cleaner NQR (Pieces) of Requisition No: 12 from the warehouse', '-1', '2015-01-12', 'rels24', 0),
(153, 143, 'Released 1 Fuel Filterz700 (Pieces) of Requisition No: 11 from the warehouse', '-1', '2015-01-12', 'rels23', 0),
(154, 144, 'Released 1 Oil Filter6DBOB-0309-A (Pieces) of Requisition No: 11 from the warehouse', '-1', '2015-01-12', 'rels22', 0),
(155, 164, 'Released 1 Battery Water (Pieces) of Requisition No: 11 from the warehouse', '-1', '2015-01-12', 'rels20', 0),
(156, 145, 'Released 1 Air Cleaner NQR (Pieces) of Requisition No: 11 from the warehouse', '-1', '2015-01-12', 'rels19', 0),
(157, 164, 'Released 1 Battery Water (Pieces) of Requisition No: 10 from the warehouse', '-1', '2015-01-12', 'rels18', 0),
(158, 143, 'Released 1 Fuel Filterz700 (Pieces) of Requisition No: 10 from the warehouse', '-1', '2015-01-12', 'rels17', 0),
(159, 144, 'Released 1 Oil Filter6DBOB-0309-A (Pieces) of Requisition No: 10 from the warehouse', '-1', '2015-01-12', 'rels16', 0),
(160, 165, 'Released 1 ENGINE OIL10LTRS (Pieces) of Requisition No: 10 from the warehouse', '-1', '2015-01-12', 'rels15', 0),
(161, 145, 'Released 1 Air Cleaner NQR (Pieces) of Requisition No: 10 from the warehouse', '-1', '2015-01-12', 'rels14', 0),
(162, 165, 'Released 1 ENGINE OIL10LTRS (Pieces) of Requisition No: 12 from the warehouse', '-1', '2015-01-12', 'rels25', 0),
(163, 164, 'Released 1 Battery Water (Pieces) of Requisition No: 12 from the warehouse', '-1', '2015-01-12', 'rels26', 0),
(164, 140, 'Released 1 RADIO (Pieces) of Requisition No: 12 from the warehouse', '-1', '2015-01-12', 'rels27', 0),
(165, 144, 'Released 1 Oil Filter6DBOB-0309-A (Pieces) of Requisition No: 15 from the warehouse', '-1', '2015-01-12', 'rels41', 0),
(166, 143, 'Released 1 Fuel Filterz700 (Pieces) of Requisition No: 15 from the warehouse', '-1', '2015-01-12', 'rels40', 0),
(167, 165, 'Released 1 ENGINE OIL10LTRS (Pieces) of Requisition No: 15 from the warehouse', '-1', '2015-01-12', 'rels39', 0),
(168, 164, 'Released 1 Battery Water (Pieces) of Requisition No: 15 from the warehouse', '-1', '2015-01-12', 'rels38', 0),
(169, 145, 'Released 1 Air Cleaner NQR (Pieces) of Requisition No: 15 from the warehouse', '-1', '2015-01-12', 'rels37', 0),
(170, 143, 'Released 1 Fuel Filterz700 (Pieces) of Requisition No: 14 from the warehouse', '-1', '2015-01-12', 'rels36', 0),
(171, 144, 'Released 1 Oil Filter6DBOB-0309-A (Pieces) of Requisition No: 14 from the warehouse', '-1', '2015-01-12', 'rels35', 0),
(172, 165, 'Released 1 ENGINE OIL10LTRS (Pieces) of Requisition No: 11 from the warehouse', '-1', '2015-01-12', 'rels21', 0),
(173, 145, 'Released 1 Air Cleaner NQR (Pieces) of Requisition No: 14 from the warehouse', '-1', '2015-01-12', 'rels32', 0),
(174, 164, 'Released 1 Battery Water (Pieces) of Requisition No: 14 from the warehouse', '-1', '2015-01-12', 'rels33', 0),
(175, 165, 'Released 1 ENGINE OIL10LTRS (Pieces) of Requisition No: 14 from the warehouse', '-1', '2015-01-12', 'rels34', 0),
(176, 69, 'Released 1 Engine oil 1.5ltrs (Pieces) of Requisition No: 9 from the warehouse', '-1', '2015-01-10', 'rels13', 0),
(177, 108, 'Released 1 ENGINE OIL4LTRS (Pieces) of Requisition No: 5 from the warehouse', '-1', '2015-01-05', 'rels10', 0),
(178, 107, 'Released 4 Spark plugs 8H516 (Pieces) of Requisition No: 5 from the warehouse', '-4', '2015-01-05', 'rels9', 0),
(179, 71, 'Released 1 Gear box oil (Pieces) of Requisition No: 6 from the warehouse', '-1', '2015-01-05', 'rels11', 0),
(180, 14, 'Released 1 Brake fluid (Pieces) of Requisition No: 6 from the warehouse', '-1', '2015-01-05', 'rels12', 0),
(181, 11, 'Released 1 O ring Kit  (Pieces) of Requisition No: 1 from the warehouse', '-1', '2014-12-24', 'rels7', 0),
(182, 11, 'Released 1 O ring Kit  (Pieces) of Requisition No: 1 from the warehouse', '-1', '2014-12-24', 'rels8', 0),
(183, 42, 'Released 1 clutch master cylinder (Pieces) of Requisition No: 4 from the warehouse', '-1', '2014-12-23', 'rels6', 0),
(184, 14, 'Released 1 Brake fluid (Pieces) of Requisition No: 4 from the warehouse', '-1', '2014-12-23', 'rels5', 0),
(185, 10, 'Released 3  () of Requisition No: 1 from the warehouse', '-3', '2014-12-20', 'rels3', 0),
(186, 10, 'Released 1  () of Requisition No: 1 from the warehouse', '-1', '2014-12-20', 'rels4', 0),
(187, 202, 'Released 1 Front inner Bearing  32210j1-08 (Pieces) of Requisition No: 38 from the warehouse', '-1', '2015-01-28', 'rels91', 0),
(188, 170, 'Released 1 Front inner seal 8-942481171-0  (Pieces) of Requisition No: 38 from the warehouse', '-1', '2015-01-28', 'rels92', 0),
(189, 8, 'Released 1 Grease 500gm (Pieces) of Requisition No: 38 from the warehouse', '-1', '2015-01-28', 'rels93', 0),
(190, 73, 'Released 1 Engine oil 5ltrs multi grade (Pieces) of Requisition No: 39 from the warehouse', '-1', '2015-01-28', 'rels94', 0),
(191, 211, 'Released 1 Oil Filter Toyota Harrier (Pieces) of Requisition No: 39 from the warehouse', '-1', '2015-01-28', 'rels95', 0),
(192, 131, 'Released 4 Spark Plugs Denso Q20 Single (Pieces) of Requisition No: 39 from the warehouse', '-4', '2015-01-28', 'rels96', 0),
(193, 100, 'Released 1 Air filter20040 (Pieces) of Requisition No: 39 from the warehouse', '-1', '2015-01-28', 'rels97', 0),
(194, 211, 'Received 3 Oil Filter Toyota Harrier (Pieces) of LPO No: BD0054/2015 into the warehouse', '3', '2015-01-28', 'recp116', 0),
(195, 108, 'Received 4 ENGINE OIL4LTRS (Pieces) of LPO No: BD0055/2015 into the warehouse', '4', '2015-01-28', 'recp117', 0),
(196, 108, 'Released 4 ENGINE OIL4LTRS (Pieces) of Requisition No: 40 from the warehouse', '-4', '2015-01-28', 'rels98', 0),
(197, 119, 'Released 1 Oil Filter Nissan65F00 (Pieces) of Requisition No: 40 from the warehouse', '-1', '2015-01-28', 'rels99', 0),
(198, 109, 'Released 1 Air filterED500 (Pieces) of Requisition No: 40 from the warehouse', '-1', '2015-01-28', 'rels100', 0),
(199, 108, 'Released 1 ENGINE OIL4LTRS (Pieces) of Requisition No: 40 from the warehouse', '-1', '2015-01-28', 'rels101', 0),
(200, 165, 'Released 1 ENGINE DIESEL  OIL10LTRS (Pieces) of Requisition No: 8 from the warehouse', '-1', '2015-01-29', 'rels102', 0),
(201, 164, 'Released 3 Battery Water (Pieces) of Requisition No: 8 from the warehouse', '-3', '2015-01-29', 'rels103', 0),
(202, 144, 'Released 1 Oil Filter6DBOB-0309-A (Pieces) of Requisition No: 7 from the warehouse', '-1', '2015-01-29', 'rels104', 0),
(203, 143, 'Released 1 Fuel Filterz700 (Pieces) of Requisition No: 7 from the warehouse', '-1', '2015-01-29', 'rels105', 0),
(204, 145, 'Released 1 Air Cleaner NQR (Pieces) of Requisition No: 7 from the warehouse', '-1', '2015-01-29', 'rels106', 0),
(205, 1, 'Released 3 Head light (7) of Requisition No: 7 from the warehouse', '-3', '2015-01-29', 'rels107', 0),
(206, 165, 'Released 1 ENGINE DIESEL  OIL10LTRS (Pieces) of Requisition No: 24 from the warehouse', '-1', '2015-01-29', 'rels108', 0),
(207, 145, 'Released 1 Air Cleaner NQR (Pieces) of Requisition No: 13 from the warehouse', '-1', '2015-01-29', 'rels109', 0),
(208, 164, 'Released 1 Battery Water (Pieces) of Requisition No: 13 from the warehouse', '-1', '2015-01-29', 'rels110', 0),
(209, 143, 'Released 1 Fuel Filterz700 (Pieces) of Requisition No: 13 from the warehouse', '-1', '2015-01-29', 'rels111', 0),
(210, 144, 'Released 1 Oil Filter6DBOB-0309-A (Pieces) of Requisition No: 13 from the warehouse', '-1', '2015-01-29', 'rels112', 0),
(211, 8, 'Released 2 Grease 500gm (Pieces) of Requisition No: 17 from the warehouse', '-2', '2015-01-29', 'rels113', 0),
(212, 33, 'Released 1 RADIATOR COOLANT (Pieces) of Requisition No: 41 from the warehouse', '-1', '2015-01-29', 'rels114', 0);

-- --------------------------------------------------------

--
-- Table structure for table `jobtitles`
--

CREATE TABLE IF NOT EXISTS `jobtitles` (
  `job_title_id` int(20) NOT NULL AUTO_INCREMENT,
  `job_title_name` varchar(100) COLLATE latin1_general_ci DEFAULT NULL,
  PRIMARY KEY (`job_title_id`)
) ENGINE=MyISAM DEFAULT CHARSET=latin1 COLLATE=latin1_general_ci AUTO_INCREMENT=1 ;

--
-- Dumping data for table `jobtitles`
--


-- --------------------------------------------------------

--
-- Table structure for table `job_cards`
--

CREATE TABLE IF NOT EXISTS `job_cards` (
  `job_card_id` int(11) NOT NULL AUTO_INCREMENT,
  `booking_id` int(11) NOT NULL,
  `customer_id` int(11) NOT NULL,
  `job_card_no` varchar(100) NOT NULL,
  `currency` int(11) NOT NULL,
  `curr_rate` varchar(10) NOT NULL,
  `start_date` date NOT NULL,
  `end_date` date NOT NULL,
  `user_id` int(100) NOT NULL,
  `vehicle_description` longtext NOT NULL,
  `date_generated` timestamp NOT NULL DEFAULT CURRENT_TIMESTAMP,
  `assigned_status` int(11) NOT NULL,
  `invoice_status` int(11) NOT NULL,
  `quotation_status` int(11) NOT NULL,
  `approved_quotation_status` int(11) NOT NULL,
  `closed_status` int(11) NOT NULL,
  PRIMARY KEY (`job_card_id`)
) ENGINE=InnoDB  DEFAULT CHARSET=latin1 AUTO_INCREMENT=110 ;

--
-- Dumping data for table `job_cards`
--

INSERT INTO `job_cards` (`job_card_id`, `booking_id`, `customer_id`, `job_card_no`, `currency`, `curr_rate`, `start_date`, `end_date`, `user_id`, `vehicle_description`, `date_generated`, `assigned_status`, `invoice_status`, `quotation_status`, `approved_quotation_status`, `closed_status`) VALUES
(5, 7, 6, '', 6, '1', '2014-12-23', '2014-12-23', 62, 'The bus is in good condition,no dents or scratches', '2014-12-23 20:41:14', 0, 1, 0, 0, 1),
(6, 8, 7, '', 6, '1', '2014-12-23', '2014-12-23', 62, 'the bus was in good condition outer and inner appearance', '2014-12-23 21:30:19', 0, 1, 0, 0, 1),
(7, 9, 7, '', 6, '1', '2014-12-23', '2014-12-23', 62, '', '2014-12-23 21:41:18', 0, 1, 0, 0, 1),
(8, 10, 7, '', 6, '1', '2014-12-23', '2014-12-23', 62, '', '2014-12-23 21:50:28', 0, 1, 0, 0, 1),
(9, 11, 7, '', 6, '1', '2014-12-23', '2014-12-23', 62, '', '2014-12-23 21:54:19', 0, 1, 0, 0, 1),
(10, 12, 7, '', 6, '1', '2014-12-23', '2014-12-23', 62, '', '2014-12-23 22:02:44', 0, 1, 0, 0, 1),
(11, 13, 7, '', 6, '1', '2014-12-23', '2014-12-23', 62, '', '2014-12-23 22:19:02', 0, 1, 0, 0, 1),
(12, 14, 6, '', 6, '1', '2014-12-23', '2014-12-23', 62, '', '2014-12-24 02:46:32', 0, 1, 0, 0, 1),
(13, 15, 6, '', 6, '1', '2014-12-23', '2014-12-23', 62, '', '2014-12-24 02:55:33', 0, 1, 0, 0, 1),
(14, 17, 7, '', 6, '1', '2014-12-24', '2014-12-24', 62, '', '2014-12-24 21:25:26', 0, 1, 0, 0, 1),
(15, 18, 7, '', 6, '1', '2014-12-24', '2014-12-24', 62, '', '2014-12-24 21:33:53', 0, 1, 0, 0, 1),
(16, 19, 7, '', 6, '1', '2014-12-27', '2014-12-27', 62, '', '2014-12-27 20:13:03', 0, 1, 0, 0, 1),
(17, 20, 7, '', 6, '1', '2014-12-29', '2014-12-29', 62, '', '2014-12-30 01:27:23', 0, 1, 0, 0, 1),
(18, 21, 7, '', 6, '1', '2014-12-29', '2014-12-29', 62, '', '2014-12-30 02:18:44', 0, 1, 0, 0, 1),
(19, 22, 8, '', 6, '1', '2014-12-29', '2014-12-29', 62, '', '2014-12-30 03:46:42', 0, 1, 0, 0, 1),
(20, 23, 7, '', 6, '1', '2014-12-30', '2014-12-30', 62, '', '2014-12-30 20:50:19', 0, 1, 0, 0, 1),
(21, 29, 7, '', 6, '1', '2014-12-31', '2014-12-31', 62, '', '2014-12-31 21:27:06', 0, 1, 0, 0, 1),
(22, 30, 7, '', 6, '1', '2014-12-31', '2014-12-31', 62, '', '2014-12-31 21:31:53', 0, 1, 0, 0, 1),
(23, 31, 7, '', 6, '1', '2014-12-24', '2014-12-31', 62, '', '2015-01-01 02:57:54', 0, 1, 0, 0, 1),
(24, 32, 11, '', 6, '1', '2015-01-02', '2015-01-02', 62, '', '2015-01-02 21:02:43', 0, 0, 0, 0, 0),
(25, 33, 7, '', 6, '1', '2015-01-02', '2015-01-02', 62, '', '2015-01-02 21:50:33', 0, 1, 0, 0, 1),
(26, 34, 7, '', 6, '1', '2015-01-03', '2015-01-03', 62, '', '2015-01-03 19:41:48', 0, 1, 0, 0, 1),
(27, 37, 12, '', 6, '1', '2015-01-05', '2015-01-05', 62, 'The vehicle is in good condition it has no dents and scratch''s,it is well maintained.', '2015-01-05 19:41:07', 0, 1, 0, 0, 1),
(28, 38, 7, '', 6, '1', '2015-01-05', '2015-01-05', 62, '', '2015-01-06 03:50:43', 0, 1, 0, 0, 1),
(29, 41, 7, '', 6, '1', '2015-01-06', '2015-01-06', 62, '', '2015-01-07 02:40:59', 0, 1, 0, 0, 1),
(30, 42, 7, '', 6, '1', '2015-01-07', '2015-01-07', 62, '', '2015-01-08 02:24:33', 0, 1, 0, 0, 1),
(31, 43, 7, '', 6, '1', '2015-01-08', '2015-01-08', 62, '', '2015-01-08 20:19:41', 0, 1, 0, 0, 1),
(32, 44, 7, '', 6, '1', '2015-01-08', '2015-01-08', 62, '', '2015-01-09 04:13:13', 0, 1, 0, 0, 1),
(33, 45, 7, '', 6, '1', '2015-01-09', '2015-01-09', 62, '', '2015-01-09 19:58:05', 0, 1, 0, 0, 1),
(34, 46, 2, '', 6, '1', '2015-01-10', '2015-01-10', 62, '', '2015-01-10 21:41:07', 0, 1, 0, 0, 1),
(35, 47, 14, '', 6, '1', '2015-01-10', '2015-01-10', 62, '', '2015-01-10 22:39:16', 0, 1, 0, 0, 1),
(36, 48, 7, '', 6, '1', '2015-01-12', '2015-01-12', 62, '', '2015-01-12 19:42:06', 0, 1, 0, 0, 1),
(37, 49, 7, '', 6, '1', '2015-01-12', '2015-01-12', 62, '', '2015-01-12 19:44:22', 0, 1, 0, 0, 1),
(38, 50, 7, '', 6, '1', '2015-01-12', '2015-01-12', 62, '', '2015-01-12 19:46:56', 0, 1, 0, 0, 1),
(39, 51, 7, '', 6, '1', '2015-01-12', '2015-01-12', 62, '', '2015-01-12 19:49:37', 0, 1, 0, 0, 1),
(40, 52, 7, '', 6, '1', '2015-01-12', '2015-01-12', 62, '', '2015-01-12 19:51:22', 0, 1, 0, 0, 1),
(41, 53, 7, '', 6, '1', '2015-01-12', '2015-01-12', 62, '', '2015-01-12 19:52:45', 0, 1, 0, 0, 1),
(42, 54, 7, '', 6, '1', '2015-01-13', '2015-01-13', 62, '', '2015-01-13 21:54:32', 0, 0, 0, 0, 1),
(43, 55, 15, '', 6, '1', '2015-01-14', '2015-01-14', 62, '', '2015-01-14 20:35:17', 0, 1, 0, 0, 1),
(44, 56, 16, '', 6, '1', '2015-01-14', '2015-01-14', 62, '', '2015-01-14 23:25:23', 0, 1, 0, 0, 1),
(45, 57, 12, '', 6, '1', '2015-01-14', '2015-01-14', 62, '', '2015-01-15 00:36:49', 0, 1, 0, 0, 1),
(46, 58, 16, '', 6, '1', '2015-01-14', '2015-01-14', 62, '', '2015-01-15 02:19:16', 0, 1, 0, 0, 1),
(47, 61, 7, '', 6, '1', '2015-01-14', '2015-01-14', 62, '', '2015-01-15 03:39:17', 0, 1, 0, 0, 1),
(48, 62, 7, '', 6, '1', '2015-01-15', '2015-01-15', 62, '', '2015-01-15 19:37:05', 0, 1, 0, 0, 1),
(49, 63, 2, '', 6, '1', '2015-01-15', '2015-01-15', 62, '', '2015-01-15 22:21:41', 0, 1, 0, 0, 1),
(50, 64, 17, '', 6, '1', '2015-01-15', '2015-01-15', 62, '', '2015-01-15 22:45:28', 0, 1, 0, 0, 1),
(51, 65, 7, '', 6, '1', '2015-01-15', '2015-01-15', 62, '', '2015-01-16 02:38:28', 0, 0, 0, 0, 0),
(52, 66, 19, '', 6, '1', '2015-01-16', '2015-01-16', 62, '', '2015-01-17 01:03:27', 0, 1, 0, 0, 1),
(53, 67, 20, '', 6, '1', '2015-01-16', '2015-01-16', 62, '', '2015-01-17 02:28:02', 0, 1, 0, 0, 1),
(54, 68, 6, '', 6, '1', '2015-01-16', '2015-01-16', 62, '', '2015-01-17 02:47:27', 0, 1, 0, 0, 1),
(55, 69, 7, '', 6, '1', '2015-01-17', '2015-01-17', 62, '', '2015-01-17 20:06:43', 0, 1, 0, 0, 1),
(56, 70, 18, '', 6, '1', '2015-01-16', '2015-01-16', 62, '', '2015-01-17 20:49:51', 0, 1, 0, 0, 1),
(57, 71, 21, '', 6, '1', '2015-01-17', '2015-01-17', 62, '', '2015-01-17 20:58:24', 0, 1, 0, 0, 1),
(58, 72, 7, '', 6, '1', '2015-01-18', '2015-01-18', 62, '', '2015-01-19 20:18:57', 0, 1, 0, 0, 1),
(59, 73, 7, '', 6, '1', '2015-01-18', '2015-01-18', 62, '', '2015-01-19 20:21:04', 0, 1, 0, 0, 1),
(60, 74, 7, '', 6, '1', '2015-01-18', '2015-01-18', 62, '', '2015-01-19 20:22:22', 0, 1, 0, 0, 1),
(61, 75, 22, '', 6, '1', '2015-01-19', '2015-01-19', 62, '', '2015-01-19 20:58:06', 0, 1, 0, 0, 1),
(62, 76, 23, '', 6, '1', '2015-01-19', '2015-01-19', 62, '', '2015-01-19 23:47:24', 0, 0, 0, 0, 0),
(63, 77, 23, '', 6, '1', '2015-01-19', '2015-01-19', 62, '', '2015-01-19 23:56:20', 0, 0, 0, 0, 0),
(64, 79, 7, '', 6, '1', '2015-01-21', '2015-01-21', 62, '', '2015-01-21 21:19:15', 0, 1, 0, 0, 1),
(65, 81, 25, '', 6, '1', '2015-01-21', '2015-01-21', 62, '', '2015-01-22 00:03:19', 0, 1, 0, 0, 1),
(66, 82, 26, '', 6, '1', '2015-01-21', '2015-01-21', 62, '', '2015-01-22 02:22:24', 0, 1, 0, 0, 1),
(67, 83, 6, '', 6, '1', '2015-01-21', '2015-01-21', 62, '', '2015-01-22 04:01:42', 0, 1, 0, 0, 1),
(68, 84, 7, '', 6, '1', '2015-01-22', '2015-01-22', 62, '', '2015-01-22 19:39:59', 0, 1, 0, 0, 1),
(69, 85, 27, '', 6, '1', '2015-01-22', '2015-01-22', 62, '', '2015-01-22 21:00:27', 0, 1, 0, 0, 1),
(70, 87, 16, '', 6, '1', '2015-01-22', '2015-01-22', 62, '', '2015-01-22 22:43:10', 0, 1, 0, 0, 1),
(71, 88, 24, '', 6, '1', '2015-01-22', '2015-01-22', 62, '', '2015-01-22 23:07:04', 0, 1, 0, 0, 1),
(72, 89, 28, '', 6, '1', '2015-01-22', '2015-01-22', 62, '', '2015-01-23 00:27:17', 0, 1, 0, 0, 1),
(73, 90, 29, '', 6, '1', '2015-01-17', '2015-01-17', 62, '', '2015-01-23 02:28:14', 0, 1, 0, 0, 1),
(74, 91, 30, '', 6, '1', '2014-12-03', '2014-12-03', 62, '', '2015-01-23 02:46:26', 0, 1, 0, 0, 1),
(75, 92, 31, '', 6, '1', '2015-01-23', '2015-01-23', 62, '', '2015-01-23 19:34:35', 0, 1, 0, 0, 1),
(76, 93, 7, '', 6, '1', '2015-01-23', '2015-01-23', 62, '', '2015-01-23 20:09:23', 0, 0, 0, 0, 1),
(77, 94, 32, '', 6, '1', '2015-01-23', '2015-01-23', 62, '', '2015-01-23 21:07:05', 0, 1, 0, 0, 1),
(78, 95, 33, '', 6, '1', '2015-01-23', '2015-01-23', 62, '', '2015-01-24 02:17:00', 0, 1, 0, 0, 1),
(79, 96, 7, '', 6, '1', '2015-01-24', '2015-01-24', 62, '', '2015-01-24 19:29:18', 0, 0, 0, 0, 1),
(80, 97, 9, '', 6, '1', '2015-01-24', '2015-01-24', 62, '', '2015-01-24 21:43:57', 0, 1, 0, 0, 1),
(81, 98, 34, '', 6, '1', '2015-01-24', '2015-01-24', 62, '', '2015-01-24 22:41:36', 0, 1, 0, 0, 1),
(82, 100, 35, '', 6, '1', '2015-01-24', '2015-01-24', 62, '', '2015-01-24 23:52:45', 0, 0, 0, 0, 1),
(83, 101, 36, '', 6, '1', '2015-01-24', '2015-01-24', 62, '', '2015-01-25 00:19:29', 0, 1, 0, 0, 1),
(84, 102, 37, '', 6, '1', '2015-01-24', '2015-01-24', 62, '', '2015-01-25 02:36:58', 0, 1, 0, 0, 1),
(85, 103, 7, '', 6, '1', '2015-01-25', '2015-01-25', 62, '', '2015-01-25 19:42:48', 0, 0, 0, 0, 0),
(86, 104, 7, '', 6, '1', '2015-01-25', '2015-01-25', 62, '', '2015-01-25 19:45:09', 0, 0, 0, 0, 1),
(87, 105, 6, '', 6, '1', '2015-01-25', '2015-01-25', 62, '', '2015-01-25 20:21:21', 0, 1, 0, 0, 1),
(88, 106, 7, '', 6, '1', '2015-01-25', '2015-01-25', 62, '', '2015-01-25 21:22:51', 0, 1, 0, 0, 1),
(89, 107, 7, '', 6, '1', '2015-01-25', '2015-01-25', 62, '', '2015-01-25 23:18:17', 0, 0, 0, 0, 1),
(90, 108, 7, '', 6, '1', '2015-01-25', '2015-01-25', 62, '', '2015-01-25 23:19:00', 0, 0, 0, 0, 1),
(91, 109, 38, '', 6, '1', '2015-01-25', '2015-01-25', 62, '', '2015-01-26 21:03:32', 0, 1, 0, 0, 1),
(92, 110, 39, '', 6, '1', '2015-01-25', '2015-01-25', 62, '', '2015-01-26 21:06:03', 0, 1, 0, 0, 1),
(93, 111, 40, '', 6, '1', '2015-01-25', '2015-01-25', 62, '', '2015-01-26 21:08:05', 0, 1, 0, 0, 1),
(94, 112, 41, '', 6, '1', '2015-01-24', '2015-01-24', 62, '', '2015-01-26 21:58:09', 0, 0, 0, 0, 1),
(95, 113, 42, '', 6, '1', '2015-01-24', '2015-01-24', 62, '', '2015-01-26 22:12:29', 0, 1, 0, 0, 1),
(96, 114, 43, '', 6, '1', '2015-01-26', '2015-01-26', 62, '', '2015-01-26 22:16:27', 0, 1, 0, 0, 1),
(97, 115, 45, '', 6, '1', '2015-01-26', '2015-01-26', 62, '', '2015-01-27 03:52:47', 0, 1, 0, 0, 1),
(98, 116, 7, '', 6, '1', '2015-01-28', '2015-01-28', 62, '', '2015-01-28 19:18:36', 0, 1, 0, 0, 1),
(99, 117, 27, '', 6, '1', '2015-01-28', '2015-01-28', 62, '', '2015-01-28 20:43:47', 0, 1, 0, 0, 1),
(100, 118, 2400000, '', 6, '1', '2015-01-28', '2015-01-28', 62, '', '2015-01-28 23:57:17', 0, 1, 0, 0, 1),
(101, 119, 2400001, '', 6, '1', '2015-01-28', '2015-01-28', 62, '', '2015-01-29 01:41:40', 0, 1, 0, 0, 1),
(102, 122, 2400003, '', 6, '1', '2015-01-28', '2015-01-28', 62, '', '2015-01-29 03:51:48', 0, 1, 0, 0, 1),
(103, 123, 7, '', 6, '1', '2015-01-29', '2015-01-29', 62, '', '2015-01-30 01:35:33', 0, 1, 0, 0, 1),
(104, 124, 38, '', 6, '1', '2015-01-13', '2015-01-31', 19, '', '2015-01-31 10:46:06', 0, 0, 0, 0, 0),
(105, 126, 32, '', 6, '1', '2015-02-02', '2015-02-09', 19, 'goods', '2015-02-02 21:52:12', 0, 1, 0, 0, 1),
(106, 127, 38, '', 6, '1', '2015-02-09', '2015-02-18', 19, '', '2015-02-05 03:27:16', 0, 1, 0, 0, 1),
(107, 127, 38, '', 6, '1', '2015-02-03', '2015-02-17', 19, '', '2015-02-05 03:33:35', 0, 1, 0, 0, 1),
(108, 120, 2400002, '', 6, '1', '2015-02-01', '2015-02-18', 19, '', '2015-02-05 03:37:51', 0, 1, 0, 0, 1),
(109, 80, 25, '', 6, '1', '2015-02-05', '2015-02-12', 19, '', '2015-02-05 11:52:10', 0, 0, 0, 0, 0);

-- --------------------------------------------------------

--
-- Table structure for table `job_card_clock`
--

CREATE TABLE IF NOT EXISTS `job_card_clock` (
  `job_card_clock_id` int(11) NOT NULL AUTO_INCREMENT,
  `booking_id` int(11) NOT NULL,
  `job_card_id` int(11) NOT NULL,
  `job_card_task_id` int(11) NOT NULL,
  `task_id` int(11) NOT NULL,
  `clock_type` varchar(10) NOT NULL,
  `clock_technician_id` int(11) NOT NULL,
  `date_clocked` timestamp NOT NULL DEFAULT CURRENT_TIMESTAMP,
  `remarks` longtext NOT NULL,
  `out_period` varchar(100) NOT NULL,
  `resume_period` varchar(100) NOT NULL,
  PRIMARY KEY (`job_card_clock_id`)
) ENGINE=InnoDB  DEFAULT CHARSET=latin1 AUTO_INCREMENT=384 ;

--
-- Dumping data for table `job_card_clock`
--

INSERT INTO `job_card_clock` (`job_card_clock_id`, `booking_id`, `job_card_id`, `job_card_task_id`, `task_id`, `clock_type`, `clock_technician_id`, `date_clocked`, `remarks`, `out_period`, `resume_period`) VALUES
(1, 1, 1, 1, 17, 'inn', 63, '2014-12-19 02:29:41', 'started', '', ''),
(2, 1, 1, 1, 17, 'out', 63, '2014-12-19 02:32:11', 'w4app', '0.02', ''),
(3, 1, 1, 1, 17, 'res', 63, '2014-12-19 02:33:29', '', '', '0.01'),
(4, 1, 1, 1, 17, 'fin', 63, '2014-12-19 02:37:01', 'complited', '0.07', ''),
(5, 4, 2, 5, 14, 'inn', 19, '2014-12-19 23:54:40', 'started', '', ''),
(6, 4, 2, 2, 21, 'inn', 19, '2014-12-19 23:54:50', 'started', '', ''),
(7, 4, 2, 3, 13, 'inn', 19, '2014-12-19 23:54:55', 'strtaed', '', ''),
(8, 4, 2, 4, 19, 'inn', 19, '2014-12-19 23:55:03', 'started', '', ''),
(9, 4, 2, 5, 14, 'fin', 19, '2014-12-19 23:55:32', 'finished', '0.00', ''),
(10, 4, 2, 2, 21, 'fin', 19, '2014-12-19 23:56:41', 'finished', '0.01', ''),
(11, 4, 2, 3, 13, 'fin', 19, '2014-12-19 23:56:47', 'finished', '0.01', ''),
(12, 4, 2, 4, 19, 'fin', 19, '2014-12-19 23:56:54', 'finished', '0.01', ''),
(13, 5, 3, 6, 10, 'inn', 19, '2014-12-20 00:51:52', 'started', '', ''),
(14, 5, 3, 6, 10, 'fin', 19, '2014-12-20 00:52:06', 'completed', '0.00', ''),
(15, 13, 11, 27, 6, 'inn', 63, '2014-12-23 22:26:44', 'started', '', ''),
(16, 13, 11, 27, 6, 'fin', 63, '2014-12-23 22:28:02', 'finished', '0.01', ''),
(17, 12, 10, 25, 10, 'inn', 63, '2014-12-23 22:28:38', 'started', '', ''),
(18, 12, 10, 25, 10, 'fin', 63, '2014-12-23 22:29:08', 'finished', '0.00', ''),
(19, 11, 9, 23, 2, 'inn', 63, '2014-12-23 22:30:04', 'started', '', ''),
(20, 11, 9, 23, 2, 'fin', 63, '2014-12-23 22:30:25', 'finished', '0.00', ''),
(21, 11, 9, 22, 10, 'inn', 63, '2014-12-23 22:30:44', 'started', '', ''),
(22, 11, 9, 22, 10, 'fin', 63, '2014-12-23 22:31:03', 'finished', '0.00', ''),
(23, 10, 8, 19, 10, 'inn', 63, '2014-12-23 22:31:22', 'started', '', ''),
(24, 10, 8, 19, 10, 'fin', 63, '2014-12-23 22:31:40', 'finished', '0.00', ''),
(25, 10, 8, 17, 4, 'inn', 63, '2014-12-23 22:31:55', 'started', '', ''),
(26, 10, 8, 17, 4, 'fin', 63, '2014-12-23 22:32:10', 'finished', '0.00', ''),
(27, 9, 7, 15, 10, 'inn', 63, '2014-12-23 22:32:22', 'started', '', ''),
(28, 9, 7, 15, 10, 'fin', 63, '2014-12-23 22:32:50', 'finished', '0.00', ''),
(29, 8, 6, 11, 22, 'inn', 63, '2014-12-23 22:33:24', 'started', '', ''),
(30, 8, 6, 11, 22, 'fin', 63, '2014-12-23 22:33:51', 'finished', '0.00', ''),
(31, 8, 6, 9, 14, 'inn', 63, '2014-12-23 22:34:11', 'started', '', ''),
(32, 8, 6, 9, 14, 'fin', 63, '2014-12-23 22:34:28', 'finished', '0.00', ''),
(33, 7, 5, 8, 16, 'inn', 63, '2014-12-23 22:35:01', 'started', '', ''),
(34, 7, 5, 8, 16, 'out', 63, '2014-12-23 22:36:51', 'W4P', '0.01', ''),
(35, 7, 5, 8, 23, 'res', 63, '2014-12-24 01:31:09', '', '', '2.54'),
(36, 7, 5, 8, 23, 'fin', 63, '2014-12-24 01:40:34', 'job completed', '3.05', ''),
(37, 14, 12, 28, 23, 'inn', 63, '2014-12-24 02:47:27', 'started', '', ''),
(38, 14, 12, 28, 23, 'fin', 63, '2014-12-24 02:47:40', 'completed', '0.00', ''),
(39, 13, 11, 26, 11, 'inn', 63, '2014-12-24 02:49:30', 'started', '', ''),
(40, 13, 11, 26, 11, 'fin', 63, '2014-12-24 02:56:52', 'completed', '0.07', ''),
(41, 15, 13, 29, 23, 'inn', 63, '2014-12-24 02:57:04', 'started', '', ''),
(42, 15, 13, 29, 23, 'fin', 63, '2014-12-24 03:03:23', 'completed', '0.06', ''),
(43, 9, 7, 14, 29, 'inn', 63, '2014-12-24 20:45:23', 'started', '', ''),
(44, 18, 15, 34, 33, 'inn', 63, '2014-12-24 21:34:27', 'started', '', ''),
(45, 18, 15, 34, 33, 'out', 63, '2014-12-24 21:34:39', 'W4P', '0.00', ''),
(46, 18, 15, 34, 33, 'res', 63, '2014-12-24 22:13:15', '', '', '0.38'),
(47, 18, 15, 34, 33, 'fin', 63, '2014-12-24 22:33:25', 'finished', '0.58', ''),
(48, 9, 7, 14, 29, 'fin', 63, '2014-12-24 22:53:21', 'finished', '2.07', ''),
(49, 20, 17, 37, 29, 'inn', 63, '2014-12-30 01:30:27', 'started', '', ''),
(50, 20, 17, 36, 17, 'inn', 63, '2014-12-30 01:30:42', 'started', '', ''),
(51, 20, 17, 37, 29, 'fin', 63, '2014-12-30 02:08:50', 'CMPLT', '0.38', ''),
(52, 20, 17, 36, 17, 'fin', 63, '2014-12-30 02:09:02', 'CMPLT', '0.38', ''),
(53, 22, 19, 41, 22, 'inn', 63, '2014-12-30 03:47:13', 'started', '', ''),
(54, 22, 19, 43, 55, 'inn', 63, '2014-12-30 03:58:09', 'started', '', ''),
(55, 22, 19, 42, 54, 'inn', 63, '2014-12-30 04:00:26', 'started', '', ''),
(56, 22, 19, 43, 55, 'fin', 63, '2014-12-30 04:00:39', 'completed', '0.02', ''),
(57, 22, 19, 42, 54, 'fin', 63, '2014-12-30 04:00:54', 'completed', '0.00', ''),
(58, 23, 20, 44, 56, 'inn', 63, '2014-12-30 20:50:57', 'start', '', ''),
(59, 23, 20, 44, 56, 'fin', 63, '2014-12-30 21:03:02', 'completed', '0.12', ''),
(60, 29, 21, 46, 63, 'inn', 63, '2014-12-31 21:29:07', 'start', '', ''),
(61, 29, 21, 45, 28, 'inn', 63, '2014-12-31 21:29:27', 'started', '', ''),
(62, 29, 21, 46, 63, 'out', 63, '2014-12-31 21:29:40', 'W4P', '0.00', ''),
(63, 29, 21, 45, 28, 'out', 63, '2014-12-31 21:29:51', 'W4P', '0.00', ''),
(64, 30, 22, 47, 29, 'inn', 63, '2014-12-31 21:33:59', 'started', '', ''),
(65, 30, 22, 47, 29, 'fin', 63, '2014-12-31 21:34:11', 'completed', '0.00', ''),
(66, 29, 21, 46, 63, 'res', 63, '2014-12-31 21:47:05', '', '', '0.17'),
(67, 29, 21, 45, 28, 'res', 63, '2014-12-31 21:47:09', '', '', '0.17'),
(68, 29, 21, 46, 63, 'fin', 63, '2014-12-31 22:29:21', 'cmplt', '1.00', ''),
(69, 29, 21, 45, 28, 'fin', 63, '2014-12-31 22:29:30', 'cmplt', '1.00', ''),
(70, 33, 25, 51, 67, 'inn', 63, '2015-01-02 22:02:27', 'started', '', ''),
(71, 33, 25, 51, 67, 'fin', 63, '2015-01-02 22:53:48', 'completed', '0.51', ''),
(72, 33, 25, 52, 40, 'inn', 63, '2015-01-02 22:54:03', 'started', '', ''),
(73, 33, 25, 52, 40, 'fin', 63, '2015-01-02 22:54:25', 'completed', '0.00', ''),
(74, 33, 25, 50, 66, 'inn', 63, '2015-01-02 22:54:44', 'started', '', ''),
(75, 33, 25, 50, 66, 'out', 63, '2015-01-02 22:54:59', 'W4P', '0.00', ''),
(76, 37, 27, 56, 22, 'inn', 66, '2015-01-05 20:05:25', 'started', '', ''),
(77, 37, 27, 55, 55, 'inn', 66, '2015-01-05 20:07:41', 'started', '', ''),
(78, 37, 27, 56, 22, 'out', 66, '2015-01-05 20:17:29', 'w4P', '0.12', ''),
(79, 37, 27, 56, 22, 'res', 66, '2015-01-05 20:17:37', '', '', '0.00'),
(80, 37, 27, 56, 22, 'fin', 66, '2015-01-05 20:17:52', 'FINISHED', '0.12', ''),
(81, 34, 26, 53, 47, 'inn', 19, '2015-01-06 00:49:04', 'started', '', ''),
(82, 38, 28, 59, 76, 'inn', 65, '2015-01-06 03:53:12', 'started', '', ''),
(83, 38, 28, 60, 75, 'inn', 63, '2015-01-06 03:53:59', 'started', '', ''),
(84, 34, 26, 53, 47, 'fin', 63, '2015-01-06 03:54:16', 'complete', '3.05', ''),
(85, 38, 28, 59, 76, 'fin', 65, '2015-01-06 20:11:18', 'finished', '16.18', ''),
(86, 38, 28, 60, 75, 'fin', 63, '2015-01-06 20:12:28', 'finished', '16.18', ''),
(87, 41, 29, 62, 77, 'inn', 65, '2015-01-07 02:42:30', 'started', '', ''),
(88, 41, 29, 62, 77, 'out', 65, '2015-01-07 02:43:06', 'w4p', '0.00', ''),
(89, 41, 29, 61, 29, 'inn', 66, '2015-01-07 02:49:36', 'started', '', ''),
(90, 41, 29, 63, 28, 'inn', 63, '2015-01-07 02:57:39', 'started', '', ''),
(91, 41, 29, 61, 29, 'fin', 66, '2015-01-07 03:01:37', 'completed', '0.12', ''),
(92, 42, 30, 65, 33, 'inn', 66, '2015-01-08 02:27:42', 'started', '', ''),
(93, 42, 30, 64, 29, 'inn', 65, '2015-01-08 02:36:13', 'STARTED', '', ''),
(94, 41, 29, 62, 77, 'res', 65, '2015-01-08 02:36:27', '', '', '0.00'),
(95, 41, 29, 62, 77, 'fin', 65, '2015-01-08 02:37:03', 'FINISH', '23.54', ''),
(96, 42, 30, 65, 33, 'out', 66, '2015-01-08 02:51:18', 'COMPLETED', '0.23', ''),
(97, 42, 30, 65, 33, 'res', 66, '2015-01-08 02:52:18', '', '', '0.01'),
(98, 42, 30, 65, 33, 'fin', 66, '2015-01-08 02:52:41', 'COMPLETED', '0.24', ''),
(99, 43, 31, 66, 78, 'inn', 66, '2015-01-08 20:36:48', 'started', '', ''),
(100, 43, 31, 66, 78, 'out', 66, '2015-01-08 20:37:22', 'w4p', '0.00', ''),
(101, 43, 31, 66, 78, 'res', 66, '2015-01-09 01:38:50', '', '', '5.01'),
(102, 43, 31, 66, 78, 'fin', 66, '2015-01-09 02:29:02', 'completed', '5.52', ''),
(103, 44, 32, 67, 29, 'inn', 66, '2015-01-09 04:22:06', 'started', '', ''),
(104, 44, 32, 67, 29, 'fin', 66, '2015-01-09 04:31:49', 'finished', '0.09', ''),
(105, 47, 35, 75, 54, 'inn', 66, '2015-01-10 22:41:59', 'started', '', ''),
(106, 47, 35, 75, 22, 'fin', 66, '2015-01-10 23:40:24', 'completed', '0.58', ''),
(107, 53, 41, 91, 70, 'inn', 66, '2015-01-12 19:53:28', 'Started', '', ''),
(108, 52, 40, 88, 22, 'inn', 66, '2015-01-12 19:53:41', 'started', '', ''),
(109, 51, 39, 87, 29, 'inn', 66, '2015-01-12 19:53:51', 'started', '', ''),
(110, 50, 38, 82, 22, 'inn', 66, '2015-01-12 19:54:01', 'started', '', ''),
(111, 48, 36, 76, 22, 'inn', 66, '2015-01-12 19:54:13', 'started', '', ''),
(112, 43, 31, 69, 22, 'inn', 66, '2015-01-12 19:54:25', 'started', '', ''),
(113, 53, 41, 92, 38, 'inn', 65, '2015-01-12 19:55:11', 'started', '', ''),
(114, 52, 40, 90, 35, 'inn', 65, '2015-01-12 19:55:31', 'Started', '', ''),
(115, 52, 40, 89, 47, 'inn', 65, '2015-01-12 19:55:40', 'started', '', ''),
(116, 51, 39, 86, 47, 'inn', 65, '2015-01-12 19:55:57', 'started', '', ''),
(117, 50, 38, 83, 47, 'inn', 65, '2015-01-12 19:56:10', 'started', '', ''),
(118, 49, 37, 81, 47, 'inn', 65, '2015-01-12 19:56:18', 'started', '', ''),
(119, 49, 37, 80, 35, 'inn', 65, '2015-01-12 19:56:28', 'started', '', ''),
(120, 51, 39, 85, 22, 'inn', 63, '2015-01-12 20:16:35', 'started', '', ''),
(121, 50, 38, 84, 29, 'inn', 63, '2015-01-12 20:16:42', 'started', '', ''),
(122, 49, 37, 79, 22, 'inn', 63, '2015-01-12 20:16:50', 'started', '', ''),
(123, 48, 36, 78, 29, 'inn', 63, '2015-01-12 20:16:58', 'started', '', ''),
(124, 51, 39, 85, 22, 'fin', 63, '2015-01-12 22:52:41', 'completed', '2.36', ''),
(125, 49, 37, 79, 22, 'fin', 63, '2015-01-12 22:52:56', 'completed', '2.36', ''),
(126, 48, 36, 78, 47, 'fin', 63, '2015-01-12 22:53:08', 'completed', '2.36', ''),
(127, 52, 40, 88, 22, 'fin', 66, '2015-01-12 22:53:40', 'completed', '2.59', ''),
(128, 50, 38, 82, 22, 'fin', 66, '2015-01-12 22:53:49', 'completed', '2.59', ''),
(129, 48, 36, 76, 22, 'fin', 66, '2015-01-12 22:53:59', 'completed', '2.59', ''),
(130, 43, 31, 69, 22, 'fin', 66, '2015-01-12 22:54:18', 'completed', '2.59', ''),
(131, 50, 38, 93, 33, 'inn', 65, '2015-01-12 22:54:45', 'started', '', ''),
(132, 52, 40, 89, 47, 'fin', 65, '2015-01-12 22:55:00', 'completed', '2.59', ''),
(133, 51, 39, 86, 47, 'fin', 65, '2015-01-12 22:55:14', 'completed', '2.59', ''),
(134, 50, 38, 83, 47, 'fin', 65, '2015-01-12 22:55:25', 'completed', '2.59', ''),
(135, 49, 37, 81, 47, 'fin', 65, '2015-01-12 22:55:38', 'completed', '2.59', ''),
(136, 42, 30, 64, 29, 'fin', 65, '2015-01-12 22:55:57', 'completed', '116.19', ''),
(137, 53, 41, 91, 70, 'out', 66, '2015-01-13 01:19:14', 'w4p', '5.25', ''),
(138, 53, 41, 91, 70, 'res', 66, '2015-01-13 02:28:20', '', '', '1.09'),
(139, 53, 41, 91, 70, 'fin', 66, '2015-01-13 03:37:16', 'completed', '7.43', ''),
(140, 53, 41, 92, 38, 'fin', 63, '2015-01-13 03:37:45', 'completed', '7.42', ''),
(141, 54, 42, 94, 70, 'inn', 66, '2015-01-13 22:32:02', 'started', '', ''),
(142, 54, 42, 94, 70, 'out', 66, '2015-01-13 22:48:11', 'w4p', '0.16', ''),
(143, 54, 42, 94, 70, 'res', 66, '2015-01-14 03:20:38', '', '', '4.32'),
(144, 54, 42, 95, 67, 'inn', 63, '2015-01-14 04:01:00', 'started', '', ''),
(145, 54, 42, 95, 67, 'fin', 63, '2015-01-14 04:04:50', 'completed', '0.03', ''),
(146, 54, 42, 94, 70, 'fin', 66, '2015-01-14 04:10:29', 'completed', '5.38', ''),
(147, 55, 43, 96, 82, 'inn', 66, '2015-01-14 20:46:01', 'started', '', ''),
(148, 55, 43, 96, 82, 'out', 66, '2015-01-14 21:38:39', 'W4P', '0.52', ''),
(149, 55, 43, 96, 82, 'res', 66, '2015-01-14 22:46:10', '', '', '1.07'),
(150, 55, 43, 96, 82, 'fin', 66, '2015-01-14 22:50:54', 'finished', '2.04', ''),
(151, 56, 44, 98, 83, 'inn', 71, '2015-01-14 23:32:23', 'started', '', ''),
(152, 57, 45, 99, 85, 'inn', 66, '2015-01-15 00:43:29', 'start', '', ''),
(153, 56, 44, 98, 83, 'fin', 71, '2015-01-15 02:07:20', 'completed', '2.34', ''),
(154, 58, 46, 100, 83, 'inn', 19, '2015-01-15 02:20:59', 'started', '', ''),
(155, 58, 46, 100, 83, 'fin', 19, '2015-01-15 02:21:16', 'completed', '0.00', ''),
(156, 61, 47, 101, 34, 'inn', 63, '2015-01-15 03:42:08', 'started', '', ''),
(157, 41, 29, 63, 28, 'fin', 63, '2015-01-15 03:42:25', 'finished', '192.44', ''),
(158, 62, 48, 102, 87, 'inn', 66, '2015-01-15 19:47:22', 'started', '', ''),
(159, 62, 48, 102, 87, 'fin', 66, '2015-01-15 20:30:55', 'finished\r\n', '0.43', ''),
(160, 63, 49, 103, 81, 'inn', 63, '2015-01-15 22:23:05', 'started', '', ''),
(161, 61, 47, 101, 34, 'fin', 63, '2015-01-15 22:23:16', 'finished', '18.41', ''),
(162, 66, 52, 109, 61, 'inn', 63, '2015-01-17 01:05:00', 'started', '', ''),
(163, 66, 52, 109, 88, 'out', 63, '2015-01-17 02:40:29', 'w4p', '1.35', ''),
(164, 66, 52, 109, 88, 'res', 63, '2015-01-17 03:55:57', '', '', '1.15'),
(165, 66, 52, 109, 88, 'fin', 63, '2015-01-17 04:40:57', 'finish', '3.35', ''),
(166, 69, 55, 114, 22, 'inn', 66, '2015-01-17 20:07:40', 'started', '', ''),
(167, 57, 45, 99, 85, 'fin', 66, '2015-01-17 20:07:56', 'finished', '67.24', ''),
(168, 69, 55, 114, 22, 'out', 66, '2015-01-17 21:18:02', 'completed', '1.10', ''),
(169, 69, 55, 114, 22, 'res', 66, '2015-01-17 21:18:19', '', '', '0.00'),
(170, 69, 55, 114, 22, 'fin', 66, '2015-01-17 21:18:33', 'completed', '1.10', ''),
(171, 72, 58, 121, 37, 'inn', 66, '2015-01-21 20:32:37', 'strted', '', ''),
(172, 72, 58, 120, 60, 'inn', 66, '2015-01-21 20:32:49', 'started', '', ''),
(173, 72, 58, 119, 61, 'inn', 66, '2015-01-21 20:33:07', 'started', '', ''),
(174, 68, 54, 117, 106, 'inn', 66, '2015-01-21 20:33:27', 'started', '', ''),
(175, 68, 54, 111, 92, 'inn', 66, '2015-01-21 20:33:40', 'started', '', ''),
(176, 65, 51, 106, 92, 'inn', 66, '2015-01-21 20:33:54', 'started', '', ''),
(177, 23, 20, 58, 73, 'inn', 66, '2015-01-21 20:34:07', 'started', '', ''),
(178, 62, 48, 127, 97, 'inn', 66, '2015-01-21 20:34:23', 'started', '', ''),
(179, 74, 60, 124, 92, 'inn', 65, '2015-01-21 20:34:47', 'started', '', ''),
(180, 77, 63, 132, 73, 'inn', 63, '2015-01-21 20:35:19', 'started', '', ''),
(181, 73, 59, 123, 104, 'inn', 63, '2015-01-21 20:35:30', 'started', '', ''),
(182, 73, 59, 122, 117, 'inn', 63, '2015-01-21 20:35:39', 'started', '', ''),
(183, 66, 52, 118, 117, 'inn', 63, '2015-01-21 20:36:48', 'started', '', ''),
(184, 62, 48, 127, 97, 'fin', 66, '2015-01-21 21:07:20', 'finished', '0.32', ''),
(185, 72, 58, 119, 61, 'fin', 66, '2015-01-21 21:07:30', 'finished', '0.34', ''),
(186, 72, 58, 120, 60, 'fin', 66, '2015-01-21 21:07:39', 'finished', '0.34', ''),
(187, 72, 58, 121, 37, 'fin', 66, '2015-01-21 21:07:49', 'finished', '0.35', ''),
(188, 68, 54, 117, 106, 'fin', 66, '2015-01-21 21:07:57', 'completed', '0.34', ''),
(189, 68, 54, 111, 92, 'fin', 66, '2015-01-21 21:08:05', 'completed', '0.34', ''),
(190, 65, 51, 106, 92, 'fin', 66, '2015-01-21 21:08:13', 'completed', '0.34', ''),
(191, 23, 20, 58, 73, 'fin', 66, '2015-01-21 21:08:21', 'completed', '0.34', ''),
(192, 77, 63, 132, 73, 'fin', 63, '2015-01-21 21:09:00', 'completed', '0.33', ''),
(193, 73, 59, 123, 104, 'fin', 63, '2015-01-21 21:09:08', 'complted', '0.33', ''),
(194, 73, 59, 122, 117, 'fin', 63, '2015-01-21 21:09:15', 'completed', '0.33', ''),
(195, 66, 52, 118, 117, 'fin', 63, '2015-01-21 21:09:24', 'completed', '0.32', ''),
(196, 63, 49, 103, 81, 'fin', 63, '2015-01-21 21:09:35', 'completd', '142.46', ''),
(197, 74, 60, 124, 92, 'fin', 65, '2015-01-21 21:09:57', 'completed', '0.35', ''),
(198, 50, 38, 93, 33, 'fin', 65, '2015-01-21 21:10:05', 'completed', '214.15', ''),
(199, 79, 64, 134, 107, 'inn', 71, '2015-01-21 21:39:43', 'started', '', ''),
(200, 79, 64, 134, 107, 'fin', 71, '2015-01-21 21:53:11', 'finished', '0.13', ''),
(201, 79, 64, 135, 70, 'inn', 63, '2015-01-21 23:12:18', 'started', '', ''),
(202, 81, 65, 138, 48, 'inn', 72, '2015-01-22 00:03:54', 'STARTED', '', ''),
(203, 74, 60, 128, 48, 'inn', 72, '2015-01-22 00:04:05', 'STARTED', '', ''),
(204, 81, 65, 137, 48, 'inn', 72, '2015-01-22 00:06:49', 'STARTED', '', ''),
(205, 74, 60, 128, 48, 'fin', 72, '2015-01-22 00:07:08', 'COMPLETED', '0.03', ''),
(206, 81, 65, 138, 48, 'fin', 72, '2015-01-22 00:08:10', 'COMPLETED', '0.04', ''),
(207, 81, 65, 137, 48, 'fin', 72, '2015-01-22 00:13:25', 'finished', '0.06', ''),
(208, 82, 66, 140, 0, 'inn', 72, '2015-01-22 02:22:52', 'started', '', ''),
(209, 82, 66, 139, 48, 'inn', 72, '2015-01-22 02:24:21', 'started', '', ''),
(210, 82, 66, 139, 48, 'fin', 72, '2015-01-22 02:44:34', 'completed', '0.20', ''),
(211, 82, 66, 140, 0, 'fin', 72, '2015-01-22 02:44:53', 'completed', '0.22', ''),
(212, 83, 67, 141, 97, 'inn', 66, '2015-01-22 04:02:10', 'started', '', ''),
(213, 83, 67, 142, 26, 'inn', 66, '2015-01-22 04:02:19', 'started', '', ''),
(214, 83, 67, 141, 97, 'fin', 66, '2015-01-22 04:13:43', 'completed', '0.11', ''),
(215, 83, 67, 142, 26, 'fin', 71, '2015-01-22 04:15:07', 'complited', '0.12', ''),
(216, 79, 64, 135, 70, 'fin', 63, '2015-01-22 05:04:01', 'completed', '5.51', ''),
(217, 84, 68, 143, 68, 'inn', 63, '2015-01-22 19:43:35', 'started', '', ''),
(218, 85, 69, 144, 48, 'inn', 72, '2015-01-22 21:07:58', 'started', '', ''),
(219, 85, 69, 144, 48, 'fin', 72, '2015-01-22 21:08:34', 'finished', '0.00', ''),
(220, 84, 68, 143, 68, 'out', 63, '2015-01-22 22:39:10', 'w4p', '2.55', ''),
(221, 88, 71, 146, 67, 'inn', 63, '2015-01-22 23:36:30', 'started', '', ''),
(222, 84, 68, 147, 120, 'inn', 66, '2015-01-22 23:39:28', 'started', '', ''),
(223, 87, 70, 145, 32, 'inn', 66, '2015-01-22 23:39:38', 'started', '', ''),
(224, 88, 71, 146, 67, 'fin', 63, '2015-01-22 23:42:39', 'finished', '0.06', ''),
(225, 89, 72, 148, 48, 'inn', 66, '2015-01-23 00:27:38', 'started', '', ''),
(226, 87, 70, 145, 32, 'fin', 66, '2015-01-23 00:27:54', 'completed', '0.48', ''),
(227, 89, 72, 148, 48, 'fin', 66, '2015-01-23 00:31:48', 'finished', '0.04', ''),
(228, 84, 68, 143, 68, 'res', 63, '2015-01-23 01:55:58', '', '', '3.16'),
(229, 84, 68, 147, 120, 'fin', 63, '2015-01-23 01:56:22', 'completed', '2.16', ''),
(230, 84, 68, 143, 68, 'fin', 63, '2015-01-23 01:56:34', 'completed', '6.12', ''),
(231, 90, 73, 153, 0, 'inn', 66, '2015-01-23 02:34:45', 'startedd', '', ''),
(232, 90, 73, 152, 48, 'inn', 66, '2015-01-23 02:34:54', 'started', '', ''),
(233, 90, 73, 151, 48, 'inn', 66, '2015-01-23 02:35:06', 'started', '', ''),
(234, 90, 73, 150, 48, 'inn', 66, '2015-01-23 02:35:16', 'started', '', ''),
(235, 90, 73, 149, 48, 'inn', 66, '2015-01-23 02:35:24', 'started', '', ''),
(236, 90, 73, 155, 48, 'inn', 66, '2015-01-23 02:35:34', 'started', '', ''),
(237, 90, 73, 156, 48, 'inn', 66, '2015-01-23 02:35:43', 'started', '', ''),
(238, 90, 73, 157, 48, 'inn', 66, '2015-01-23 02:35:51', 'started', '', ''),
(239, 90, 73, 158, 48, 'inn', 66, '2015-01-23 02:35:58', 'started', '', ''),
(240, 90, 73, 159, 121, 'inn', 66, '2015-01-23 02:36:12', 'started', '', ''),
(241, 90, 73, 160, 121, 'inn', 66, '2015-01-23 02:36:56', 'started', '', ''),
(242, 90, 73, 161, 92, 'inn', 66, '2015-01-23 02:37:04', 'started', '', ''),
(243, 90, 73, 161, 92, 'fin', 66, '2015-01-23 02:47:13', 'FINISHED', '0.10', ''),
(244, 90, 73, 160, 121, 'fin', 66, '2015-01-23 02:47:21', 'finished', '0.10', ''),
(245, 90, 73, 159, 121, 'fin', 66, '2015-01-23 02:47:30', 'finished', '0.11', ''),
(246, 90, 73, 158, 48, 'fin', 66, '2015-01-23 02:47:40', 'finished', '0.11', ''),
(247, 90, 73, 157, 48, 'fin', 66, '2015-01-23 02:47:50', 'finished', '0.11', ''),
(248, 90, 73, 156, 48, 'fin', 66, '2015-01-23 02:47:59', 'finished', '0.12', ''),
(249, 90, 73, 155, 48, 'fin', 66, '2015-01-23 02:48:08', 'finished', '0.12', ''),
(250, 90, 73, 149, 48, 'fin', 66, '2015-01-23 02:48:17', 'finished', '0.12', ''),
(251, 90, 73, 150, 48, 'fin', 66, '2015-01-23 02:48:25', 'finished', '0.13', ''),
(252, 90, 73, 153, 0, 'fin', 66, '2015-01-23 02:48:35', 'finished', '0.13', ''),
(253, 90, 73, 152, 48, 'fin', 66, '2015-01-23 02:48:43', 'finished', '0.13', ''),
(254, 90, 73, 151, 48, 'fin', 66, '2015-01-23 02:48:52', 'finished', '0.13', ''),
(255, 90, 73, 154, 0, 'inn', 66, '2015-01-23 02:49:16', 'started', '', ''),
(256, 91, 74, 162, 21, 'inn', 66, '2015-01-23 02:49:30', 'started', '', ''),
(257, 90, 73, 154, 0, 'fin', 66, '2015-01-23 02:50:51', 'completed', '0.01', ''),
(258, 91, 74, 162, 21, 'fin', 63, '2015-01-23 03:35:39', 'finished', '0.46', ''),
(259, 92, 75, 163, 48, 'inn', 66, '2015-01-23 19:35:04', 'started', '', ''),
(260, 92, 75, 163, 48, 'fin', 66, '2015-01-23 19:35:55', 'completed', '0.00', ''),
(261, 93, 76, 164, 48, 'inn', 66, '2015-01-23 20:10:19', 'started', '', ''),
(262, 94, 77, 165, 103, 'inn', 66, '2015-01-23 21:07:29', 'started', '', ''),
(263, 93, 76, 164, 48, 'fin', 66, '2015-01-23 21:07:38', 'finished', '0.57', ''),
(264, 94, 77, 165, 103, 'fin', 66, '2015-01-23 21:10:21', 'finished', '0.02', ''),
(265, 84, 68, 166, 61, 'inn', 63, '2015-01-23 22:02:18', 'started', '', ''),
(266, 79, 64, 133, 97, 'inn', 66, '2015-01-23 22:04:46', 'started', '', ''),
(267, 72, 58, 136, 108, 'inn', 66, '2015-01-23 22:11:15', 'started', '', ''),
(268, 84, 68, 166, 61, 'fin', 66, '2015-01-23 22:31:08', 'finished', '0.28', ''),
(269, 72, 58, 136, 108, 'fin', 66, '2015-01-23 22:31:16', 'finished', '0.20', ''),
(270, 79, 64, 133, 97, 'fin', 66, '2015-01-23 22:31:24', 'finished', '0.26', ''),
(271, 63, 49, 167, 91, 'inn', 63, '2015-01-23 22:51:11', 'started', '', ''),
(272, 63, 49, 167, 91, 'fin', 66, '2015-01-23 23:12:56', 'finished', '0.21', ''),
(273, 93, 76, 168, 121, 'inn', 66, '2015-01-24 01:01:42', 'started', '', ''),
(274, 93, 76, 168, 121, 'fin', 66, '2015-01-24 01:29:07', 'finished', '0.27', ''),
(275, 87, 70, 169, 123, 'inn', 66, '2015-01-24 01:53:20', 'started', '', ''),
(276, 95, 78, 170, 67, 'inn', 66, '2015-01-24 02:17:21', 'started', '', ''),
(277, 87, 70, 169, 123, 'fin', 66, '2015-01-24 02:38:05', 'finished', '0.44', ''),
(278, 95, 78, 170, 67, 'fin', 66, '2015-01-24 02:38:32', 'finished', '0.21', ''),
(279, 96, 79, 171, 97, 'inn', 66, '2015-01-24 19:30:05', '4334', '', ''),
(280, 96, 79, 171, 97, 'fin', 66, '2015-01-24 19:38:59', 'finished', '0.08', ''),
(281, 97, 80, 172, 121, 'inn', 66, '2015-01-24 21:44:34', 'started', '', ''),
(282, 97, 80, 172, 121, 'fin', 66, '2015-01-24 21:58:13', 'finished', '0.13', ''),
(283, 95, 78, 173, 130, 'inn', 66, '2015-01-24 22:35:53', 'started', '', ''),
(284, 98, 81, 174, 48, 'inn', 66, '2015-01-24 22:42:05', 'STARTED', '', ''),
(285, 98, 81, 174, 48, 'fin', 66, '2015-01-24 23:22:39', 'completed', '0.40', ''),
(286, 95, 78, 173, 130, 'fin', 66, '2015-01-24 23:22:51', 'completed', '0.46', ''),
(287, 100, 82, 175, 47, 'inn', 65, '2015-01-24 23:53:25', 'started', '', ''),
(288, 101, 83, 176, 103, 'inn', 65, '2015-01-25 00:19:56', 'started', '', ''),
(289, 100, 82, 175, 131, 'fin', 65, '2015-01-25 00:20:10', 'completed', '0.26', ''),
(290, 102, 84, 177, 48, 'inn', 66, '2015-01-25 02:37:43', 'started', '', ''),
(291, 101, 83, 176, 103, 'fin', 66, '2015-01-25 02:37:51', 'completed', '2.17', ''),
(292, 102, 84, 177, 48, 'fin', 66, '2015-01-25 19:43:25', 'completed', '17.05', ''),
(293, 103, 85, 178, 107, 'inn', 66, '2015-01-25 19:43:36', 'started', '', ''),
(294, 104, 86, 180, 96, 'inn', 66, '2015-01-25 19:46:54', 'started', '', ''),
(295, 104, 86, 180, 132, 'out', 66, '2015-01-25 20:22:10', 'w4p', '0.35', ''),
(296, 104, 86, 180, 132, 'out', 66, '2015-01-25 20:22:11', 'w4p', '0.35', ''),
(297, 105, 87, 181, 22, 'inn', 66, '2015-01-25 20:22:21', 'started', '', ''),
(298, 103, 85, 178, 107, 'out', 66, '2015-01-25 21:10:04', 'w4p', '1.26', ''),
(299, 105, 87, 181, 22, 'fin', 66, '2015-01-25 21:19:57', 'completed', '0.57', ''),
(300, 106, 88, 182, 107, 'inn', 66, '2015-01-25 21:23:19', 'started', '', ''),
(301, 106, 88, 183, 101, 'inn', 66, '2015-01-25 21:25:39', 'started', '', ''),
(302, 103, 85, 184, 78, 'inn', 66, '2015-01-25 21:39:27', 'started', '', ''),
(303, 105, 87, 185, 46, 'inn', 66, '2015-01-25 21:41:36', 'started', '', ''),
(304, 105, 87, 186, 61, 'inn', 66, '2015-01-25 21:53:30', 'started', '', ''),
(305, 103, 85, 184, 78, 'fin', 66, '2015-01-25 22:13:00', 'completed', '0.33', ''),
(306, 105, 87, 185, 46, 'fin', 66, '2015-01-25 22:14:16', 'completed', '0.32', ''),
(307, 106, 88, 183, 101, 'fin', 66, '2015-01-25 22:15:40', 'completed', '0.50', ''),
(308, 106, 88, 187, 33, 'inn', 66, '2015-01-25 22:16:41', 'started', '', ''),
(309, 105, 87, 188, 36, 'inn', 66, '2015-01-25 22:28:51', 'clutch adjustment', '', ''),
(310, 105, 87, 186, 61, 'fin', 66, '2015-01-25 22:29:20', 'completed', '0.35', ''),
(311, 105, 87, 188, 36, 'fin', 66, '2015-01-25 22:40:41', 'completed', '0.11', ''),
(312, 106, 88, 187, 33, 'fin', 66, '2015-01-25 22:40:58', 'completed', '0.24', ''),
(313, 106, 88, 182, 107, 'fin', 66, '2015-01-25 22:41:19', 'completed', '1.18', ''),
(314, 106, 88, 189, 97, 'inn', 66, '2015-01-25 22:53:22', 'started', '', ''),
(315, 106, 88, 189, 97, 'fin', 66, '2015-01-25 22:54:55', 'completed', '0.01', ''),
(316, 108, 90, 191, 97, 'inn', 66, '2015-01-25 23:19:25', 'started', '', ''),
(317, 107, 89, 190, 20, 'inn', 66, '2015-01-25 23:19:35', 'started', '', ''),
(318, 104, 86, 180, 132, 'res', 66, '2015-01-25 23:19:42', '', '', '2.57'),
(319, 104, 86, 180, 132, 'fin', 66, '2015-01-25 23:19:52', 'completed', '3.32', ''),
(320, 103, 85, 178, 107, 'res', 66, '2015-01-25 23:20:02', '', '', '2.09'),
(321, 103, 85, 178, 107, 'fin', 66, '2015-01-25 23:20:13', 'completed', '3.36', ''),
(322, 104, 86, 192, 134, 'inn', 66, '2015-01-25 23:22:23', 'STARTED', '', ''),
(323, 108, 90, 193, 134, 'inn', 66, '2015-01-26 00:10:20', 'started', '', ''),
(324, 108, 90, 191, 97, 'fin', 66, '2015-01-26 00:10:34', 'completed', '0.51', ''),
(325, 107, 89, 190, 20, 'fin', 66, '2015-01-26 00:10:44', 'completed', '0.51', ''),
(326, 109, 91, 194, 32, 'inn', 66, '2015-01-26 21:04:01', 'STARTED', '', ''),
(327, 108, 90, 193, 134, 'fin', 66, '2015-01-26 21:04:08', 'COMPLETED', '20.53', ''),
(328, 104, 86, 192, 134, 'fin', 66, '2015-01-26 21:04:19', 'COMPLETED', '21.41', ''),
(329, 111, 93, 197, 48, 'inn', 66, '2015-01-26 21:47:22', 'started', '', ''),
(330, 111, 93, 198, 48, 'inn', 66, '2015-01-26 21:47:40', 'started', '', ''),
(331, 110, 92, 196, 48, 'inn', 66, '2015-01-26 21:47:48', 'started', '', ''),
(332, 110, 92, 195, 48, 'inn', 66, '2015-01-26 21:47:56', 'started', '', ''),
(333, 112, 94, 199, 136, 'inn', 66, '2015-01-26 22:05:47', 'started', '', ''),
(334, 109, 91, 194, 135, 'fin', 66, '2015-01-26 22:08:40', 'completed', '1.04', ''),
(335, 110, 92, 195, 48, 'fin', 66, '2015-01-26 22:08:53', 'completed', '0.20', ''),
(336, 110, 92, 196, 48, 'fin', 66, '2015-01-26 22:09:02', 'completed', '0.21', ''),
(337, 111, 93, 197, 48, 'fin', 66, '2015-01-26 22:09:24', 'completed', '0.22', ''),
(338, 111, 93, 198, 48, 'fin', 66, '2015-01-26 22:09:33', 'completed', '0.21', ''),
(339, 113, 95, 205, 48, 'inn', 66, '2015-01-26 22:13:55', 'started', '', ''),
(340, 113, 95, 200, 121, 'inn', 66, '2015-01-26 22:14:00', 'started', '', ''),
(341, 113, 95, 201, 48, 'inn', 66, '2015-01-26 22:14:07', 'started', '', ''),
(342, 113, 95, 202, 48, 'inn', 66, '2015-01-26 22:14:15', 'started', '', ''),
(343, 113, 95, 203, 48, 'inn', 66, '2015-01-26 22:14:23', 'started', '', ''),
(344, 113, 95, 204, 48, 'inn', 66, '2015-01-26 22:14:32', 'started', '', ''),
(345, 114, 96, 206, 48, 'inn', 66, '2015-01-26 22:16:57', 'Started', '', ''),
(346, 114, 96, 206, 48, 'fin', 66, '2015-01-26 22:34:53', 'completed', '0.17', ''),
(347, 113, 95, 205, 48, 'fin', 66, '2015-01-26 22:35:01', 'completed', '0.21', ''),
(348, 113, 95, 204, 48, 'fin', 66, '2015-01-26 22:35:09', 'completed', '0.20', ''),
(349, 113, 95, 203, 48, 'fin', 66, '2015-01-26 22:35:17', 'completed', '0.20', ''),
(350, 113, 95, 202, 48, 'fin', 66, '2015-01-26 22:35:25', 'completed', '0.21', ''),
(351, 113, 95, 201, 48, 'fin', 66, '2015-01-26 22:35:32', 'completed', '0.21', ''),
(352, 113, 95, 200, 121, 'fin', 66, '2015-01-26 22:35:40', 'completed', '0.21', ''),
(353, 112, 94, 199, 136, 'fin', 66, '2015-01-26 22:35:48', 'completed', '0.30', ''),
(354, 104, 86, 207, 16, 'inn', 66, '2015-01-26 23:20:50', 'started', '', ''),
(355, 104, 86, 208, 117, 'inn', 66, '2015-01-26 23:23:54', 'started', '', ''),
(356, 104, 86, 208, 117, 'fin', 66, '2015-01-27 02:15:38', 'completed', '2.51', ''),
(357, 104, 86, 207, 16, 'fin', 66, '2015-01-27 02:16:00', 'completed', '2.55', ''),
(358, 115, 97, 209, 124, 'inn', 66, '2015-01-27 04:15:24', 'started', '', ''),
(359, 115, 97, 209, 124, 'fin', 66, '2015-01-27 04:15:41', 'completed', '0.00', ''),
(360, 116, 98, 210, 76, 'inn', 66, '2015-01-28 19:19:06', 'started', '', ''),
(361, 116, 98, 210, 76, 'fin', 66, '2015-01-28 20:39:00', 'completed', '1.19', ''),
(362, 116, 98, 214, 62, 'inn', 66, '2015-01-28 20:45:46', 'started', '', ''),
(363, 117, 99, 213, 121, 'inn', 66, '2015-01-28 20:50:27', 'started', '', ''),
(364, 117, 99, 212, 48, 'inn', 66, '2015-01-28 20:50:34', 'started', '', ''),
(365, 117, 99, 213, 121, 'fin', 66, '2015-01-28 21:02:24', 'completed', '0.11', ''),
(366, 117, 99, 212, 48, 'fin', 66, '2015-01-28 21:02:37', 'completed', '0.12', ''),
(367, 116, 98, 214, 62, 'fin', 66, '2015-01-28 21:02:45', 'completed', '0.16', ''),
(368, 117, 99, 211, 0, 'inn', 66, '2015-01-28 21:11:05', 'started', '', ''),
(369, 117, 99, 211, 0, 'fin', 66, '2015-01-28 21:11:12', 'completed', '0.00', ''),
(370, 118, 100, 215, 124, 'inn', 66, '2015-01-28 23:59:48', 'started', '', ''),
(371, 118, 100, 215, 124, 'out', 65, '2015-01-29 00:22:39', 'W4P', '0.22', ''),
(372, 118, 100, 215, 124, 'res', 65, '2015-01-29 00:47:15', '', '', '0.24'),
(373, 118, 100, 215, 124, 'fin', 65, '2015-01-29 00:47:22', 'completed', '0.47', ''),
(374, 119, 101, 217, 121, 'inn', 66, '2015-01-29 01:42:12', 'started', '', ''),
(375, 119, 101, 216, 121, 'inn', 66, '2015-01-29 01:42:19', 'started', '', ''),
(376, 119, 101, 217, 121, 'fin', 65, '2015-01-29 01:48:27', 'COMPLETED', '0.06', ''),
(377, 119, 101, 216, 121, 'fin', 65, '2015-01-29 01:48:36', 'completed', '0.06', ''),
(378, 122, 102, 218, 138, 'inn', 66, '2015-01-29 03:52:13', 'started', '', ''),
(379, 122, 102, 218, 138, 'fin', 66, '2015-01-29 04:00:32', 'completed', '0.08', ''),
(380, 123, 103, 220, 121, 'inn', 66, '2015-01-30 01:36:12', 'started', '', ''),
(381, 123, 103, 219, 121, 'inn', 66, '2015-01-30 01:36:21', 'started', '', ''),
(382, 123, 103, 220, 121, 'fin', 66, '2015-01-30 01:42:02', 'completed', '0.05', ''),
(383, 123, 103, 219, 121, 'fin', 66, '2015-01-30 01:42:10', 'completed', '0.05', '');

-- --------------------------------------------------------

--
-- Table structure for table `job_card_item`
--

CREATE TABLE IF NOT EXISTS `job_card_item` (
  `job_card_item_id` int(11) NOT NULL AUTO_INCREMENT,
  `booking_id` int(11) NOT NULL,
  `job_card_id` int(11) NOT NULL,
  `item_id` int(11) NOT NULL,
  `item_quantity` int(11) NOT NULL,
  `item_cost` varchar(10) NOT NULL,
  `curr_id` int(10) NOT NULL,
  `exchange_rate` varchar(10) NOT NULL,
  `user_id` int(100) NOT NULL,
  `date_generated` timestamp NOT NULL DEFAULT CURRENT_TIMESTAMP,
  `status` int(11) NOT NULL,
  PRIMARY KEY (`job_card_item_id`)
) ENGINE=InnoDB  DEFAULT CHARSET=latin1 AUTO_INCREMENT=44 ;

--
-- Dumping data for table `job_card_item`
--

INSERT INTO `job_card_item` (`job_card_item_id`, `booking_id`, `job_card_id`, `item_id`, `item_quantity`, `item_cost`, `curr_id`, `exchange_rate`, `user_id`, `date_generated`, `status`) VALUES
(1, 1, 1, 1, 2, '320', 6, '1', 62, '2014-12-19 02:08:33', 0),
(2, 4, 2, 8, 3, '6200', 6, '1', 62, '2014-12-19 23:45:16', 0),
(4, 4, 2, 5, 2, '3800', 6, '1', 62, '2014-12-19 23:45:16', 0),
(5, 4, 2, 9, 1, '1110', 6, '1', 62, '2014-12-19 23:51:34', 0),
(6, 5, 3, 4, 2, '3200', 6, '1', 19, '2014-12-20 00:47:41', 0),
(7, 5, 3, 8, 1, '6200', 6, '1', 19, '2014-12-20 00:47:41', 0),
(8, 6, 4, 0, 0, '', 6, '1', 62, '2014-12-20 22:18:30', 0),
(9, 7, 5, 0, 0, '', 6, '1', 62, '2014-12-23 20:41:14', 0),
(10, 8, 6, 0, 0, '', 6, '1', 62, '2014-12-23 21:30:19', 0),
(11, 9, 7, 0, 0, '', 6, '1', 62, '2014-12-23 21:41:19', 0),
(12, 10, 8, 0, 0, '', 6, '1', 62, '2014-12-23 21:50:28', 0),
(13, 11, 9, 0, 0, '', 6, '1', 62, '2014-12-23 21:54:19', 0),
(14, 12, 10, 0, 0, '', 6, '1', 62, '2014-12-23 22:02:44', 0),
(15, 13, 11, 0, 0, '', 6, '1', 62, '2014-12-23 22:19:02', 0),
(16, 7, 5, 42, 1, '5400', 6, '1', 62, '2014-12-24 02:15:29', 0),
(17, 7, 5, 14, 1, '320', 6, '1', 62, '2014-12-24 02:16:21', 0),
(18, 14, 12, 42, 1, '5400', 6, '1', 62, '2014-12-24 02:46:32', 0),
(19, 14, 12, 14, 1, '320', 6, '1', 62, '2014-12-24 02:46:32', 0),
(20, 15, 13, 42, 1, '5400', 6, '1', 62, '2014-12-24 02:55:33', 0),
(21, 15, 13, 14, 1, '320', 6, '1', 62, '2014-12-24 02:55:33', 0),
(22, 17, 14, 14, 2, '320', 6, '1', 62, '2014-12-24 21:25:26', 0),
(23, 18, 15, 0, 0, '', 6, '1', 62, '2014-12-24 21:33:53', 0),
(24, 17, 14, 48, 1, '145', 6, '1', 62, '2014-12-24 22:07:49', 0),
(25, 17, 14, 55, 1, '450', 6, '1', 62, '2014-12-24 22:17:41', 0),
(26, 18, 15, 43, 1, '150', 6, '1', 62, '2014-12-24 22:55:28', 0),
(27, 18, 15, 45, 1, '160', 6, '1', 62, '2014-12-25 00:19:28', 0),
(28, 19, 16, 0, 0, '', 6, '1', 62, '2014-12-27 20:13:04', 0),
(29, 20, 17, 0, 0, '', 6, '1', 62, '2014-12-30 01:27:23', 0),
(30, 20, 17, 25, 2, '120', 6, '1', 62, '2014-12-30 01:57:33', 0),
(31, 21, 18, 25, 2, '120', 6, '1', 62, '2014-12-30 02:18:44', 0),
(32, 22, 19, 0, 0, '', 6, '1', 62, '2014-12-30 03:46:42', 0),
(33, 23, 20, 0, 0, '', 6, '1', 62, '2014-12-30 20:50:19', 0),
(35, 30, 22, 0, 0, '', 6, '1', 62, '2014-12-31 21:31:53', 0),
(36, 31, 23, 0, 0, '', 6, '1', 62, '2015-01-01 02:57:54', 0),
(37, 29, 21, 72, 1, '181', 6, '1', 62, '2015-01-02 19:53:26', 0),
(38, 29, 21, 71, 1, '1500', 6, '1', 62, '2015-01-02 19:54:48', 0),
(39, 29, 21, 55, 1, '450', 6, '1', 62, '2015-01-02 19:55:23', 0),
(40, 32, 24, 0, 0, '', 6, '1', 62, '2015-01-02 21:02:43', 0),
(41, 33, 25, 55, 2, '450', 6, '1', 62, '2015-01-02 21:50:33', 0),
(42, 33, 25, 25, 2, '120', 6, '1', 62, '2015-01-02 21:50:33', 0),
(43, 34, 26, 0, 0, '', 6, '1', 62, '2015-01-03 19:41:48', 0);

-- --------------------------------------------------------

--
-- Table structure for table `job_card_old`
--

CREATE TABLE IF NOT EXISTS `job_card_old` (
  `job_card_id` int(11) NOT NULL AUTO_INCREMENT,
  `booking_id` int(11) NOT NULL,
  `customer_id` int(11) NOT NULL,
  `job_card_no` varchar(100) NOT NULL,
  `currency` int(11) NOT NULL,
  `curr_rate` varchar(10) NOT NULL,
  `start_date` date NOT NULL,
  `end_date` date NOT NULL,
  `user_id` int(100) NOT NULL,
  `vehicle_description` longtext NOT NULL,
  `date_generated` timestamp NOT NULL DEFAULT CURRENT_TIMESTAMP,
  `assigned_status` int(11) NOT NULL,
  `invoice_status` int(11) NOT NULL,
  `quotation_status` int(11) NOT NULL,
  `approved_quotation_status` int(11) NOT NULL,
  `closed_status` int(11) NOT NULL,
  PRIMARY KEY (`job_card_id`)
) ENGINE=InnoDB  DEFAULT CHARSET=latin1 AUTO_INCREMENT=98 ;

--
-- Dumping data for table `job_card_old`
--

INSERT INTO `job_card_old` (`job_card_id`, `booking_id`, `customer_id`, `job_card_no`, `currency`, `curr_rate`, `start_date`, `end_date`, `user_id`, `vehicle_description`, `date_generated`, `assigned_status`, `invoice_status`, `quotation_status`, `approved_quotation_status`, `closed_status`) VALUES
(5, 7, 6, '', 6, '1', '2014-12-23', '2014-12-23', 62, 'The bus is in good condition,no dents or scratches', '2014-12-23 20:41:14', 0, 1, 0, 0, 1),
(6, 8, 7, '', 6, '1', '2014-12-23', '2014-12-23', 62, 'the bus was in good condition outer and inner appearance', '2014-12-23 21:30:19', 0, 1, 0, 0, 1),
(7, 9, 7, '', 6, '1', '2014-12-23', '2014-12-23', 62, '', '2014-12-23 21:41:18', 0, 1, 0, 0, 1),
(8, 10, 3, '', 6, '1', '2014-12-23', '2014-12-23', 62, '', '2014-12-23 21:50:28', 0, 1, 0, 0, 1),
(9, 11, 7, '', 6, '1', '2014-12-23', '2014-12-23', 62, '', '2014-12-23 21:54:19', 0, 1, 0, 0, 1),
(10, 12, 3, '', 6, '1', '2014-12-23', '2014-12-23', 62, '', '2014-12-23 22:02:44', 0, 1, 0, 0, 1),
(11, 13, 3, '', 6, '1', '2014-12-23', '2014-12-23', 62, '', '2014-12-23 22:19:02', 0, 1, 0, 0, 1),
(12, 14, 6, '', 6, '1', '2014-12-23', '2014-12-23', 62, '', '2014-12-24 02:46:32', 0, 1, 0, 0, 1),
(13, 15, 6, '', 6, '1', '2014-12-23', '2014-12-23', 62, '', '2014-12-24 02:55:33', 0, 1, 0, 0, 1),
(14, 17, 3, '', 6, '1', '2014-12-24', '2014-12-24', 62, '', '2014-12-24 21:25:26', 0, 1, 0, 0, 1),
(15, 18, 7, '', 6, '1', '2014-12-24', '2014-12-24', 62, '', '2014-12-24 21:33:53', 0, 1, 0, 0, 1),
(16, 19, 3, '', 6, '1', '2014-12-27', '2014-12-27', 62, '', '2014-12-27 20:13:03', 0, 1, 0, 0, 1),
(17, 20, 3, '', 6, '1', '2014-12-29', '2014-12-29', 62, '', '2014-12-30 01:27:23', 0, 1, 0, 0, 1),
(18, 21, 3, '', 6, '1', '2014-12-29', '2014-12-29', 62, '', '2014-12-30 02:18:44', 0, 1, 0, 0, 1),
(19, 22, 8, '', 6, '1', '2014-12-29', '2014-12-29', 62, '', '2014-12-30 03:46:42', 0, 1, 0, 0, 1),
(20, 23, 3, '', 6, '1', '2014-12-30', '2014-12-30', 62, '', '2014-12-30 20:50:19', 0, 1, 0, 0, 1),
(21, 29, 3, '', 6, '1', '2014-12-31', '2014-12-31', 62, '', '2014-12-31 21:27:06', 0, 1, 0, 0, 1),
(22, 30, 3, '', 6, '1', '2014-12-31', '2014-12-31', 62, '', '2014-12-31 21:31:53', 0, 1, 0, 0, 1),
(23, 31, 3, '', 6, '1', '2014-12-24', '2014-12-31', 62, '', '2015-01-01 02:57:54', 0, 1, 0, 0, 1),
(24, 32, 11, '', 6, '1', '2015-01-02', '2015-01-02', 62, '', '2015-01-02 21:02:43', 0, 0, 0, 0, 0),
(25, 33, 3, '', 6, '1', '2015-01-02', '2015-01-02', 62, '', '2015-01-02 21:50:33', 0, 1, 0, 0, 1),
(26, 34, 3, '', 6, '1', '2015-01-03', '2015-01-03', 62, '', '2015-01-03 19:41:48', 0, 1, 0, 0, 1),
(27, 37, 12, '', 6, '1', '2015-01-05', '2015-01-05', 62, 'The vehicle is in good condition it has no dents and scratch''s,it is well maintained.', '2015-01-05 19:41:07', 0, 1, 0, 0, 1),
(28, 38, 3, '', 6, '1', '2015-01-05', '2015-01-05', 62, '', '2015-01-06 03:50:43', 0, 1, 0, 0, 1),
(29, 41, 3, '', 6, '1', '2015-01-06', '2015-01-06', 62, '', '2015-01-07 02:40:59', 0, 1, 0, 0, 1),
(30, 42, 7, '', 6, '1', '2015-01-07', '2015-01-07', 62, '', '2015-01-08 02:24:33', 0, 1, 0, 0, 1),
(31, 43, 7, '', 6, '1', '2015-01-08', '2015-01-08', 62, '', '2015-01-08 20:19:41', 0, 1, 0, 0, 1),
(32, 44, 7, '', 6, '1', '2015-01-08', '2015-01-08', 62, '', '2015-01-09 04:13:13', 0, 1, 0, 0, 1),
(33, 45, 3, '', 6, '1', '2015-01-09', '2015-01-09', 62, '', '2015-01-09 19:58:05', 0, 1, 0, 0, 1),
(34, 46, 2, '', 6, '1', '2015-01-10', '2015-01-10', 62, '', '2015-01-10 21:41:07', 0, 1, 0, 0, 1),
(35, 47, 14, '', 6, '1', '2015-01-10', '2015-01-10', 62, '', '2015-01-10 22:39:16', 0, 1, 0, 0, 1),
(36, 48, 7, '', 6, '1', '2015-01-12', '2015-01-12', 62, '', '2015-01-12 19:42:06', 0, 1, 0, 0, 1),
(37, 49, 7, '', 6, '1', '2015-01-12', '2015-01-12', 62, '', '2015-01-12 19:44:22', 0, 1, 0, 0, 1),
(38, 50, 7, '', 6, '1', '2015-01-12', '2015-01-12', 62, '', '2015-01-12 19:46:56', 0, 1, 0, 0, 1),
(39, 51, 7, '', 6, '1', '2015-01-12', '2015-01-12', 62, '', '2015-01-12 19:49:37', 0, 1, 0, 0, 1),
(40, 52, 3, '', 6, '1', '2015-01-12', '2015-01-12', 62, '', '2015-01-12 19:51:22', 0, 1, 0, 0, 1),
(41, 53, 3, '', 6, '1', '2015-01-12', '2015-01-12', 62, '', '2015-01-12 19:52:45', 0, 1, 0, 0, 1),
(42, 54, 3, '', 6, '1', '2015-01-13', '2015-01-13', 62, '', '2015-01-13 21:54:32', 0, 0, 0, 0, 1),
(43, 55, 15, '', 6, '1', '2015-01-14', '2015-01-14', 62, '', '2015-01-14 20:35:17', 0, 1, 0, 0, 1),
(44, 56, 16, '', 6, '1', '2015-01-14', '2015-01-14', 62, '', '2015-01-14 23:25:23', 0, 1, 0, 0, 1),
(45, 57, 12, '', 6, '1', '2015-01-14', '2015-01-14', 62, '', '2015-01-15 00:36:49', 0, 0, 0, 0, 1),
(46, 58, 16, '', 6, '1', '2015-01-14', '2015-01-14', 62, '', '2015-01-15 02:19:16', 0, 1, 0, 0, 1),
(47, 61, 3, '', 6, '1', '2015-01-14', '2015-01-14', 62, '', '2015-01-15 03:39:17', 0, 1, 0, 0, 1),
(48, 62, 7, '', 6, '1', '2015-01-15', '2015-01-15', 62, '', '2015-01-15 19:37:05', 0, 1, 0, 0, 1),
(49, 63, 2, '', 6, '1', '2015-01-15', '2015-01-15', 62, '', '2015-01-15 22:21:41', 0, 1, 0, 0, 1),
(50, 64, 17, '', 6, '1', '2015-01-15', '2015-01-15', 62, '', '2015-01-15 22:45:28', 0, 1, 0, 0, 1),
(51, 65, 7, '', 6, '1', '2015-01-15', '2015-01-15', 62, '', '2015-01-16 02:38:28', 0, 0, 0, 0, 0),
(52, 66, 19, '', 6, '1', '2015-01-16', '2015-01-16', 62, '', '2015-01-17 01:03:27', 0, 1, 0, 0, 1),
(53, 67, 20, '', 6, '1', '2015-01-16', '2015-01-16', 62, '', '2015-01-17 02:28:02', 0, 1, 0, 0, 1),
(54, 68, 6, '', 6, '1', '2015-01-16', '2015-01-16', 62, '', '2015-01-17 02:47:27', 0, 1, 0, 0, 1),
(55, 69, 7, '', 6, '1', '2015-01-17', '2015-01-17', 62, '', '2015-01-17 20:06:43', 0, 1, 0, 0, 1),
(56, 70, 18, '', 6, '1', '2015-01-16', '2015-01-16', 62, '', '2015-01-17 20:49:51', 0, 1, 0, 0, 1),
(57, 71, 21, '', 6, '1', '2015-01-17', '2015-01-17', 62, '', '2015-01-17 20:58:24', 0, 1, 0, 0, 1),
(58, 72, 7, '', 6, '1', '2015-01-18', '2015-01-18', 62, '', '2015-01-19 20:18:57', 0, 1, 0, 0, 1),
(59, 73, 7, '', 6, '1', '2015-01-18', '2015-01-18', 62, '', '2015-01-19 20:21:04', 0, 1, 0, 0, 1),
(60, 74, 7, '', 6, '1', '2015-01-18', '2015-01-18', 62, '', '2015-01-19 20:22:22', 0, 1, 0, 0, 1),
(61, 75, 22, '', 6, '1', '2015-01-19', '2015-01-19', 62, '', '2015-01-19 20:58:06', 0, 1, 0, 0, 1),
(62, 76, 23, '', 6, '1', '2015-01-19', '2015-01-19', 62, '', '2015-01-19 23:47:24', 0, 0, 0, 0, 0),
(63, 77, 23, '', 6, '1', '2015-01-19', '2015-01-19', 62, '', '2015-01-19 23:56:20', 0, 0, 0, 0, 0),
(64, 79, 3, '', 6, '1', '2015-01-21', '2015-01-21', 62, '', '2015-01-21 21:19:15', 0, 1, 0, 0, 1),
(65, 81, 25, '', 6, '1', '2015-01-21', '2015-01-21', 62, '', '2015-01-22 00:03:19', 0, 1, 0, 0, 1),
(66, 82, 26, '', 6, '1', '2015-01-21', '2015-01-21', 62, '', '2015-01-22 02:22:24', 0, 1, 0, 0, 1),
(67, 83, 6, '', 6, '1', '2015-01-21', '2015-01-21', 62, '', '2015-01-22 04:01:42', 0, 1, 0, 0, 1),
(68, 84, 3, '', 6, '1', '2015-01-22', '2015-01-22', 62, '', '2015-01-22 19:39:59', 0, 1, 0, 0, 1),
(69, 85, 27, '', 6, '1', '2015-01-22', '2015-01-22', 62, '', '2015-01-22 21:00:27', 0, 1, 0, 0, 1),
(70, 87, 16, '', 6, '1', '2015-01-22', '2015-01-22', 62, '', '2015-01-22 22:43:10', 0, 1, 0, 0, 1),
(71, 88, 24, '', 6, '1', '2015-01-22', '2015-01-22', 62, '', '2015-01-22 23:07:04', 0, 1, 0, 0, 1),
(72, 89, 28, '', 6, '1', '2015-01-22', '2015-01-22', 62, '', '2015-01-23 00:27:17', 0, 1, 0, 0, 1),
(73, 90, 29, '', 6, '1', '2015-01-17', '2015-01-17', 62, '', '2015-01-23 02:28:14', 0, 1, 0, 0, 1),
(74, 91, 30, '', 6, '1', '2014-12-03', '2014-12-03', 62, '', '2015-01-23 02:46:26', 0, 1, 0, 0, 1),
(75, 92, 31, '', 6, '1', '2015-01-23', '2015-01-23', 62, '', '2015-01-23 19:34:35', 0, 1, 0, 0, 1),
(76, 93, 3, '', 6, '1', '2015-01-23', '2015-01-23', 62, '', '2015-01-23 20:09:23', 0, 0, 0, 0, 1),
(77, 94, 32, '', 6, '1', '2015-01-23', '2015-01-23', 62, '', '2015-01-23 21:07:05', 0, 1, 0, 0, 1),
(78, 95, 33, '', 6, '1', '2015-01-23', '2015-01-23', 62, '', '2015-01-24 02:17:00', 0, 1, 0, 0, 1),
(79, 96, 3, '', 6, '1', '2015-01-24', '2015-01-24', 62, '', '2015-01-24 19:29:18', 0, 0, 0, 0, 1),
(80, 97, 9, '', 6, '1', '2015-01-24', '2015-01-24', 62, '', '2015-01-24 21:43:57', 0, 1, 0, 0, 1),
(81, 98, 34, '', 6, '1', '2015-01-24', '2015-01-24', 62, '', '2015-01-24 22:41:36', 0, 1, 0, 0, 1),
(82, 100, 35, '', 6, '1', '2015-01-24', '2015-01-24', 62, '', '2015-01-24 23:52:45', 0, 0, 0, 0, 1),
(83, 101, 36, '', 6, '1', '2015-01-24', '2015-01-24', 62, '', '2015-01-25 00:19:29', 0, 1, 0, 0, 1),
(84, 102, 37, '', 6, '1', '2015-01-24', '2015-01-24', 62, '', '2015-01-25 02:36:58', 0, 1, 0, 0, 1),
(85, 103, 3, '', 6, '1', '2015-01-25', '2015-01-25', 62, '', '2015-01-25 19:42:48', 0, 0, 0, 0, 0),
(86, 104, 3, '', 6, '1', '2015-01-25', '2015-01-25', 62, '', '2015-01-25 19:45:09', 0, 0, 0, 0, 1),
(87, 105, 6, '', 6, '1', '2015-01-25', '2015-01-25', 62, '', '2015-01-25 20:21:21', 0, 1, 0, 0, 1),
(88, 106, 3, '', 6, '1', '2015-01-25', '2015-01-25', 62, '', '2015-01-25 21:22:51', 0, 1, 0, 0, 1),
(89, 107, 3, '', 6, '1', '2015-01-25', '2015-01-25', 62, '', '2015-01-25 23:18:17', 0, 0, 0, 0, 1),
(90, 108, 3, '', 6, '1', '2015-01-25', '2015-01-25', 62, '', '2015-01-25 23:19:00', 0, 0, 0, 0, 1),
(91, 109, 38, '', 6, '1', '2015-01-25', '2015-01-25', 62, '', '2015-01-26 21:03:32', 0, 1, 0, 0, 1),
(92, 110, 39, '', 6, '1', '2015-01-25', '2015-01-25', 62, '', '2015-01-26 21:06:03', 0, 1, 0, 0, 1),
(93, 111, 40, '', 6, '1', '2015-01-25', '2015-01-25', 62, '', '2015-01-26 21:08:05', 0, 1, 0, 0, 1),
(94, 112, 41, '', 6, '1', '2015-01-24', '2015-01-24', 62, '', '2015-01-26 21:58:09', 0, 0, 0, 0, 1),
(95, 113, 42, '', 6, '1', '2015-01-24', '2015-01-24', 62, '', '2015-01-26 22:12:29', 0, 1, 0, 0, 1),
(96, 114, 43, '', 6, '1', '2015-01-26', '2015-01-26', 62, '', '2015-01-26 22:16:27', 0, 1, 0, 0, 1),
(97, 115, 45, '', 6, '1', '2015-01-26', '2015-01-26', 62, '', '2015-01-27 03:52:47', 0, 1, 0, 0, 1);

-- --------------------------------------------------------

--
-- Table structure for table `job_card_task`
--

CREATE TABLE IF NOT EXISTS `job_card_task` (
  `job_card_task_id` int(11) NOT NULL AUTO_INCREMENT,
  `booking_id` int(11) NOT NULL,
  `job_card_id` int(11) NOT NULL,
  `task_id` int(11) NOT NULL,
  `task_time` varchar(100) NOT NULL,
  `technician_id` int(11) NOT NULL,
  `flat_rate_cost` varchar(100) NOT NULL,
  `task_cost` varchar(100) NOT NULL,
  `curr_id` int(11) NOT NULL,
  `exchange_rate` varchar(10) NOT NULL,
  `user_id` int(100) NOT NULL,
  `date_generated` timestamp NOT NULL DEFAULT CURRENT_TIMESTAMP,
  `status` int(11) NOT NULL,
  `clocked_in_status` int(11) NOT NULL,
  `clocked_out_status` int(11) NOT NULL,
  `finished_status` int(11) NOT NULL,
  PRIMARY KEY (`job_card_task_id`)
) ENGINE=InnoDB  DEFAULT CHARSET=latin1 AUTO_INCREMENT=233 ;

--
-- Dumping data for table `job_card_task`
--

INSERT INTO `job_card_task` (`job_card_task_id`, `booking_id`, `job_card_id`, `task_id`, `task_time`, `technician_id`, `flat_rate_cost`, `task_cost`, `curr_id`, `exchange_rate`, `user_id`, `date_generated`, `status`, `clocked_in_status`, `clocked_out_status`, `finished_status`) VALUES
(8, 7, 5, 23, '1.2', 63, '1200', '1440', 6, '1', 62, '2014-12-23 20:41:14', 0, 1, 0, 1),
(16, 10, 8, 24, '2.', 63, '1000', '2000', 6, '1', 62, '2014-12-23 21:50:28', 0, 0, 0, 0),
(17, 10, 8, 25, '2.', 63, '1000', '2000', 6, '1', 62, '2014-12-23 21:50:28', 0, 1, 0, 1),
(18, 10, 8, 27, '2', 63, '1000', '2000', 6, '1', 62, '2014-12-23 21:50:28', 0, 0, 0, 0),
(19, 10, 8, 26, '1', 63, '1000', '1000', 6, '1', 62, '2014-12-23 21:50:28', 0, 1, 0, 1),
(20, 10, 8, 28, '0.5', 63, '1000', '500', 6, '1', 62, '2014-12-23 21:50:28', 0, 0, 0, 0),
(21, 11, 9, 32, '2', 63, '1000', '2000', 6, '1', 62, '2014-12-23 21:54:19', 0, 0, 0, 0),
(22, 11, 9, 31, '0.5', 63, '1000', '500', 6, '1', 62, '2014-12-23 21:54:19', 0, 1, 0, 1),
(23, 11, 9, 24, '2.', 63, '1000', '2000', 6, '1', 62, '2014-12-23 21:54:19', 0, 1, 0, 1),
(24, 12, 10, 24, '2.', 63, '1200', '2400', 6, '1', 62, '2014-12-23 22:02:44', 0, 0, 0, 0),
(26, 13, 11, 24, '2.', 63, '1000', '2000', 6, '1', 62, '2014-12-23 22:19:02', 0, 1, 0, 1),
(27, 13, 11, 26, '1', 63, '1000', '1000', 6, '1', 62, '2014-12-23 22:19:02', 0, 1, 0, 1),
(29, 15, 13, 23, '1.2', 63, '1200', '1440', 6, '1', 62, '2014-12-24 02:55:33', 0, 1, 0, 1),
(32, 12, 10, 35, '0.5', 63, '1200', '600', 6, '1', 62, '2014-12-24 04:08:24', 0, 0, 0, 0),
(33, 17, 14, 29, '0.5', 63, '1000', '500', 6, '1', 62, '2014-12-24 21:25:26', 0, 0, 0, 0),
(34, 18, 15, 33, '1', 63, '1000', '1000', 6, '1', 62, '2014-12-24 21:33:53', 0, 1, 0, 1),
(35, 19, 16, 73, '0.5', 66, '1000', '500', 6, '1', 62, '2014-12-27 20:13:04', 0, 0, 0, 0),
(36, 20, 17, 17, '0.6', 63, '1000', '600', 6, '1', 62, '2014-12-30 01:27:23', 0, 1, 0, 1),
(37, 20, 17, 29, '0.5', 63, '1000', '500', 6, '1', 62, '2014-12-30 01:27:23', 0, 1, 0, 1),
(38, 20, 17, 47, '0.2', 63, '1000', '200', 6, '1', 62, '2014-12-30 01:59:47', 0, 0, 0, 0),
(40, 21, 18, 47, '0.2', 63, '1000', '200', 6, '1', 62, '2014-12-30 02:19:23', 0, 0, 0, 0),
(42, 22, 19, 54, '0.5', 63, '1200', '600', 6, '1', 62, '2014-12-30 03:52:34', 0, 1, 0, 1),
(43, 22, 19, 55, '0.5', 63, '1200', '600', 6, '1', 62, '2014-12-30 03:54:30', 0, 1, 0, 1),
(44, 23, 20, 56, '1.5', 63, '1000', '1500', 6, '1', 62, '2014-12-30 20:50:19', 0, 1, 0, 1),
(45, 29, 21, 28, '0.5', 63, '1000', '500', 6, '1', 62, '2014-12-31 21:27:06', 0, 1, 0, 1),
(46, 29, 21, 63, '1.5', 63, '1000', '1500', 6, '1', 62, '2014-12-31 21:27:06', 0, 1, 0, 1),
(47, 30, 22, 29, '0.5', 63, '1000', '500', 6, '1', 62, '2014-12-31 21:31:53', 0, 1, 0, 1),
(48, 31, 23, 64, '2', 63, '1000', '2000', 6, '1', 62, '2015-01-01 02:57:54', 0, 0, 0, 0),
(49, 32, 24, 65, '0.5', 63, '1000', '500', 6, '1', 62, '2015-01-02 21:02:43', 0, 0, 0, 0),
(51, 33, 25, 67, '0.8', 63, '1000', '800', 6, '1', 62, '2015-01-02 21:50:33', 0, 1, 0, 1),
(52, 33, 25, 40, '1', 63, '1000', '1000', 6, '1', 62, '2015-01-02 21:50:33', 0, 1, 0, 1),
(53, 34, 26, 47, '0.2', 63, '1000', '200', 6, '1', 62, '2015-01-03 19:41:48', 0, 1, 0, 1),
(56, 37, 27, 22, '2.3', 66, '1000', '2300', 6, '1', 62, '2015-01-05 19:50:42', 0, 1, 0, 1),
(57, 29, 21, 72, '4', 66, '1000', '4000', 6, '1', 62, '2015-01-06 02:20:20', 0, 0, 0, 0),
(58, 23, 20, 73, '0.5', 66, '1000', '500', 6, '1', 62, '2015-01-06 03:27:17', 0, 1, 0, 1),
(59, 38, 28, 76, '1', 65, '1000', '1000', 6, '1', 62, '2015-01-06 03:50:43', 0, 1, 0, 1),
(60, 38, 28, 38, '2', 63, '1000', '2000', 6, '1', 62, '2015-01-06 03:50:43', 0, 1, 0, 1),
(61, 41, 29, 29, '0.5', 66, '1000', '500', 6, '1', 62, '2015-01-07 02:40:59', 0, 1, 0, 1),
(62, 41, 29, 77, '0.5', 65, '1000', '500', 6, '1', 62, '2015-01-07 02:40:59', 0, 1, 0, 1),
(63, 41, 29, 28, '0.5', 63, '1000', '500', 6, '1', 62, '2015-01-07 02:57:11', 0, 1, 0, 1),
(64, 42, 30, 29, '0.5', 65, '1000', '500', 6, '1', 62, '2015-01-08 02:24:33', 0, 1, 0, 1),
(65, 43, 31, 78, '2', 0, '1000', '2000', 6, '1', 62, '2015-01-08 20:19:42', 0, 0, 0, 0),
(66, 43, 31, 78, '2', 66, '1000', '2000', 6, '1', 62, '2015-01-08 20:20:08', 0, 1, 0, 1),
(67, 44, 32, 29, '0.5', 66, '1000', '500', 6, '1', 62, '2015-01-09 04:13:13', 0, 1, 0, 1),
(68, 45, 33, 79, '1', 63, '1000', '1000', 6, '1', 62, '2015-01-09 19:58:05', 0, 0, 0, 0),
(69, 43, 31, 22, '4.8', 66, '1000', '4800', 6, '1', 62, '2015-01-10 19:40:18', 0, 1, 0, 1),
(70, 43, 31, 26, '1', 65, '1000', '1000', 6, '1', 62, '2015-01-10 19:41:22', 0, 0, 0, 0),
(72, 43, 31, 80, '1', 65, '1000', '1000', 6, '1', 62, '2015-01-10 19:49:13', 0, 0, 0, 0),
(73, 46, 34, 81, '1', 65, '1000', '1000', 6, '1', 62, '2015-01-10 21:41:07', 0, 0, 0, 0),
(74, 43, 31, 47, '0.05', 65, '1000', '50', 6, '1', 62, '2015-01-10 21:56:43', 0, 0, 0, 0),
(75, 47, 35, 22, '3.2', 66, '1000', '3200', 6, '1', 62, '2015-01-10 22:39:16', 0, 1, 0, 1),
(76, 48, 36, 22, '4.8', 66, '1000', '4800', 6, '1', 62, '2015-01-12 19:42:06', 0, 1, 0, 1),
(78, 48, 36, 47, '0.2', 63, '1000', '200', 6, '1', 62, '2015-01-12 19:42:06', 0, 1, 0, 1),
(79, 49, 37, 22, '4.8', 63, '1000', '4800', 6, '1', 62, '2015-01-12 19:44:22', 0, 1, 0, 1),
(81, 49, 37, 47, '0.2', 65, '1000', '200', 6, '1', 62, '2015-01-12 19:44:22', 0, 1, 0, 1),
(82, 50, 38, 22, '4.8', 66, '1000', '4800', 6, '1', 62, '2015-01-12 19:46:57', 0, 1, 0, 1),
(83, 50, 38, 47, '0.2', 65, '1000', '200', 6, '1', 62, '2015-01-12 19:46:57', 0, 1, 0, 1),
(85, 51, 39, 22, '4.8', 63, '1000', '4800', 6, '1', 62, '2015-01-12 19:49:37', 0, 1, 0, 1),
(86, 51, 39, 47, '0.2', 65, '1000', '200', 6, '1', 62, '2015-01-12 19:49:37', 0, 1, 0, 1),
(88, 52, 40, 22, '4.8', 66, '1000', '4800', 6, '1', 62, '2015-01-12 19:51:22', 0, 1, 0, 1),
(89, 52, 40, 47, '0.2', 65, '1000', '200', 6, '1', 62, '2015-01-12 19:51:22', 0, 1, 0, 1),
(91, 53, 41, 70, '3', 66, '1000', '3000', 6, '1', 62, '2015-01-12 19:52:45', 0, 1, 0, 1),
(92, 53, 41, 38, '3', 63, '1000', '3000', 6, '1', 62, '2015-01-12 19:52:45', 0, 1, 0, 1),
(93, 50, 38, 33, '1', 65, '1000', '1000', 6, '1', 62, '2015-01-12 22:49:08', 0, 1, 0, 1),
(94, 54, 42, 70, '3', 66, '1000', '3000', 6, '1', 62, '2015-01-13 21:54:32', 0, 1, 0, 1),
(95, 54, 42, 67, '0.8', 63, '1000', '800', 6, '1', 62, '2015-01-14 03:58:34', 0, 1, 0, 1),
(96, 55, 43, 82, '0.8', 66, '1000', '800', 6, '1', 62, '2015-01-14 20:35:17', 0, 1, 0, 1),
(97, 55, 43, 0, '', 0, '1000', '0', 6, '1', 62, '2015-01-14 20:35:17', 0, 0, 0, 0),
(98, 56, 44, 83, '2.5', 71, '1000', '2500', 6, '1', 62, '2015-01-14 23:25:23', 0, 1, 0, 1),
(99, 57, 45, 85, '2', 66, '1000', '2000', 6, '1', 62, '2015-01-15 00:36:49', 0, 1, 0, 1),
(100, 58, 46, 83, '2.5', 71, '1000', '2500', 6, '1', 62, '2015-01-15 02:19:16', 0, 1, 0, 1),
(101, 61, 47, 34, '0.8', 63, '1000', '800', 6, '1', 62, '2015-01-15 03:39:17', 0, 1, 0, 1),
(102, 62, 48, 87, '0.5', 66, '1000', '500', 6, '1', 62, '2015-01-15 19:37:05', 0, 1, 0, 1),
(103, 63, 49, 81, '0.8', 63, '1000', '800', 6, '1', 62, '2015-01-15 22:21:41', 0, 1, 0, 1),
(105, 64, 50, 22, '3.2', 0, '1000', '3200', 6, '1', 62, '2015-01-15 23:14:19', 0, 0, 0, 0),
(106, 65, 51, 92, '0.07', 66, '1000', '70', 6, '1', 62, '2015-01-16 02:38:28', 0, 1, 0, 1),
(107, 65, 51, 0, '', 0, '1000', '0', 6, '1', 62, '2015-01-16 02:38:28', 0, 0, 0, 0),
(108, 64, 50, 91, '0.5', 63, '1000', '500', 6, '1', 62, '2015-01-16 23:46:32', 0, 0, 0, 0),
(109, 66, 52, 88, '0.8', 63, '1000', '800', 6, '1', 62, '2015-01-17 01:03:27', 0, 1, 0, 1),
(110, 67, 53, 94, '0.5', 65, '1000', '500', 6, '1', 62, '2015-01-17 02:28:02', 0, 0, 0, 0),
(111, 68, 54, 92, '0.07', 66, '1000', '70', 6, '1', 62, '2015-01-17 02:47:28', 0, 1, 0, 1),
(112, 68, 54, 0, '', 0, '1000', '0', 6, '1', 62, '2015-01-17 02:47:28', 0, 0, 0, 0),
(113, 66, 52, 67, '0.8', 63, '1000', '800', 6, '1', 62, '2015-01-17 03:14:07', 0, 0, 0, 0),
(114, 69, 55, 22, '4.8', 66, '1000', '4800', 6, '1', 62, '2015-01-17 20:06:43', 0, 1, 0, 1),
(115, 70, 56, 48, '0.174', 72, '1000', '174', 6, '1', 62, '2015-01-17 20:49:51', 0, 0, 0, 0),
(116, 71, 57, 48, '0.174', 72, '1000', '174', 6, '1', 62, '2015-01-17 20:58:24', 0, 0, 0, 0),
(117, 68, 54, 106, '0.42', 66, '1000', '420', 6, '1', 62, '2015-01-17 21:23:25', 0, 1, 0, 1),
(118, 66, 52, 117, '0.5', 63, '1000', '500', 6, '1', 62, '2015-01-17 21:36:27', 0, 1, 0, 1),
(119, 72, 58, 61, '1', 66, '1000', '1000', 6, '1', 62, '2015-01-19 20:18:57', 0, 1, 0, 1),
(120, 72, 58, 60, '0.8', 66, '1000', '800', 6, '1', 62, '2015-01-19 20:18:57', 0, 1, 0, 1),
(121, 72, 58, 109, '0.8', 66, '1000', '800', 6, '1', 62, '2015-01-19 20:18:57', 0, 1, 0, 1),
(122, 73, 59, 117, '1', 63, '1000', '1000', 6, '1', 62, '2015-01-19 20:21:04', 0, 1, 0, 1),
(123, 73, 59, 104, '1.8', 63, '1000', '1800', 6, '1', 62, '2015-01-19 20:21:04', 0, 1, 0, 1),
(124, 74, 60, 92, '0.07', 65, '1000', '70', 6, '1', 62, '2015-01-19 20:22:22', 0, 1, 0, 1),
(125, 75, 61, 48, '0.174', 72, '1000', '174', 6, '1', 62, '2015-01-19 20:58:06', 0, 0, 0, 0),
(126, 75, 61, 48, '0.174', 72, '1000', '174', 6, '1', 62, '2015-01-19 20:58:23', 0, 0, 0, 0),
(127, 62, 48, 97, '0.5', 66, '1000', '500', 6, '1', 62, '2015-01-19 22:08:45', 0, 1, 0, 1),
(128, 74, 60, 48, '0.174', 72, '1000', '174', 6, '1', 62, '2015-01-19 22:55:46', 0, 1, 0, 1),
(129, 76, 62, 10, '1.8', 0, '1000', '1800', 6, '1', 62, '2015-01-19 23:47:24', 0, 0, 0, 0),
(130, 77, 63, 10, '1.8', 71, '1000', '1800', 6, '1', 62, '2015-01-19 23:56:20', 0, 0, 0, 0),
(131, 77, 63, 0, '', 0, '1000', '0', 6, '1', 62, '2015-01-19 23:56:20', 0, 0, 0, 0),
(132, 77, 63, 73, '0.5', 63, '1000', '500', 6, '1', 62, '2015-01-20 04:01:26', 0, 1, 0, 1),
(133, 79, 64, 97, '0.5', 63, '1000', '500', 6, '1', 62, '2015-01-21 21:19:15', 0, 1, 0, 1),
(135, 79, 64, 70, '3', 63, '1000', '3000', 6, '1', 62, '2015-01-21 23:11:52', 0, 1, 0, 1),
(136, 72, 58, 108, '1', 66, '1000', '1000', 6, '1', 62, '2015-01-21 23:21:10', 0, 1, 0, 1),
(137, 81, 65, 48, '0.174', 72, '1000', '174', 6, '1', 62, '2015-01-22 00:03:19', 0, 1, 0, 1),
(138, 81, 65, 48, '0.174', 72, '1000', '174', 6, '1', 62, '2015-01-22 00:03:19', 0, 1, 0, 1),
(139, 82, 66, 48, '0.174', 72, '1000', '174', 6, '1', 62, '2015-01-22 02:22:24', 0, 1, 0, 1),
(140, 82, 66, 0, '', 0, '1000', '0', 6, '1', 62, '2015-01-22 02:22:24', 0, 1, 0, 1),
(141, 83, 67, 97, '0.5', 66, '1000', '500', 6, '1', 62, '2015-01-22 04:01:42', 0, 1, 0, 1),
(142, 83, 67, 26, '1', 71, '1000', '1000', 6, '1', 62, '2015-01-22 04:01:42', 0, 1, 0, 1),
(143, 84, 68, 68, '1', 63, '1000', '1000', 6, '1', 62, '2015-01-22 19:39:59', 0, 1, 0, 1),
(144, 85, 69, 48, '0.174', 72, '1000', '174', 6, '1', 62, '2015-01-22 21:00:27', 0, 1, 0, 1),
(146, 88, 71, 67, '1.5', 63, '1000', '1500', 6, '1', 62, '2015-01-22 23:07:04', 0, 1, 0, 1),
(147, 84, 68, 120, '1', 66, '1000', '1000', 6, '1', 62, '2015-01-22 23:38:59', 0, 1, 0, 1),
(148, 89, 72, 48, '0.174', 72, '1000', '174', 6, '1', 62, '2015-01-23 00:27:17', 0, 1, 0, 1),
(149, 90, 73, 48, '0.174', 72, '1000', '174', 6, '1', 62, '2015-01-23 02:28:15', 0, 1, 0, 1),
(150, 90, 73, 48, '0.174', 0, '1000', '174', 6, '1', 62, '2015-01-23 02:28:15', 0, 1, 0, 1),
(151, 90, 73, 48, '0.174', 0, '1000', '174', 6, '1', 62, '2015-01-23 02:28:15', 0, 1, 0, 1),
(152, 90, 73, 48, '0.174', 0, '1000', '174', 6, '1', 62, '2015-01-23 02:28:15', 0, 1, 0, 1),
(153, 90, 73, 0, '', 0, '1000', '0', 6, '1', 62, '2015-01-23 02:28:15', 0, 1, 0, 1),
(154, 90, 73, 0, '', 0, '1000', '0', 6, '1', 62, '2015-01-23 02:28:15', 0, 1, 0, 1),
(155, 90, 73, 48, '0.174', 0, '1000', '174', 6, '1', 62, '2015-01-23 02:30:31', 0, 1, 0, 1),
(156, 90, 73, 48, '0.174', 72, '1000', '174', 6, '1', 62, '2015-01-23 02:31:19', 0, 1, 0, 1),
(157, 90, 73, 48, '0.174', 72, '1000', '174', 6, '1', 62, '2015-01-23 02:31:35', 0, 1, 0, 1),
(158, 90, 73, 48, '0.174', 72, '1000', '174', 6, '1', 62, '2015-01-23 02:32:15', 0, 1, 0, 1),
(159, 90, 73, 121, '0.09', 72, '1000', '90', 6, '1', 62, '2015-01-23 02:32:35', 0, 1, 0, 1),
(160, 90, 73, 121, '0.09', 72, '1000', '90', 6, '1', 62, '2015-01-23 02:32:58', 0, 1, 0, 1),
(161, 90, 73, 92, '0.05', 65, '1000', '50', 6, '1', 62, '2015-01-23 02:33:51', 0, 1, 0, 1),
(162, 91, 74, 122, '6.275', 63, '1000', '6275', 6, '1', 62, '2015-01-23 02:46:26', 0, 1, 0, 1),
(163, 92, 75, 48, '0.174', 72, '1000', '174', 6, '1', 62, '2015-01-23 19:34:35', 0, 1, 0, 1),
(164, 93, 76, 48, '0.174', 72, '1000', '174', 6, '1', 62, '2015-01-23 20:09:23', 0, 1, 0, 1),
(165, 94, 77, 103, '0.174', 72, '1000', '174', 6, '1', 62, '2015-01-23 21:07:05', 0, 1, 0, 1),
(166, 84, 68, 61, '1', 63, '1000', '1000', 6, '1', 62, '2015-01-23 22:01:52', 0, 1, 0, 1),
(167, 63, 49, 91, '0.5', 63, '1000', '500', 6, '1', 62, '2015-01-23 22:50:16', 0, 1, 0, 1),
(168, 93, 76, 121, '0.0876', 72, '1000', '87.6', 6, '1', 62, '2015-01-24 00:49:35', 0, 1, 0, 1),
(169, 87, 70, 123, '1.5', 71, '1000', '1500', 6, '1', 62, '2015-01-24 01:52:18', 0, 1, 0, 1),
(171, 96, 79, 97, '0.5', 66, '1000', '500', 6, '1', 62, '2015-01-24 19:29:18', 0, 1, 0, 1),
(172, 97, 80, 121, '0.087', 72, '1000', '87', 6, '1', 62, '2015-01-24 21:43:57', 0, 1, 0, 1),
(173, 95, 78, 130, '0.870', 66, '1000', '870', 6, '1', 62, '2015-01-24 22:35:16', 0, 1, 0, 1),
(174, 98, 81, 48, '0.174', 72, '1000', '174', 6, '1', 62, '2015-01-24 22:41:37', 0, 1, 0, 1),
(175, 100, 82, 131, '0.0524', 65, '1000', '52.4', 6, '1', 62, '2015-01-24 23:52:45', 0, 1, 0, 1),
(176, 101, 83, 103, '0.174', 72, '1000', '174', 6, '1', 62, '2015-01-25 00:19:29', 0, 1, 0, 1),
(177, 102, 84, 48, '0.174', 72, '1000', '174', 6, '1', 62, '2015-01-25 02:36:58', 0, 1, 0, 1),
(178, 103, 85, 107, '2', 71, '1000', '2000', 6, '1', 62, '2015-01-25 19:42:48', 0, 1, 0, 1),
(179, 103, 85, 0, '', 0, '1000', '0', 6, '1', 62, '2015-01-25 19:42:48', 0, 0, 0, 0),
(181, 105, 87, 22, '4.8', 66, '1000', '4800', 6, '1', 62, '2015-01-25 20:21:21', 0, 1, 0, 1),
(182, 106, 88, 107, '2', 71, '1000', '2000', 6, '1', 62, '2015-01-25 21:22:51', 0, 1, 0, 1),
(183, 106, 88, 133, '0.48', 71, '1000', '480', 6, '1', 62, '2015-01-25 21:25:16', 0, 1, 0, 1),
(184, 103, 85, 78, '2', 66, '1000', '2000', 6, '1', 62, '2015-01-25 21:39:01', 0, 1, 0, 1),
(186, 105, 87, 61, '1', 66, '1000', '1000', 6, '1', 62, '2015-01-25 21:50:50', 0, 1, 0, 1),
(188, 105, 87, 36, '0.5', 66, '1000', '500', 6, '1', 62, '2015-01-25 22:28:08', 0, 1, 0, 1),
(189, 106, 88, 97, '0.5', 66, '1000', '500', 6, '1', 62, '2015-01-25 22:41:54', 0, 1, 0, 1),
(190, 107, 89, 20, '0.4', 71, '1000', '400', 6, '1', 62, '2015-01-25 23:18:17', 0, 1, 0, 1),
(191, 108, 90, 97, '0.5', 66, '1000', '500', 6, '1', 62, '2015-01-25 23:19:01', 0, 1, 0, 1),
(192, 104, 86, 134, '0.3', 72, '1000', '300', 6, '1', 62, '2015-01-25 23:21:59', 0, 1, 0, 1),
(193, 108, 90, 134, '0.3', 66, '1000', '300', 6, '1', 62, '2015-01-26 00:09:56', 0, 1, 0, 1),
(194, 109, 91, 135, '0.174', 71, '1000', '174', 6, '1', 62, '2015-01-26 21:03:33', 0, 1, 0, 1),
(195, 110, 92, 48, '0.174', 72, '1000', '174', 6, '1', 62, '2015-01-26 21:06:03', 0, 1, 0, 1),
(196, 110, 92, 48, '0.174', 72, '1000', '174', 6, '1', 62, '2015-01-26 21:06:03', 0, 1, 0, 1),
(197, 111, 93, 48, '0.174', 72, '1000', '174', 6, '1', 62, '2015-01-26 21:08:05', 0, 1, 0, 1),
(198, 111, 93, 48, '0.174', 72, '1000', '174', 6, '1', 62, '2015-01-26 21:08:05', 0, 1, 0, 1),
(199, 112, 94, 136, '0.870', 65, '1000', '870', 6, '1', 62, '2015-01-26 21:58:09', 0, 1, 0, 1),
(200, 113, 95, 121, '0.087', 72, '1000', '87', 6, '1', 62, '2015-01-26 22:12:30', 0, 1, 0, 1),
(201, 113, 95, 48, '0.174', 72, '1000', '174', 6, '1', 62, '2015-01-26 22:12:30', 0, 1, 0, 1),
(202, 113, 95, 48, '0.174', 72, '1000', '174', 6, '1', 62, '2015-01-26 22:12:30', 0, 1, 0, 1),
(203, 113, 95, 48, '0.174', 72, '1000', '174', 6, '1', 62, '2015-01-26 22:12:30', 0, 1, 0, 1),
(204, 113, 95, 48, '0.174', 72, '1000', '174', 6, '1', 62, '2015-01-26 22:12:30', 0, 1, 0, 1),
(205, 113, 95, 48, '0.174', 72, '1000', '174', 6, '1', 62, '2015-01-26 22:12:30', 0, 1, 0, 1),
(206, 114, 96, 48, '0.174', 72, '1000', '174', 6, '1', 62, '2015-01-26 22:16:27', 0, 1, 0, 1),
(207, 104, 86, 16, '2.0', 66, '1000', '2000', 6, '1', 62, '2015-01-26 23:20:20', 0, 1, 0, 1),
(208, 104, 86, 117, '1', 63, '1000', '1000', 6, '1', 62, '2015-01-26 23:23:28', 0, 1, 0, 1),
(209, 115, 97, 124, '4.305', 66, '1000', '4305', 6, '1', 62, '2015-01-27 03:52:47', 0, 1, 0, 1),
(210, 116, 98, 76, '1', 66, '1000', '1000', 6, '1', 62, '2015-01-28 19:18:36', 0, 1, 0, 1),
(211, 117, 99, 0, '', 72, '1000', '0', 6, '1', 62, '2015-01-28 20:43:47', 0, 1, 0, 1),
(212, 117, 99, 48, '0.174', 72, '1000', '174', 6, '1', 62, '2015-01-28 20:43:47', 0, 1, 0, 1),
(213, 117, 99, 121, '0.087', 72, '1000', '87', 6, '1', 62, '2015-01-28 20:44:09', 0, 1, 0, 1),
(214, 116, 98, 62, '1.5', 66, '1000', '1500', 6, '1', 62, '2015-01-28 20:45:21', 0, 1, 0, 1),
(215, 118, 100, 124, '4.208', 65, '1000', '4208', 6, '1', 62, '2015-01-28 23:57:17', 0, 1, 0, 1),
(216, 119, 101, 121, '0.0876', 72, '1000', '87.6', 6, '1', 62, '2015-01-29 01:41:40', 0, 1, 0, 1),
(217, 119, 101, 121, '0.0876', 72, '1000', '87.6', 6, '1', 62, '2015-01-29 01:41:40', 0, 1, 0, 1),
(218, 122, 102, 138, '0.5', 66, '1000', '500', 6, '1', 62, '2015-01-29 03:51:48', 0, 1, 0, 1),
(219, 123, 103, 121, '0.087', 65, '1000', '87', 6, '1', 62, '2015-01-30 01:35:33', 0, 1, 0, 1),
(220, 123, 103, 121, '0.087', 66, '1000', '87', 6, '1', 62, '2015-01-30 01:35:33', 0, 1, 0, 1),
(221, 124, 104, 97, '0.21', 65, '1000', '210', 6, '1', 19, '2015-01-31 10:46:06', 0, 0, 0, 0),
(222, 126, 105, 116, '0.2', 65, '1000', '200', 6, '1', 19, '2015-02-02 21:52:12', 0, 0, 0, 0),
(223, 127, 106, 0, '', 71, '', 'Omondi Task four', 6, '1', 19, '2015-02-05 03:27:16', 0, 0, 0, 0),
(224, 127, 106, 0, '', 72, '', 'REplace Omondi fuel', 6, '1', 19, '2015-02-05 03:27:16', 0, 0, 0, 0),
(225, 127, 107, 141, '', 66, '', '90877', 6, '1', 19, '2015-02-05 03:33:35', 0, 0, 0, 0),
(226, 127, 107, 142, '', 66, '', '97600', 6, '1', 19, '2015-02-05 03:33:36', 0, 0, 0, 0),
(227, 120, 108, 143, '', 71, '', '3200', 6, '1', 19, '2015-02-05 03:37:51', 0, 0, 0, 0),
(229, 120, 108, 145, '', 71, '', '2459', 6, '1', 19, '2015-02-05 04:26:15', 0, 0, 0, 0),
(230, 120, 108, 146, '', 63, '', '9860', 6, '1', 19, '2015-02-05 04:28:00', 0, 0, 0, 0),
(231, 120, 108, 147, '', 65, '', '5780', 6, '1', 19, '2015-02-05 04:29:32', 0, 0, 0, 0),
(232, 80, 109, 152, '', 65, '', '200', 6, '1', 19, '2015-02-05 11:52:10', 0, 0, 0, 0);

-- --------------------------------------------------------

--
-- Table structure for table `labour_cost_matrix`
--

CREATE TABLE IF NOT EXISTS `labour_cost_matrix` (
  `labour_cost_matrix_id` int(11) NOT NULL AUTO_INCREMENT,
  `task_id` int(10) NOT NULL,
  `engine_range_id` int(10) NOT NULL,
  `flat_rate_hrs` varchar(11) NOT NULL,
  `flat_rate_cost` int(11) NOT NULL,
  `status` int(11) NOT NULL,
  PRIMARY KEY (`labour_cost_matrix_id`)
) ENGINE=InnoDB  DEFAULT CHARSET=latin1 AUTO_INCREMENT=395 ;

--
-- Dumping data for table `labour_cost_matrix`
--

INSERT INTO `labour_cost_matrix` (`labour_cost_matrix_id`, `task_id`, `engine_range_id`, `flat_rate_hrs`, `flat_rate_cost`, `status`) VALUES
(7, 5, 1, '7.5', 1350, 0),
(8, 5, 2, '8.5', 1680, 0),
(9, 5, 3, '8.8', 1975, 0),
(10, 3, 1, '28.0', 2200, 0),
(11, 3, 2, '29.0', 21600, 0),
(12, 3, 3, '32.0', 32000, 0),
(13, 1, 1, '3.2', 1690, 0),
(14, 1, 2, '5.4', 1978, 0),
(15, 1, 3, '1.4', 1247, 0),
(16, 2, 1, '11.0', 2190, 0),
(17, 2, 2, '12.5', 1290, 0),
(18, 2, 3, '15.0', 8900, 0),
(19, 4, 1, '12.4', 1350, 0),
(20, 4, 2, '16.2', 1872, 0),
(21, 4, 3, '16.1', 4896, 0),
(22, 17, 1, '0.05', 0, 0),
(23, 17, 2, '0.05', 0, 0),
(24, 17, 3, '0.05', 0, 0),
(25, 14, 1, '1.5', 1700, 0),
(26, 14, 2, '1.5', 1800, 0),
(27, 14, 3, '1.5', 1700, 0),
(28, 16, 1, '1.0', 2400, 0),
(29, 16, 2, '1.0', 2890, 0),
(30, 16, 3, '2.0', 2789, 0),
(31, 6, 1, '8.0', 10, 0),
(32, 6, 2, '19.8', 1800, 0),
(33, 6, 3, '9.5', 1478, 0),
(34, 21, 1, '4.0', 1200, 0),
(35, 21, 2, '3.2', 1695, 0),
(36, 21, 3, '8.5', 1600, 0),
(37, 22, 1, '1', 0, 0),
(38, 22, 2, '1', 0, 0),
(39, 22, 3, '1.5', 0, 0),
(40, 7, 1, '3.1', 0, 0),
(41, 13, 1, '0.2', 0, 0),
(42, 13, 2, '0.8', 0, 0),
(43, 13, 3, '1.2', 0, 0),
(44, 19, 2, '1.8', 0, 0),
(45, 19, 1, '1.5', 0, 0),
(46, 19, 3, '2.5', 0, 0),
(47, 10, 1, '0.2', 0, 0),
(48, 10, 2, '1.2', 0, 0),
(49, 10, 3, '1.8', 0, 0),
(50, 23, 3, '1.2', 0, 0),
(51, 24, 3, '2.', 0, 0),
(52, 24, 2, '2.', 0, 0),
(53, 23, 2, '1.2', 0, 0),
(54, 24, 1, '1.2', 0, 0),
(55, 23, 1, '1.2', 0, 0),
(56, 25, 3, '2.', 0, 0),
(57, 25, 2, '2.', 0, 0),
(58, 25, 1, '1.8', 0, 0),
(59, 27, 3, '2', 0, 0),
(60, 27, 2, '2', 0, 0),
(61, 27, 1, '1.5', 0, 0),
(62, 35, 3, '0.5', 0, 0),
(63, 35, 2, '0.5', 0, 0),
(64, 35, 1, '0.5', 0, 0),
(65, 26, 3, '1', 0, 0),
(66, 26, 2, '0.8', 0, 0),
(67, 26, 1, '0.8', 0, 0),
(68, 33, 3, '0.8', 0, 0),
(69, 33, 2, '1', 0, 0),
(70, 33, 1, '1', 0, 0),
(71, 30, 3, '0.2', 0, 0),
(72, 30, 2, '0.5', 0, 0),
(73, 30, 1, '0.5', 0, 0),
(74, 31, 3, '1', 0, 0),
(75, 31, 2, '0.5', 0, 0),
(76, 31, 1, '0.5', 0, 0),
(77, 34, 3, '0.8', 0, 0),
(78, 34, 2, '1', 0, 0),
(79, 34, 1, '1', 0, 0),
(80, 28, 3, '0.5', 0, 0),
(81, 28, 2, '0.5', 0, 0),
(82, 28, 1, '0.5', 0, 0),
(83, 29, 3, '0.5', 0, 0),
(84, 29, 2, '0.5', 0, 0),
(85, 29, 1, '0.5', 0, 0),
(86, 32, 3, '2', 0, 0),
(87, 32, 1, '2', 0, 0),
(88, 32, 2, '2', 0, 0),
(89, 38, 3, '2', 0, 0),
(90, 38, 2, '1.5', 0, 0),
(91, 38, 1, '1.5', 0, 0),
(92, 36, 3, '0.5', 0, 0),
(93, 36, 2, '0.5', 0, 0),
(94, 36, 1, '0.2', 0, 0),
(95, 47, 3, '0.05', 0, 0),
(96, 47, 2, '0.05', 0, 0),
(97, 47, 1, '0.05', 0, 0),
(98, 46, 3, '0.05', 0, 0),
(99, 46, 2, '0.05', 0, 0),
(100, 46, 1, '0.05', 0, 0),
(101, 54, 1, '0.5', 0, 0),
(102, 55, 1, '0.5', 0, 0),
(103, 54, 2, '0.8', 0, 0),
(104, 54, 3, '1', 0, 0),
(105, 55, 2, '0.5', 0, 0),
(106, 55, 3, '0.8', 0, 0),
(107, 45, 1, '1.2', 0, 0),
(108, 45, 2, '1.2', 0, 0),
(109, 45, 3, '1.5', 0, 0),
(110, 56, 3, '1.5', 0, 0),
(111, 62, 3, '0.5', 0, 0),
(112, 63, 3, '0.5', 0, 0),
(113, 64, 3, '2', 0, 0),
(114, 65, 2, '0.1', 0, 0),
(115, 65, 1, '0.1', 0, 0),
(116, 65, 3, '0.2', 0, 0),
(117, 66, 3, '1', 0, 0),
(118, 67, 3, '0.8', 0, 0),
(119, 72, 3, '4', 0, 0),
(120, 73, 3, '0.5', 0, 0),
(121, 74, 3, '0.5', 0, 0),
(122, 40, 3, '1', 0, 0),
(123, 76, 3, '0.5', 0, 0),
(124, 77, 3, '0.5', 0, 0),
(125, 78, 3, '2', 0, 0),
(126, 79, 3, '1', 0, 0),
(127, 80, 3, '1', 0, 0),
(128, 81, 1, '1', 0, 0),
(129, 70, 3, '3', 0, 0),
(130, 70, 2, '2', 0, 0),
(131, 70, 1, '2', 0, 0),
(132, 82, 2, '0.8', 0, 0),
(133, 83, 1, '2.5', 0, 0),
(134, 83, 2, '2.5', 0, 0),
(135, 85, 2, '2', 0, 0),
(136, 86, 1, '0.5', 0, 0),
(137, 87, 3, '0.5', 0, 0),
(138, 88, 3, '0.8', 0, 0),
(139, 89, 3, '1', 0, 0),
(140, 90, 3, '1.5', 0, 0),
(141, 91, 2, '0.5', 0, 0),
(142, 92, 3, '0.07', 0, 0),
(143, 93, 1, '1', 0, 0),
(144, 81, 2, '0.8', 0, 0),
(146, 94, 3, '0.5', 0, 0),
(147, 98, 1, '0.5', 0, 0),
(148, 116, 1, '0.2', 0, 0),
(150, 48, 1, '0.174', 0, 0),
(151, 31, 4, '1', 0, 0),
(152, 98, 2, '0.5', 0, 0),
(153, 98, 3, '0.8', 0, 0),
(154, 98, 4, '0.8', 0, 0),
(155, 92, 1, '0.05', 0, 0),
(156, 92, 2, '0.05', 0, 0),
(157, 92, 4, '0.07', 0, 0),
(158, 46, 4, '0.08', 0, 0),
(159, 17, 4, '0.08', 0, 0),
(160, 47, 4, '0.08', 0, 0),
(161, 97, 1, '0.21', 0, 0),
(162, 97, 2, '0.21', 0, 0),
(163, 97, 4, '0.6', 0, 0),
(164, 97, 3, '0.5', 0, 0),
(165, 106, 3, '0.42', 0, 0),
(166, 117, 3, '0.7', 0, 0),
(167, 61, 3, '0.7', 0, 0),
(168, 61, 2, '0.6', 0, 0),
(169, 61, 1, '0.4', 0, 0),
(170, 61, 4, '1', 0, 0),
(171, 60, 3, '0.8', 0, 0),
(172, 60, 2, '0.8', 0, 0),
(173, 60, 1, '0.8', 0, 0),
(174, 60, 4, '1', 0, 0),
(175, 37, 3, '0.5', 0, 0),
(176, 37, 4, '0.8', 0, 0),
(177, 37, 2, '0.5', 0, 0),
(178, 37, 1, '0.5', 0, 0),
(179, 117, 4, '1', 0, 0),
(180, 117, 2, '0.5', 0, 0),
(181, 117, 1, '0.5', 0, 0),
(182, 104, 3, '1.8', 0, 0),
(183, 104, 4, '1.8', 0, 0),
(184, 59, 2, '1', 0, 0),
(185, 59, 1, '1', 0, 0),
(186, 95, 1, '1.5', 0, 0),
(187, 95, 2, '1.5', 0, 0),
(188, 95, 3, '1.5', 0, 0),
(189, 102, 1, '1.5', 0, 0),
(190, 102, 2, '1.5', 0, 0),
(191, 102, 3, '2', 0, 0),
(192, 15, 1, '1.5', 0, 0),
(193, 15, 2, '1.5', 0, 0),
(194, 15, 3, '2', 0, 0),
(195, 29, 4, '0.8', 0, 0),
(196, 86, 2, '1', 0, 0),
(197, 86, 3, '1', 0, 0),
(198, 86, 4, '1', 0, 0),
(199, 84, 1, '1', 0, 0),
(200, 84, 2, '1', 0, 0),
(201, 84, 3, '1', 0, 0),
(202, 84, 4, '1.5', 0, 0),
(203, 6, 4, '4', 0, 0),
(204, 83, 4, '1.8', 0, 0),
(205, 58, 1, '0.5', 0, 0),
(206, 58, 2, '0.5', 0, 0),
(207, 58, 3, '0.8', 0, 0),
(208, 58, 4, '0.8', 0, 0),
(209, 52, 1, '1', 0, 0),
(210, 52, 2, '1', 0, 0),
(211, 52, 3, '1', 0, 0),
(212, 52, 4, '1', 0, 0),
(213, 19, 4, '1', 0, 0),
(214, 30, 4, '0.5', 0, 0),
(215, 78, 1, '0.8', 0, 0),
(216, 78, 2, '0.8', 0, 0),
(217, 78, 4, '1', 0, 0),
(218, 81, 3, '1', 0, 0),
(219, 81, 4, '1', 0, 0),
(220, 82, 1, '0.8', 0, 0),
(221, 82, 3, '0.8', 0, 0),
(222, 82, 4, '0.8', 0, 0),
(223, 48, 3, '0.174', 0, 0),
(224, 48, 2, '0.174', 0, 0),
(225, 48, 4, '0.174', 0, 0),
(226, 54, 4, '0.5', 0, 0),
(227, 85, 1, '0.8', 0, 0),
(228, 85, 3, '1', 0, 0),
(229, 85, 4, '1', 0, 0),
(230, 100, 1, '1', 0, 0),
(231, 100, 2, '1', 0, 0),
(232, 100, 3, '1', 0, 0),
(233, 100, 4, '1', 0, 0),
(234, 3, 4, '10', 0, 0),
(235, 5, 4, '4', 0, 0),
(236, 101, 1, '0.5', 0, 0),
(237, 101, 2, '0.5', 0, 0),
(238, 101, 3, '0.8', 0, 0),
(239, 101, 4, '0.8', 0, 0),
(240, 68, 1, '0.8', 0, 0),
(241, 68, 2, '0.8', 0, 0),
(242, 68, 3, '0.5', 0, 0),
(243, 68, 4, '1', 0, 0),
(244, 34, 4, '0.8', 0, 0),
(245, 67, 1, '1.5', 0, 0),
(246, 67, 2, '1.5', 0, 0),
(247, 67, 4, '0.8', 0, 0),
(248, 106, 1, '0.5', 0, 0),
(249, 106, 2, '0.5', 0, 0),
(250, 106, 4, '0.8', 0, 0),
(251, 26, 4, '1', 0, 0),
(252, 35, 4, '1', 0, 0),
(253, 32, 4, '1', 0, 0),
(254, 24, 4, '4', 0, 0),
(255, 118, 1, '2', 0, 0),
(256, 118, 2, '2', 0, 0),
(257, 118, 3, '2.5', 0, 0),
(258, 118, 4, '3', 0, 0),
(259, 107, 1, '1', 0, 0),
(260, 107, 2, '1', 0, 0),
(261, 107, 3, '2', 0, 0),
(262, 107, 4, '2', 0, 0),
(263, 57, 1, '0.5', 0, 0),
(264, 57, 2, '0.5', 0, 0),
(265, 57, 3, '0.5', 0, 0),
(266, 57, 4, '0.5', 0, 0),
(267, 56, 1, '1.8', 0, 0),
(268, 56, 2, '1.8', 0, 0),
(269, 56, 4, '1.8', 0, 0),
(270, 94, 1, '4', 0, 0),
(271, 94, 2, '4', 0, 0),
(272, 94, 4, '6', 0, 0),
(273, 10, 4, '0.5', 0, 0),
(274, 108, 1, '0.5', 0, 0),
(275, 108, 2, '0.5', 0, 0),
(276, 108, 3, '0.5', 0, 0),
(277, 108, 4, '1', 0, 0),
(278, 76, 1, '1', 0, 0),
(279, 76, 2, '1', 0, 0),
(280, 76, 4, '1', 0, 0),
(281, 93, 2, '0.5', 0, 0),
(282, 93, 3, '0.8', 0, 0),
(283, 93, 4, '0.8', 0, 0),
(284, 42, 1, '0.2', 0, 0),
(285, 42, 2, '0.2', 0, 0),
(286, 42, 3, '0.4', 0, 0),
(287, 42, 4, '0.4', 0, 0),
(288, 62, 1, '1', 0, 0),
(289, 62, 2, '1', 0, 0),
(290, 62, 4, '1', 0, 0),
(291, 77, 1, '0.5', 0, 0),
(292, 77, 2, '0.5', 0, 0),
(293, 77, 4, '0.8', 0, 0),
(294, 109, 1, '0.8', 0, 0),
(295, 109, 2, '0.8', 0, 0),
(296, 109, 3, '0.8', 0, 0),
(297, 109, 4, '0.8', 0, 0),
(298, 63, 1, '0.4', 0, 0),
(299, 63, 2, '0.4', 0, 0),
(300, 63, 4, '0.8', 0, 0),
(301, 72, 1, '2', 0, 0),
(302, 72, 2, '2', 0, 0),
(303, 72, 4, '3', 0, 0),
(304, 114, 1, '1', 0, 0),
(305, 114, 2, '1', 0, 0),
(306, 114, 3, '1.8', 0, 0),
(307, 114, 4, '2', 0, 0),
(308, 113, 1, '1', 0, 0),
(309, 113, 2, '1.5', 0, 0),
(310, 113, 3, '1.8', 0, 0),
(311, 113, 4, '2', 0, 0),
(312, 111, 1, '1', 0, 0),
(313, 111, 2, '1', 0, 0),
(314, 111, 3, '0.6', 0, 0),
(315, 111, 4, '1.8', 0, 0),
(316, 112, 1, '1', 0, 0),
(317, 112, 2, '1', 0, 0),
(318, 112, 3, '1', 0, 0),
(319, 112, 4, '1', 0, 0),
(320, 49, 1, '0.5', 0, 0),
(321, 49, 2, '0.5', 0, 0),
(322, 49, 3, '0.5', 0, 0),
(323, 49, 4, '0.5', 0, 0),
(324, 55, 4, '0.8', 0, 0),
(325, 73, 1, '0.5', 0, 0),
(326, 73, 2, '0.5', 0, 0),
(327, 73, 4, '0.5', 0, 0),
(328, 53, 1, '2', 0, 0),
(329, 53, 2, '2', 0, 0),
(330, 53, 3, '2', 0, 0),
(331, 18, 1, '1', 0, 0),
(332, 18, 2, '1.5', 0, 0),
(333, 18, 3, '1.8', 0, 0),
(334, 12, 1, '2', 0, 0),
(335, 12, 2, '3', 0, 0),
(336, 12, 3, '3', 0, 0),
(337, 11, 1, '1.8', 0, 0),
(338, 11, 2, '1.8', 0, 0),
(339, 11, 3, '1.8', 0, 0),
(340, 40, 1, '0.09', 0, 0),
(341, 40, 2, '0.09', 0, 0),
(342, 40, 4, '0.09', 0, 0),
(343, 41, 1, '1.2', 0, 0),
(344, 41, 2, '1.2', 0, 0),
(345, 41, 3, '1.8', 0, 0),
(346, 96, 1, '1', 0, 0),
(347, 96, 2, '1', 0, 0),
(348, 96, 3, '1', 0, 0),
(349, 20, 1, '0.2', 0, 0),
(350, 20, 2, '0.2', 0, 0),
(351, 20, 3, '0.4', 0, 0),
(352, 1, 4, '3', 0, 0),
(353, 119, 2, '2', 0, 0),
(354, 80, 2, '1', 0, 0),
(355, 80, 1, '1', 0, 0),
(356, 120, 3, '0.6', 0, 0),
(357, 121, 1, '0.087', 0, 0),
(358, 121, 2, '0.083', 0, 0),
(359, 121, 3, '0.087', 0, 0),
(360, 122, 2, '6.275', 0, 0),
(361, 103, 1, '0.174', 0, 0),
(362, 123, 1, '1.5', 0, 0),
(363, 124, 1, '4.305', 0, 0),
(364, 125, 2, '5.908', 0, 0),
(365, 126, 3, '7.098', 0, 0),
(366, 127, 1, '6.783', 0, 0),
(367, 128, 2, '4.208', 0, 0),
(368, 129, 3, '4.208', 0, 0),
(369, 127, 2, '6.783', 0, 0),
(370, 129, 1, '8.033', 0, 0),
(371, 129, 2, '8.033', 0, 0),
(372, 128, 3, '7.607', 0, 0),
(373, 127, 3, '6.783', 0, 0),
(374, 126, 1, '7.098', 0, 0),
(375, 126, 2, '7.098', 0, 0),
(376, 125, 1, '5.908', 0, 0),
(377, 125, 3, '5.908', 0, 0),
(378, 124, 2, '4.208', 0, 0),
(379, 124, 3, '4.208', 0, 0),
(380, 128, 1, '7.607', 0, 0),
(381, 130, 3, '1.3', 0, 0),
(382, 130, 4, '0.870', 0, 0),
(383, 130, 2, '1.2', 0, 0),
(384, 130, 1, '1', 0, 0),
(385, 131, 1, '0.0524', 0, 0),
(386, 132, 3, '2', 0, 0),
(387, 132, 2, '1', 0, 0),
(388, 132, 1, '1', 0, 0),
(389, 133, 3, '0.48', 0, 0),
(390, 134, 3, '0.3', 0, 0),
(391, 135, 1, '0.174', 0, 0),
(392, 136, 3, '0.870', 0, 0),
(393, 137, 1, '1.6', 0, 0),
(394, 138, 2, '0.5', 0, 0);

-- --------------------------------------------------------

--
-- Table structure for table `loans`
--

CREATE TABLE IF NOT EXISTS `loans` (
  `loan_id` int(10) NOT NULL AUTO_INCREMENT,
  `loan_name` varchar(100) COLLATE latin1_general_ci DEFAULT NULL,
  `default_amount` varchar(20) COLLATE latin1_general_ci DEFAULT NULL,
  PRIMARY KEY (`loan_id`)
) ENGINE=MyISAM DEFAULT CHARSET=latin1 COLLATE=latin1_general_ci AUTO_INCREMENT=1 ;

--
-- Dumping data for table `loans`
--


-- --------------------------------------------------------

--
-- Table structure for table `loans_ledger`
--

CREATE TABLE IF NOT EXISTS `loans_ledger` (
  `transaction_id` int(10) NOT NULL AUTO_INCREMENT,
  `transactions` varchar(100) NOT NULL,
  `amount` varchar(100) NOT NULL,
  `debit` varchar(100) NOT NULL,
  `credit` varchar(100) NOT NULL,
  `currency_code` int(10) NOT NULL,
  `curr_rate` varchar(100) NOT NULL,
  `date_recorded` timestamp NOT NULL DEFAULT CURRENT_TIMESTAMP ON UPDATE CURRENT_TIMESTAMP,
  PRIMARY KEY (`transaction_id`)
) ENGINE=MyISAM DEFAULT CHARSET=latin1 AUTO_INCREMENT=1 ;

--
-- Dumping data for table `loans_ledger`
--


-- --------------------------------------------------------

--
-- Table structure for table `loan_given`
--

CREATE TABLE IF NOT EXISTS `loan_given` (
  `loan_given_id` int(10) NOT NULL AUTO_INCREMENT,
  `lenders_name` varchar(100) NOT NULL,
  `lenders_address` varchar(100) NOT NULL,
  `lenders_phone` varchar(100) NOT NULL,
  `lenders_email` varchar(100) NOT NULL,
  `lenders_town` varchar(100) NOT NULL,
  `loan_amount` varchar(100) NOT NULL,
  `currency_code` varchar(100) NOT NULL,
  `curr_rate` varchar(100) NOT NULL,
  `period_years` int(10) NOT NULL,
  `period_months` int(10) NOT NULL,
  `date_recorded` timestamp NOT NULL DEFAULT CURRENT_TIMESTAMP,
  PRIMARY KEY (`loan_given_id`)
) ENGINE=MyISAM DEFAULT CHARSET=latin1 AUTO_INCREMENT=1 ;

--
-- Dumping data for table `loan_given`
--


-- --------------------------------------------------------

--
-- Table structure for table `loan_given_repayments`
--

CREATE TABLE IF NOT EXISTS `loan_given_repayments` (
  `loan_given_repayment_id` int(10) NOT NULL AUTO_INCREMENT,
  `loan_given_id` int(10) NOT NULL,
  `amount_received` varchar(100) NOT NULL,
  `currency_code` varchar(100) NOT NULL,
  `curr_rate` varchar(100) NOT NULL,
  `mop` varchar(11) NOT NULL,
  `date_received` timestamp NOT NULL DEFAULT CURRENT_TIMESTAMP,
  `status` int(1) NOT NULL,
  PRIMARY KEY (`loan_given_repayment_id`)
) ENGINE=MyISAM DEFAULT CHARSET=latin1 AUTO_INCREMENT=1 ;

--
-- Dumping data for table `loan_given_repayments`
--


-- --------------------------------------------------------

--
-- Table structure for table `loan_logs`
--

CREATE TABLE IF NOT EXISTS `loan_logs` (
  `savings_log_id` int(10) NOT NULL AUTO_INCREMENT,
  `payrol_basic_log_id` int(10) NOT NULL,
  `emp_id` int(10) NOT NULL,
  `loan_name` varchar(100) NOT NULL,
  `loan_amount` varchar(100) NOT NULL,
  `loan_date` timestamp NOT NULL DEFAULT CURRENT_TIMESTAMP ON UPDATE CURRENT_TIMESTAMP,
  PRIMARY KEY (`savings_log_id`)
) ENGINE=MyISAM DEFAULT CHARSET=latin1 AUTO_INCREMENT=1 ;

--
-- Dumping data for table `loan_logs`
--


-- --------------------------------------------------------

--
-- Table structure for table `loan_received`
--

CREATE TABLE IF NOT EXISTS `loan_received` (
  `loan_received_id` int(10) NOT NULL AUTO_INCREMENT,
  `lenders_name` varchar(100) NOT NULL,
  `lenders_address` varchar(100) NOT NULL,
  `lenders_phone` varchar(100) NOT NULL,
  `lenders_email` varchar(100) NOT NULL,
  `lenders_town` varchar(100) NOT NULL,
  `currency_code` varchar(100) NOT NULL,
  `curr_rate` varchar(100) NOT NULL,
  `loan_amount` varchar(100) NOT NULL,
  `mop` int(11) NOT NULL,
  `cheque_no` varchar(100) NOT NULL,
  `ref_no` varchar(100) NOT NULL,
  `client_bank` varchar(100) NOT NULL,
  `our_bank` int(11) NOT NULL,
  `date_drawn` varchar(100) NOT NULL,
  `period_years` int(10) NOT NULL,
  `period_months` int(10) NOT NULL,
  `date_recorded` timestamp NOT NULL DEFAULT CURRENT_TIMESTAMP ON UPDATE CURRENT_TIMESTAMP,
  PRIMARY KEY (`loan_received_id`)
) ENGINE=MyISAM  DEFAULT CHARSET=latin1 AUTO_INCREMENT=2 ;

--
-- Dumping data for table `loan_received`
--

INSERT INTO `loan_received` (`loan_received_id`, `lenders_name`, `lenders_address`, `lenders_phone`, `lenders_email`, `lenders_town`, `currency_code`, `curr_rate`, `loan_amount`, `mop`, `cheque_no`, `ref_no`, `client_bank`, `our_bank`, `date_drawn`, `period_years`, `period_months`, `date_recorded`) VALUES
(1, 'Longterm View Capital Limited', '', '0723404874', 'info@ltvcapital.co.ke', '', '6', '1', '35085', 2, '000047', '', 'Family Bank', 0, ' 2015-01-12  ', 0, 2, '2015-01-13 03:32:10');

-- --------------------------------------------------------

--
-- Table structure for table `loan_repayments`
--

CREATE TABLE IF NOT EXISTS `loan_repayments` (
  `loan_repayment_id` int(10) NOT NULL AUTO_INCREMENT,
  `receipt_no` varchar(100) NOT NULL,
  `loan_received_id` int(10) NOT NULL,
  `amount_received` varchar(100) NOT NULL,
  `decription` longtext NOT NULL,
  `currency_code` varchar(100) NOT NULL,
  `curr_rate` varchar(100) NOT NULL,
  `mop` varchar(11) NOT NULL,
  `cheque_no` varchar(100) NOT NULL,
  `ref_no` varchar(100) NOT NULL,
  `date_paid` date NOT NULL,
  `client_bank` varchar(100) NOT NULL,
  `our_bank` int(11) NOT NULL,
  `date_received` timestamp NOT NULL DEFAULT CURRENT_TIMESTAMP,
  `status` int(1) NOT NULL,
  PRIMARY KEY (`loan_repayment_id`)
) ENGINE=MyISAM DEFAULT CHARSET=latin1 AUTO_INCREMENT=1 ;

--
-- Dumping data for table `loan_repayments`
--


-- --------------------------------------------------------

--
-- Table structure for table `loan_repaymentsold`
--

CREATE TABLE IF NOT EXISTS `loan_repaymentsold` (
  `loan_repayment_id` int(10) NOT NULL AUTO_INCREMENT,
  `loan_received_id` int(10) NOT NULL,
  `amount_received` varchar(100) NOT NULL,
  `currency_code` varchar(100) NOT NULL,
  `curr_rate` varchar(100) NOT NULL,
  `mop` varchar(11) NOT NULL,
  `date_received` timestamp NOT NULL DEFAULT CURRENT_TIMESTAMP ON UPDATE CURRENT_TIMESTAMP,
  `status` int(1) NOT NULL,
  PRIMARY KEY (`loan_repayment_id`)
) ENGINE=MyISAM DEFAULT CHARSET=latin1 AUTO_INCREMENT=1 ;

--
-- Dumping data for table `loan_repaymentsold`
--


-- --------------------------------------------------------

--
-- Table structure for table `lpo`
--

CREATE TABLE IF NOT EXISTS `lpo` (
  `lpo_id` int(10) NOT NULL AUTO_INCREMENT,
  `comments` char(200) NOT NULL,
  `lpo_no` varchar(100) NOT NULL,
  `lpo_amount` varchar(100) NOT NULL,
  `paid_amount` varchar(100) NOT NULL,
  `freight_charges` varchar(100) NOT NULL,
  `currency_code` varchar(100) NOT NULL,
  `curr_rate` varchar(100) NOT NULL,
  `supplier_id` int(10) NOT NULL,
  `order_code` int(10) NOT NULL,
  `user_id` int(10) NOT NULL,
  `date_generated` timestamp NOT NULL DEFAULT CURRENT_TIMESTAMP ON UPDATE CURRENT_TIMESTAMP,
  `status` int(1) NOT NULL,
  PRIMARY KEY (`lpo_id`)
) ENGINE=MyISAM DEFAULT CHARSET=latin1 AUTO_INCREMENT=1 ;

--
-- Dumping data for table `lpo`
--


-- --------------------------------------------------------

--
-- Table structure for table `minor_terminologies`
--

CREATE TABLE IF NOT EXISTS `minor_terminologies` (
  `minor_terminology_id` int(10) NOT NULL AUTO_INCREMENT,
  `terminology_id` int(11) NOT NULL,
  `minor_terminology_name` varchar(100) NOT NULL,
  PRIMARY KEY (`minor_terminology_id`)
) ENGINE=MyISAM DEFAULT CHARSET=latin1 AUTO_INCREMENT=1 ;

--
-- Dumping data for table `minor_terminologies`
--


-- --------------------------------------------------------

--
-- Table structure for table `misc_expenses_ledger`
--

CREATE TABLE IF NOT EXISTS `misc_expenses_ledger` (
  `transaction_id` int(10) NOT NULL AUTO_INCREMENT,
  `transactions` varchar(100) NOT NULL,
  `amount` varchar(100) NOT NULL,
  `debit` varchar(100) NOT NULL,
  `credit` varchar(100) NOT NULL,
  `currency_code` int(10) NOT NULL,
  `curr_rate` varchar(100) NOT NULL,
  `date_recorded` timestamp NOT NULL DEFAULT CURRENT_TIMESTAMP,
  `order_code` varchar(100) NOT NULL,
  PRIMARY KEY (`transaction_id`)
) ENGINE=MyISAM DEFAULT CHARSET=latin1 AUTO_INCREMENT=1 ;

--
-- Dumping data for table `misc_expenses_ledger`
--


-- --------------------------------------------------------

--
-- Table structure for table `modules`
--

CREATE TABLE IF NOT EXISTS `modules` (
  `module_id` int(11) NOT NULL AUTO_INCREMENT,
  `module_name` varchar(100) NOT NULL,
  `sort_order` int(10) NOT NULL,
  `link` longtext NOT NULL,
  `description` varchar(250) NOT NULL,
  `status` int(10) NOT NULL,
  PRIMARY KEY (`module_id`)
) ENGINE=MyISAM  DEFAULT CHARSET=latin1 AUTO_INCREMENT=34 ;

--
-- Dumping data for table `modules`
--

INSERT INTO `modules` (`module_id`, `module_name`, `sort_order`, `link`, `description`, `status`) VALUES
(1, 'Home', 1, '<li class="top"><a href="home.php?monitor=monitor" class="top_link"><span>Home</span></a></li>', 'Home Page', 0),
(3, 'Master', 3, '<a href="#" id="products" class="top_link"><span class="down">Master</span></a>', 'Master', 0),
(4, 'Access', 2, '<a href="#" id="services" class="top_link"><span class="down">Access</span></a>', 'Access Controll', 0),
(24, 'Settings', 2, '<a href="#" id="products" class="top_link"><span class="down">Settings</span></a>', '', 0),
(25, 'Inventory Accounts', 4, '<a href="#nogo57" id="privacy" class="top_link"><span class="down">Inventory Accounts</span></a>', '', 0),
(6, 'Quotations', 4, '<a href="#nogo57" id="privacy" class="top_link"><span class="down">Quotations</span></a>', 'Quotations', 0),
(7, 'General Transactions', 7, '<a href="#nogo57" id="privacy" class="top_link"><span class="down">General Transactions</span></a>', 'Panel that manages otherpanel', 0),
(8, 'Reports', 81, '<a href="#nogo57" id="privacy" class="top_link"><span class="down">Reports</span></a>', 'System Reports', 0),
(26, 'Point Of Sale', 4, '<a href="#nogo57" id="privacy" class="top_link"><span class="down">Point Of Sale</span></a>', '', 0),
(27, 'General Transactions Accounts', 5, '<a href="#nogo57" id="privacy" class="top_link"><span class="down">General Transactions</span></a>', '', 0),
(11, 'Bookings', 3, '<a href="#" id="services" class="top_link"><span class="down">Bookings</span></a>', 'Vehicle Bookings', 0),
(31, 'Audit Trails Accounts', 10, '<a href="audit_trails.php" id="privacy" class="top_link"><span class="down">Audit Trails</span></a>', '', 0),
(13, 'Audit Trails', 100, '<li class="top"><a href="home.php?audittrails=audittrails"  class="top_link"><span>Audit Trails</span></a></li>', '', 0),
(14, 'Sales', 5, '<a href="home.php?audittrails=audittrails" id="services" class="top_link"><span class="down">Sales</span></a>', '', 0),
(16, 'Inventory', 5, '<a href="#" id="services" class="top_link"><span class="down">Inventory</span></a>', '', 0),
(17, 'Job Cards', 5, '<a href="#" id="services" class="top_link"><span class="down">Job Cards</span></a>', 'Job Cards Management', 0),
(30, 'Customers', 9, '<a href="#nogo57" id="privacy" class="top_link"><span class="down">Customers</span></a>', '', 0),
(29, 'Staff Affairs', 8, '<a href="#nogo57" id="privacy" class="top_link"><span class="down">Staff</span></a>', '', 0),
(28, 'Financials', 6, '<a href="#nogo57" id="privacy" class="top_link"><span class="down">Financials</span></a>', '', 0),
(32, 'Banking', 5, '<a href="#" id="services" class="top_link"><span class="down">Banking</span></a>', '', 0),
(33, 'Bank Reconcilliation', 5, '<a href="#" id="services" class="top_link"><span class="down">Bank Reconcilliation</span></a>', '', 0);

-- --------------------------------------------------------

--
-- Table structure for table `modules_account`
--

CREATE TABLE IF NOT EXISTS `modules_account` (
  `module_id` int(11) NOT NULL AUTO_INCREMENT,
  `module_name` varchar(100) NOT NULL,
  `sort_order` int(10) NOT NULL,
  `link` longtext NOT NULL,
  `description` varchar(250) NOT NULL,
  `status` int(10) NOT NULL,
  PRIMARY KEY (`module_id`)
) ENGINE=MyISAM  DEFAULT CHARSET=latin1 AUTO_INCREMENT=16 ;

--
-- Dumping data for table `modules_account`
--

INSERT INTO `modules_account` (`module_id`, `module_name`, `sort_order`, `link`, `description`, `status`) VALUES
(3, 'Settings', 2, '<a href="#" id="products" class="top_link"><span class="down">Settings</span></a>', 'System settings', 0),
(5, 'Inventory Accounts', 4, '<a href="#nogo57" id="privacy" class="top_link"><span class="down">Inventory</span></a>', 'Project managenet panel', 0),
(6, 'Point Of Sale', 4, '<a href="#nogo57" id="privacy" class="top_link"><span class="down">Point Of Sale</span></a>', 'Management of human resource', 0),
(7, 'General Transactions Accounts', 5, '<a href="#nogo57" id="privacy" class="top_link"><span class="down">General Transactions</span></a>', 'Panel that manages otherpanel', 0),
(8, 'Financials', 6, '<a href="#nogo57" id="privacy" class="top_link"><span class="down">Financials</span></a>', 'desk', 0),
(9, 'Employees And Payroll', 8, '<a href="#nogo57" id="privacy" class="top_link"><span class="down">Employees And Payroll</span></a>', 'General Reports for administrator', 0),
(11, 'Customers', 9, '<a href="#nogo57" id="privacy" class="top_link"><span class="down">Customers</span></a>', '', 0),
(12, 'Audit Trails Accounts', 10, '<a href="audit_trails.php" id="privacy" class="top_link"><span class="down">Audit Trails</span></a>', '', 0),
(14, 'Banking', 5, '<a href="#" id="services" class="top_link"><span class="down">Banking</span></a>', '', 0),
(15, 'Bank Reconcilliation', 5, '<a href="#" id="services" class="top_link"><span class="down">Bank Reconcilliation</span></a>', '', 0);

-- --------------------------------------------------------

--
-- Table structure for table `modules_submodules`
--

CREATE TABLE IF NOT EXISTS `modules_submodules` (
  `modules_submodules_id` int(10) NOT NULL AUTO_INCREMENT,
  `module_id` int(10) NOT NULL,
  `sub_module_id` int(10) NOT NULL,
  `status` int(1) NOT NULL,
  PRIMARY KEY (`modules_submodules_id`)
) ENGINE=MyISAM  DEFAULT CHARSET=latin1 AUTO_INCREMENT=270 ;

--
-- Dumping data for table `modules_submodules`
--

INSERT INTO `modules_submodules` (`modules_submodules_id`, `module_id`, `sub_module_id`, `status`) VALUES
(19, 3, 5, 0),
(124, 11, 1, 0),
(17, 3, 3, 0),
(16, 3, 2, 0),
(252, 11, 221, 0),
(7, 4, 7, 0),
(8, 4, 8, 0),
(9, 4, 9, 0),
(10, 4, 10, 0),
(141, 6, 62, 0),
(38, 7, 21, 0),
(39, 7, 22, 0),
(171, 7, 40, 0),
(41, 8, 24, 0),
(146, 8, 6, 0),
(56, 8, 25, 0),
(44, 8, 27, 0),
(61, 9, 36, 0),
(46, 8, 29, 0),
(47, 9, 33, 0),
(50, 9, 30, 0),
(51, 9, 31, 0),
(52, 9, 32, 0),
(55, 8, 26, 0),
(58, 8, 35, 0),
(64, 9, 38, 0),
(63, 9, 37, 0),
(65, 9, 26, 0),
(66, 4, 39, 0),
(251, 17, 220, 0),
(144, 14, 46, 0),
(140, 3, 73, 0),
(123, 5, 67, 0),
(129, 6, 34, 0),
(116, 8, 60, 0),
(159, 19, 79, 0),
(160, 19, 80, 0),
(126, 11, 65, 0),
(188, 17, 54, 0),
(121, 4, 45, 0),
(142, 14, 41, 0),
(139, 17, 70, 0),
(136, 17, 72, 0),
(137, 17, 71, 0),
(155, 3, 75, 0),
(189, 3, 43, 0),
(187, 6, 63, 0),
(254, 16, 223, 0),
(161, 19, 81, 0),
(167, 19, 84, 0),
(166, 19, 83, 0),
(165, 19, 82, 0),
(168, 19, 85, 0),
(169, 19, 87, 0),
(170, 19, 86, 0),
(172, 7, 89, 0),
(173, 7, 88, 0),
(174, 7, 90, 0),
(175, 7, 92, 0),
(176, 7, 93, 0),
(177, 7, 95, 0),
(178, 7, 94, 0),
(179, 7, 96, 0),
(180, 7, 97, 0),
(181, 20, 37, 0),
(182, 20, 98, 0),
(183, 20, 99, 0),
(184, 20, 28, 0),
(185, 20, 100, 0),
(190, 3, 44, 0),
(191, 8, 15, 0),
(192, 8, 20, 0),
(193, 8, 18, 0),
(194, 3, 165, 0),
(195, 3, 157, 0),
(196, 6, 169, 0),
(197, 16, 173, 0),
(198, 16, 200, 0),
(199, 16, 181, 0),
(200, 16, 174, 0),
(201, 16, 180, 0),
(202, 16, 177, 0),
(203, 16, 171, 0),
(253, 17, 222, 0),
(205, 14, 123, 0),
(206, 14, 108, 0),
(207, 14, 141, 0),
(248, 16, 172, 0),
(255, 16, 224, 0),
(210, 14, 203, 0),
(211, 14, 214, 0),
(212, 14, 204, 0),
(213, 32, 184, 0),
(214, 32, 188, 0),
(215, 32, 182, 0),
(216, 32, 187, 0),
(217, 32, 185, 0),
(218, 32, 190, 0),
(219, 32, 183, 0),
(220, 32, 189, 0),
(221, 33, 194, 0),
(222, 33, 192, 0),
(223, 33, 191, 0),
(224, 33, 195, 0),
(225, 33, 193, 0),
(226, 7, 140, 0),
(227, 7, 127, 0),
(228, 7, 129, 0),
(229, 7, 125, 0),
(230, 7, 126, 0),
(256, 28, 225, 0),
(232, 7, 128, 0),
(233, 7, 199, 0),
(234, 28, 133, 0),
(235, 28, 117, 0),
(236, 28, 103, 0),
(237, 28, 134, 0),
(238, 28, 101, 0),
(239, 29, 116, 0),
(240, 29, 110, 0),
(241, 29, 212, 0),
(242, 29, 211, 0),
(243, 29, 213, 0),
(244, 29, 210, 0),
(245, 3, 138, 0),
(246, 3, 136, 0),
(247, 17, 217, 0),
(249, 16, 218, 0),
(250, 16, 219, 0),
(257, 14, 121, 0),
(262, 29, 120, 0),
(260, 29, 226, 0),
(269, 14, 233, 0),
(268, 14, 232, 0),
(265, 14, 229, 0),
(266, 14, 230, 0),
(267, 29, 231, 0);

-- --------------------------------------------------------

--
-- Table structure for table `modules_submodulesold`
--

CREATE TABLE IF NOT EXISTS `modules_submodulesold` (
  `modules_submodules_id` int(10) NOT NULL AUTO_INCREMENT,
  `module_id` int(10) NOT NULL,
  `sub_module_id` int(10) NOT NULL,
  `status` int(1) NOT NULL,
  PRIMARY KEY (`modules_submodules_id`)
) ENGINE=MyISAM  DEFAULT CHARSET=latin1 AUTO_INCREMENT=258 ;

--
-- Dumping data for table `modules_submodulesold`
--

INSERT INTO `modules_submodulesold` (`modules_submodules_id`, `module_id`, `sub_module_id`, `status`) VALUES
(19, 3, 5, 0),
(124, 11, 1, 0),
(17, 3, 3, 0),
(16, 3, 2, 0),
(252, 11, 221, 0),
(7, 4, 7, 0),
(8, 4, 8, 0),
(9, 4, 9, 0),
(10, 4, 10, 0),
(141, 6, 62, 0),
(38, 7, 21, 0),
(39, 7, 22, 0),
(171, 7, 40, 0),
(41, 8, 24, 0),
(146, 8, 6, 0),
(56, 8, 25, 0),
(44, 8, 27, 0),
(61, 9, 36, 0),
(46, 8, 29, 0),
(47, 9, 33, 0),
(50, 9, 30, 0),
(51, 9, 31, 0),
(52, 9, 32, 0),
(55, 8, 26, 0),
(58, 8, 35, 0),
(64, 9, 38, 0),
(63, 9, 37, 0),
(65, 9, 26, 0),
(66, 4, 39, 0),
(251, 17, 220, 0),
(144, 14, 46, 0),
(140, 3, 73, 0),
(123, 5, 67, 0),
(129, 6, 34, 0),
(116, 8, 60, 0),
(159, 19, 79, 0),
(160, 19, 80, 0),
(126, 11, 65, 0),
(188, 17, 54, 0),
(121, 4, 45, 0),
(142, 14, 41, 0),
(139, 17, 70, 0),
(136, 17, 72, 0),
(137, 17, 71, 0),
(155, 3, 75, 0),
(189, 3, 43, 0),
(187, 6, 63, 0),
(254, 16, 223, 0),
(161, 19, 81, 0),
(167, 19, 84, 0),
(166, 19, 83, 0),
(165, 19, 82, 0),
(168, 19, 85, 0),
(169, 19, 87, 0),
(170, 19, 86, 0),
(172, 7, 89, 0),
(173, 7, 88, 0),
(174, 7, 90, 0),
(175, 7, 92, 0),
(176, 7, 93, 0),
(177, 7, 95, 0),
(178, 7, 94, 0),
(179, 7, 96, 0),
(180, 7, 97, 0),
(181, 20, 37, 0),
(182, 20, 98, 0),
(183, 20, 99, 0),
(184, 20, 28, 0),
(185, 20, 100, 0),
(190, 3, 44, 0),
(191, 8, 15, 0),
(192, 8, 20, 0),
(193, 8, 18, 0),
(194, 3, 165, 0),
(195, 3, 157, 0),
(196, 6, 169, 0),
(197, 16, 173, 0),
(198, 16, 200, 0),
(199, 16, 181, 0),
(200, 16, 174, 0),
(201, 16, 180, 0),
(202, 16, 177, 0),
(203, 16, 171, 0),
(253, 17, 222, 0),
(205, 14, 123, 0),
(206, 14, 108, 0),
(207, 14, 141, 0),
(248, 16, 172, 0),
(255, 16, 224, 0),
(210, 14, 203, 0),
(211, 14, 214, 0),
(212, 14, 204, 0),
(213, 32, 184, 0),
(214, 32, 188, 0),
(215, 32, 182, 0),
(216, 32, 187, 0),
(217, 32, 185, 0),
(218, 32, 190, 0),
(219, 32, 183, 0),
(220, 32, 189, 0),
(221, 33, 194, 0),
(222, 33, 192, 0),
(223, 33, 191, 0),
(224, 33, 195, 0),
(225, 33, 193, 0),
(226, 7, 140, 0),
(227, 7, 127, 0),
(228, 7, 129, 0),
(229, 7, 125, 0),
(230, 7, 126, 0),
(256, 28, 225, 0),
(232, 7, 128, 0),
(233, 7, 199, 0),
(234, 28, 133, 0),
(235, 28, 117, 0),
(236, 28, 103, 0),
(237, 28, 134, 0),
(238, 28, 101, 0),
(239, 29, 116, 0),
(240, 29, 110, 0),
(241, 29, 212, 0),
(242, 29, 211, 0),
(243, 29, 213, 0),
(244, 29, 210, 0),
(245, 3, 138, 0),
(246, 3, 136, 0),
(247, 17, 217, 0),
(249, 16, 218, 0),
(250, 16, 219, 0),
(257, 14, 121, 0);

-- --------------------------------------------------------

--
-- Table structure for table `mop`
--

CREATE TABLE IF NOT EXISTS `mop` (
  `mop_id` int(11) NOT NULL AUTO_INCREMENT,
  `mop_name` varchar(100) NOT NULL,
  PRIMARY KEY (`mop_id`)
) ENGINE=InnoDB  DEFAULT CHARSET=latin1 AUTO_INCREMENT=5 ;

--
-- Dumping data for table `mop`
--

INSERT INTO `mop` (`mop_id`, `mop_name`) VALUES
(1, 'Cash'),
(2, 'Cheque'),
(3, 'Electronic Transfer'),
(4, 'M-pesa');

-- --------------------------------------------------------

--
-- Table structure for table `net_profit`
--

CREATE TABLE IF NOT EXISTS `net_profit` (
  `net_profit_id` int(11) NOT NULL AUTO_INCREMENT,
  `amount` varchar(100) NOT NULL,
  `date_recorded` timestamp NOT NULL DEFAULT CURRENT_TIMESTAMP ON UPDATE CURRENT_TIMESTAMP,
  PRIMARY KEY (`net_profit_id`)
) ENGINE=MyISAM DEFAULT CHARSET=latin1 AUTO_INCREMENT=1 ;

--
-- Dumping data for table `net_profit`
--


-- --------------------------------------------------------

--
-- Table structure for table `nhif_block`
--

CREATE TABLE IF NOT EXISTS `nhif_block` (
  `nhif_block_id` int(20) NOT NULL AUTO_INCREMENT,
  `nhif_max` varchar(20) COLLATE latin1_general_ci DEFAULT NULL,
  `nhif_min` varchar(20) COLLATE latin1_general_ci DEFAULT NULL,
  `nhif_amount` varchar(20) COLLATE latin1_general_ci DEFAULT NULL,
  PRIMARY KEY (`nhif_block_id`)
) ENGINE=MyISAM DEFAULT CHARSET=latin1 COLLATE=latin1_general_ci AUTO_INCREMENT=1 ;

--
-- Dumping data for table `nhif_block`
--


-- --------------------------------------------------------

--
-- Table structure for table `nilepet.currency`
--

CREATE TABLE IF NOT EXISTS `nilepet.currency` (
  `curr_id` int(10) NOT NULL AUTO_INCREMENT,
  `curr_name` varchar(100) NOT NULL,
  `curr_rate` varchar(100) NOT NULL,
  PRIMARY KEY (`curr_id`)
) ENGINE=MyISAM DEFAULT CHARSET=latin1 AUTO_INCREMENT=1 ;

--
-- Dumping data for table `nilepet.currency`
--


-- --------------------------------------------------------

--
-- Table structure for table `notes_payables_ledger`
--

CREATE TABLE IF NOT EXISTS `notes_payables_ledger` (
  `transaction_id` int(10) NOT NULL AUTO_INCREMENT,
  `transactions` varchar(100) NOT NULL,
  `amount` varchar(100) NOT NULL,
  `debit` varchar(100) NOT NULL,
  `credit` varchar(100) NOT NULL,
  `currency_code` int(10) NOT NULL,
  `curr_rate` varchar(100) NOT NULL,
  `date_recorded` timestamp NOT NULL DEFAULT CURRENT_TIMESTAMP,
  `order_code` varchar(100) NOT NULL,
  PRIMARY KEY (`transaction_id`)
) ENGINE=MyISAM  DEFAULT CHARSET=latin1 AUTO_INCREMENT=2 ;

--
-- Dumping data for table `notes_payables_ledger`
--

INSERT INTO `notes_payables_ledger` (`transaction_id`, `transactions`, `amount`, `debit`, `credit`, `currency_code`, `curr_rate`, `date_recorded`, `order_code`) VALUES
(1, 'Loan Received from Longterm View Capital Limited', '35085', '', '35085', 6, '1', '2015-01-13 03:32:10', 'lnrec1');

-- --------------------------------------------------------

--
-- Table structure for table `notes_receivables_ledger`
--

CREATE TABLE IF NOT EXISTS `notes_receivables_ledger` (
  `transaction_id` int(10) NOT NULL AUTO_INCREMENT,
  `transactions` varchar(100) NOT NULL,
  `amount` varchar(100) NOT NULL,
  `debit` varchar(100) NOT NULL,
  `credit` varchar(100) NOT NULL,
  `currency_code` int(10) NOT NULL,
  `curr_rate` varchar(100) NOT NULL,
  `date_recorded` timestamp NOT NULL DEFAULT CURRENT_TIMESTAMP,
  `sales_code` varchar(100) NOT NULL,
  PRIMARY KEY (`transaction_id`)
) ENGINE=MyISAM DEFAULT CHARSET=latin1 AUTO_INCREMENT=1 ;

--
-- Dumping data for table `notes_receivables_ledger`
--


-- --------------------------------------------------------

--
-- Table structure for table `opening_balances`
--

CREATE TABLE IF NOT EXISTS `opening_balances` (
  `opening_balance_id` int(10) NOT NULL AUTO_INCREMENT,
  `terminology_id` int(10) NOT NULL,
  `client_id` int(10) NOT NULL,
  `amount` varchar(100) NOT NULL,
  `date_recorded` timestamp NOT NULL DEFAULT CURRENT_TIMESTAMP ON UPDATE CURRENT_TIMESTAMP,
  `status` int(10) NOT NULL,
  `user_id` int(10) NOT NULL,
  PRIMARY KEY (`opening_balance_id`)
) ENGINE=MyISAM DEFAULT CHARSET=latin1 AUTO_INCREMENT=1 ;

--
-- Dumping data for table `opening_balances`
--


-- --------------------------------------------------------

--
-- Table structure for table `opening_stock_ledger`
--

CREATE TABLE IF NOT EXISTS `opening_stock_ledger` (
  `transaction_id` int(10) NOT NULL AUTO_INCREMENT,
  `transactions` varchar(100) NOT NULL,
  `amount` varchar(100) NOT NULL,
  `debit` varchar(100) NOT NULL,
  `credit` varchar(100) NOT NULL,
  `currency_code` int(10) NOT NULL,
  `curr_rate` varchar(100) NOT NULL,
  `date_recorded` timestamp NOT NULL DEFAULT CURRENT_TIMESTAMP,
  `order_code` varchar(10) NOT NULL,
  PRIMARY KEY (`transaction_id`)
) ENGINE=MyISAM DEFAULT CHARSET=latin1 AUTO_INCREMENT=1 ;

--
-- Dumping data for table `opening_stock_ledger`
--


-- --------------------------------------------------------

--
-- Table structure for table `order_code_get`
--

CREATE TABLE IF NOT EXISTS `order_code_get` (
  `order_code_id` int(11) NOT NULL AUTO_INCREMENT,
  `shipper_id` int(11) NOT NULL,
  `supplier_id` int(11) NOT NULL,
  `user_id` int(11) NOT NULL,
  `lpo_no` varchar(100) NOT NULL,
  `mop_id` int(11) NOT NULL,
  `currency` int(11) NOT NULL,
  `curr_rate` varchar(100) NOT NULL,
  `freight_charge` varchar(100) NOT NULL,
  `comments` longtext NOT NULL,
  `date_generated` timestamp NOT NULL DEFAULT CURRENT_TIMESTAMP,
  `status` int(11) NOT NULL,
  PRIMARY KEY (`order_code_id`)
) ENGINE=MyISAM  DEFAULT CHARSET=latin1 AUTO_INCREMENT=66 ;

--
-- Dumping data for table `order_code_get`
--

INSERT INTO `order_code_get` (`order_code_id`, `shipper_id`, `supplier_id`, `user_id`, `lpo_no`, `mop_id`, `currency`, `curr_rate`, `freight_charge`, `comments`, `date_generated`, `status`) VALUES
(1, 4, 2, 64, 'BD0001/2014', 1, 6, '1', '0', 'To be supplied by the end of the week', '2014-12-20 23:27:33', 1),
(2, 4, 2, 64, 'BD0002/2014', 1, 6, '1', '0', 'To be supplied by the end of the week', '2014-12-20 23:31:01', 2),
(3, 4, 7, 64, 'BD0003/2014', 2, 6, '1', '0', 'TO BE DELIVERED ON ', '2014-12-21 00:34:41', 1),
(4, 4, 10, 64, 'BD0004/2014', 2, 6, '1', '', '', '2014-12-24 02:30:53', 1),
(51, 4, 38, 64, 'BD0051/2015', 2, 6, '1', '0', '', '2015-01-20 04:11:41', 2),
(6, 4, 2, 64, 'BD0006/2015', 2, 6, '1', '0', 'test', '2015-01-03 20:24:04', 2),
(42, 4, 34, 64, 'BD0042/2015', 1, 6, '1', '0', '', '2015-01-15 21:22:47', 2),
(41, 4, 29, 64, 'BD0041/2015', 1, 6, '1', '0', '', '2015-01-15 20:22:55', 2),
(38, 0, 32, 64, 'BD0038/2015', 1, 0, '', '0', '', '2015-01-15 01:09:03', 0),
(13, 4, 28, 64, 'BD0013/2015', 1, 6, '1', '0', '', '2015-01-06 23:30:28', 0),
(14, 4, 27, 64, 'BD0014/2015', 2, 6, '1', '0', '', '2015-01-06 23:33:51', 0),
(15, 4, 27, 64, 'BD0015/2015', 2, 6, '1', '0', '', '2015-01-07 00:07:37', 2),
(16, 4, 27, 64, 'BD0016/2015', 2, 6, '1', '0', '', '2015-01-07 00:16:43', 2),
(17, 4, 27, 64, 'BD0017/2015', 2, 6, '1', '0', '', '2015-01-07 00:25:21', 2),
(18, 4, 27, 64, 'BD0018/2015', 2, 6, '1', '0', '', '2015-01-07 00:33:07', 0),
(19, 4, 27, 64, 'BD0019/2015', 2, 6, '1', '0', '', '2015-01-07 18:49:14', 2),
(20, 4, 27, 64, 'BD0020/2015', 2, 6, '1', '0', '', '2015-01-07 18:55:04', 0),
(21, 4, 27, 64, 'BD0021/2015', 2, 6, '1', '0', '', '2015-01-07 18:59:06', 0),
(23, 4, 27, 64, 'BD0023/2015', 2, 6, '1', '0', '', '2015-01-07 19:03:43', 2),
(24, 4, 27, 64, 'BD0024/2015', 2, 6, '1', '0', '', '2015-01-07 19:15:51', 2),
(40, 4, 32, 64, 'BD0040/2015', 1, 6, '1', '0', '', '2015-01-15 03:21:44', 2),
(27, 4, 29, 64, 'BD0027/2015', 1, 6, '1', '0', '', '2015-01-09 02:53:24', 0),
(39, 4, 33, 64, 'BD0039/2015', 1, 6, '1', '0', '', '2015-01-15 01:17:35', 2),
(29, 4, 30, 64, 'BD0029/2015', 1, 6, '1', '0', '', '2015-01-09 03:11:08', 0),
(30, 4, 29, 64, 'BD0030/2015', 1, 6, '1', '0', '', '2015-01-09 19:25:30', 0),
(32, 4, 29, 64, 'BD0032/2015', 1, 6, '1', '0', '', '2015-01-11 04:17:36', 0),
(33, 4, 27, 64, 'BD0033/2015', 2, 6, '1', '0', '', '2015-01-11 19:48:23', 2),
(34, 4, 31, 64, 'BD0034/2015', 2, 6, '1', '0', '', '2015-01-11 19:52:56', 2),
(35, 4, 29, 64, 'BD0035/2015', 1, 6, '1', '0', '', '2015-01-13 03:04:28', 2),
(36, 4, 29, 64, 'BD0036/2015', 1, 6, '1', '', '', '2015-01-14 23:38:20', 2),
(37, 4, 29, 64, 'BD0037/2015', 1, 6, '1', '0', '', '2015-01-14 23:52:52', 2),
(43, 4, 35, 64, 'BD0043/2015', 1, 6, '1', '0', '', '2015-01-16 00:11:18', 2),
(44, 4, 31, 64, 'BD0044/2015', 1, 6, '1', '0', '', '2015-01-16 01:13:42', 2),
(45, 4, 31, 64, 'BD0045/2015', 0, 6, '1', '0', '', '2015-01-17 20:29:39', 0),
(46, 4, 38, 64, 'BD0046/2015', 2, 6, '1', '0', '', '2015-01-17 22:11:12', 2),
(47, 4, 29, 64, 'BD0047/2015', 2, 6, '1', '', '', '2015-01-17 22:35:33', 1),
(48, 4, 38, 64, 'BD0048/2015', 2, 6, '1', '0', '', '2015-01-18 22:54:58', 0),
(49, 4, 31, 64, 'BD0049/2015', 2, 6, '1', '0', '', '2015-01-19 22:29:54', 2),
(50, 4, 29, 64, 'BD0050/2015', 1, 6, '1', '0', '', '2015-01-20 00:04:22', 2),
(52, 4, 38, 64, 'BD0052/2015', 2, 6, '1', '0', '', '2015-01-22 20:06:48', 0),
(53, 4, 39, 64, 'BD0053/2015', 1, 6, '1', '0', '', '2015-01-26 23:30:56', 2),
(54, 4, 29, 64, 'BD0054/2015', 1, 6, '1', '0', '', '2015-01-29 01:44:42', 2),
(55, 4, 38, 64, 'BD0055/2015', 2, 6, '1', '0', '', '2015-01-29 01:53:11', 2),
(56, 4, 38, 64, 'BD0056/2015', 2, 6, '1', '0', '', '2015-01-29 03:21:27', 0),
(57, 4, 38, 64, 'BD0057/2015', 2, 6, '1', '0', '', '2015-01-29 03:24:55', 0),
(58, 4, 38, 64, 'BD0058/2015', 2, 6, '1', '0', '', '2015-01-29 03:26:09', 0),
(59, 4, 38, 64, 'BD0059/2015', 2, 6, '1', '0', '', '2015-01-29 03:30:03', 0),
(60, 4, 38, 64, 'BD0060/2015', 2, 6, '1', '0', '', '2015-01-29 04:07:50', 0),
(61, 4, 38, 64, 'BD0061/2015', 2, 6, '1', '0', '', '2015-01-29 04:09:30', 0),
(62, 4, 38, 64, 'BD0062/2015', 2, 6, '1', '0', '', '2015-01-29 04:10:16', 0),
(63, 4, 38, 64, 'BD0063/2015', 2, 6, '1', '0', '', '2015-01-29 04:13:07', 0),
(64, 4, 38, 64, 'BD0064/2015', 2, 6, '1', '0', '', '2015-01-29 04:15:39', 0),
(65, 4, 27, 19, 'BD0065/2015', 1, 6, '1', '0', 'goods', '2015-02-05 07:29:58', 0);

-- --------------------------------------------------------

--
-- Table structure for table `pack_size`
--

CREATE TABLE IF NOT EXISTS `pack_size` (
  `pack_size_id` int(10) unsigned NOT NULL AUTO_INCREMENT,
  `pack_size` varchar(45) COLLATE latin1_general_ci NOT NULL,
  PRIMARY KEY (`pack_size_id`)
) ENGINE=MyISAM DEFAULT CHARSET=latin1 COLLATE=latin1_general_ci AUTO_INCREMENT=1 ;

--
-- Dumping data for table `pack_size`
--


-- --------------------------------------------------------

--
-- Table structure for table `partial_invoice_payments`
--

CREATE TABLE IF NOT EXISTS `partial_invoice_payments` (
  `partial_invoice_payment_id` int(10) NOT NULL AUTO_INCREMENT,
  `sales_code_id` int(11) NOT NULL,
  `amount_received` varchar(100) NOT NULL,
  `mop` varchar(11) NOT NULL,
  `ref_no` varchar(100) NOT NULL,
  `date_paid` date NOT NULL,
  `client_bank` varchar(100) NOT NULL,
  `our_bank` int(11) NOT NULL,
  `date_received` timestamp NOT NULL DEFAULT CURRENT_TIMESTAMP,
  `status` int(1) NOT NULL,
  PRIMARY KEY (`partial_invoice_payment_id`)
) ENGINE=MyISAM DEFAULT CHARSET=latin1 AUTO_INCREMENT=1 ;

--
-- Dumping data for table `partial_invoice_payments`
--


-- --------------------------------------------------------

--
-- Table structure for table `paye_block`
--

CREATE TABLE IF NOT EXISTS `paye_block` (
  `paye_block_id` int(20) NOT NULL AUTO_INCREMENT,
  `paye_max` varchar(20) COLLATE latin1_general_ci DEFAULT NULL,
  `paye_min` varchar(20) COLLATE latin1_general_ci DEFAULT NULL,
  `paye_rate` varchar(20) COLLATE latin1_general_ci DEFAULT NULL,
  PRIMARY KEY (`paye_block_id`)
) ENGINE=MyISAM DEFAULT CHARSET=latin1 COLLATE=latin1_general_ci AUTO_INCREMENT=1 ;

--
-- Dumping data for table `paye_block`
--


-- --------------------------------------------------------

--
-- Table structure for table `payroll`
--

CREATE TABLE IF NOT EXISTS `payroll` (
  `payroll_id` int(10) NOT NULL AUTO_INCREMENT,
  `emp_id` int(10) NOT NULL,
  `payroll_no` varchar(100) NOT NULL,
  `basic_pay` varchar(100) NOT NULL,
  `net_pay` varchar(100) NOT NULL,
  `unpaid_balance` varchar(100) NOT NULL,
  `salary_advance` varchar(100) NOT NULL,
  `comm_due` varchar(100) NOT NULL,
  `date_paid` timestamp NOT NULL DEFAULT CURRENT_TIMESTAMP,
  `payment_month` varchar(100) NOT NULL,
  `status` int(1) NOT NULL,
  PRIMARY KEY (`payroll_id`)
) ENGINE=MyISAM  DEFAULT CHARSET=latin1 AUTO_INCREMENT=180 ;

--
-- Dumping data for table `payroll`
--

INSERT INTO `payroll` (`payroll_id`, `emp_id`, `payroll_no`, `basic_pay`, `net_pay`, `unpaid_balance`, `salary_advance`, `comm_due`, `date_paid`, `payment_month`, `status`) VALUES
(176, 32, 'PS176/2015', '', '', '', '', '', '0000-00-00 00:00:00', 'January 2015', 0),
(175, 30, 'PS175/2015', '', '', '', '', '', '0000-00-00 00:00:00', 'January 2015', 0),
(174, 29, 'PS174/2015', '', '', '', '', '', '0000-00-00 00:00:00', 'January 2015', 0),
(173, 28, 'PS173/2015', '', '', '', '', '', '0000-00-00 00:00:00', 'January 2015', 0),
(172, 27, 'PS172/2015', '', '', '', '', '', '0000-00-00 00:00:00', 'January 2015', 0),
(171, 26, 'PS171/2015', '', '', '', '', '', '0000-00-00 00:00:00', 'January 2015', 0),
(170, 25, 'PS170/2015', '', '', '', '', '', '0000-00-00 00:00:00', 'January 2015', 0),
(169, 24, 'PS169/2015', '', '', '', '', '', '0000-00-00 00:00:00', 'January 2015', 0),
(168, 23, 'PS168/2015', '', '', '', '', '', '0000-00-00 00:00:00', 'January 2015', 0),
(167, 21, 'PS167/2015', '', '', '', '', '', '0000-00-00 00:00:00', 'January 2015', 0),
(166, 20, 'PS166/2015', '', '', '', '', '', '0000-00-00 00:00:00', 'January 2015', 0),
(165, 19, 'PS165/2015', '', '', '', '', '', '0000-00-00 00:00:00', 'January 2015', 0),
(164, 18, 'PS164/2015', '', '', '', '', '', '0000-00-00 00:00:00', 'January 2015', 0),
(163, 17, 'PS163/2015', '', '', '', '', '', '0000-00-00 00:00:00', 'January 2015', 0),
(162, 16, 'PS162/2015', '', '', '', '', '', '0000-00-00 00:00:00', 'January 2015', 0),
(161, 15, 'PS161/2015', '', '', '', '', '', '0000-00-00 00:00:00', 'January 2015', 0),
(160, 14, 'PS160/2015', '', '', '', '', '', '0000-00-00 00:00:00', 'January 2015', 0),
(159, 13, 'PS159/2015', '', '', '', '', '', '0000-00-00 00:00:00', 'January 2015', 0),
(158, 12, 'PS158/2015', '', '', '', '', '', '0000-00-00 00:00:00', 'January 2015', 0),
(157, 11, 'PS157/2015', '', '', '', '', '', '0000-00-00 00:00:00', 'January 2015', 0),
(156, 10, 'PS156/2015', '', '', '', '', '', '0000-00-00 00:00:00', 'January 2015', 0),
(155, 9, 'PS155/2015', '', '', '', '', '', '0000-00-00 00:00:00', 'January 2015', 0),
(154, 8, 'PS154/2015', '', '', '', '', '', '0000-00-00 00:00:00', 'January 2015', 0),
(153, 7, 'PS153/2015', '', '', '', '', '', '0000-00-00 00:00:00', 'January 2015', 0),
(152, 6, 'PS152/2015', '', '', '', '', '', '0000-00-00 00:00:00', 'January 2015', 0),
(151, 5, 'PS151/2015', '', '', '', '', '', '0000-00-00 00:00:00', 'January 2015', 0),
(150, 4, 'PS150/2015', '', '', '', '', '', '0000-00-00 00:00:00', 'January 2015', 0),
(149, 3, 'PS149/2015', '', '', '', '', '', '0000-00-00 00:00:00', 'January 2015', 0),
(177, 33, 'PS177/2015', '', '', '', '', '', '0000-00-00 00:00:00', 'January 2015', 0),
(178, 34, 'PS178/2015', '', '', '', '', '', '0000-00-00 00:00:00', 'January 2015', 0),
(179, 35, 'PS179/2015', '', '', '', '', '', '0000-00-00 00:00:00', 'January 2015', 0);

-- --------------------------------------------------------

--
-- Table structure for table `payrol_basic_log`
--

CREATE TABLE IF NOT EXISTS `payrol_basic_log` (
  `payrol_basic_log_id` int(10) NOT NULL AUTO_INCREMENT,
  `emp_id` int(10) NOT NULL,
  `basic_pay` varchar(100) NOT NULL,
  `comm_pay` int(10) NOT NULL,
  `tax` int(100) NOT NULL,
  `date_paid` timestamp NOT NULL DEFAULT CURRENT_TIMESTAMP,
  `payment_month` varchar(100) NOT NULL,
  `status` int(1) NOT NULL,
  PRIMARY KEY (`payrol_basic_log_id`)
) ENGINE=MyISAM DEFAULT CHARSET=latin1 AUTO_INCREMENT=1 ;

--
-- Dumping data for table `payrol_basic_log`
--


-- --------------------------------------------------------

--
-- Table structure for table `pay_slips`
--

CREATE TABLE IF NOT EXISTS `pay_slips` (
  `payslip_id` int(10) NOT NULL AUTO_INCREMENT,
  `payslip_no` varchar(100) NOT NULL,
  `payrol_basic_log_id` int(10) NOT NULL,
  `emp_id` int(10) NOT NULL,
  `gross_salary` varchar(100) NOT NULL,
  `ttl_deductions` varchar(100) NOT NULL,
  `net_salary` varchar(100) NOT NULL,
  `date_printed` timestamp NOT NULL DEFAULT CURRENT_TIMESTAMP,
  `date_printed2` varchar(100) NOT NULL,
  `month_printed` varchar(100) NOT NULL,
  PRIMARY KEY (`payslip_id`)
) ENGINE=MyISAM DEFAULT CHARSET=latin1 AUTO_INCREMENT=1 ;

--
-- Dumping data for table `pay_slips`
--


-- --------------------------------------------------------

--
-- Table structure for table `pending_purchases_ledger`
--

CREATE TABLE IF NOT EXISTS `pending_purchases_ledger` (
  `transaction_id` int(10) NOT NULL AUTO_INCREMENT,
  `transactions` varchar(100) NOT NULL,
  `amount` varchar(100) NOT NULL,
  `debit` varchar(100) NOT NULL,
  `credit` varchar(100) NOT NULL,
  `currency_code` int(10) NOT NULL,
  `curr_rate` varchar(100) NOT NULL,
  `date_recorded` timestamp NOT NULL DEFAULT CURRENT_TIMESTAMP,
  `order_code` varchar(100) NOT NULL,
  PRIMARY KEY (`transaction_id`)
) ENGINE=MyISAM  DEFAULT CHARSET=latin1 AUTO_INCREMENT=144 ;

--
-- Dumping data for table `pending_purchases_ledger`
--

INSERT INTO `pending_purchases_ledger` (`transaction_id`, `transactions`, `amount`, `debit`, `credit`, `currency_code`, `curr_rate`, `date_recorded`, `order_code`) VALUES
(1, 'Purchase Order LPO No:BD0002/2014', '3120', '3120', '', 6, '1', '2014-12-20 23:42:22', 'po2'),
(2, 'Received 2 O ring Kit - 3 inch (Pieces) into the warehouse', '-240', '', '240', 6, '1', '2014-12-20 23:43:35', 'recp1'),
(3, 'Received 21 O ring Kit - 2 inch (Pieces) into the warehouse', '-2730', '', '2730', 6, '1', '2014-12-20 23:43:48', 'recp2'),
(4, 'Received 36 O ring Kit - 3 inch (Pieces) into the warehouse', '-4320', '', '4320', 6, '1', '2014-12-20 23:44:06', 'recp3'),
(5, 'Received 34 O ring Kit - 3 inch (Pieces) into the warehouse', '-4080', '', '4080', 6, '1', '2014-12-20 23:45:36', 'recp4'),
(6, 'Received 3 O ring Kit - 2 inch (Pieces) into the warehouse', '-390', '', '390', 6, '1', '2014-12-20 23:45:45', 'recp5'),
(7, 'Purchase Order LPO No:BD0006/2015', '3560', '3560', '', 6, '1', '2015-01-03 20:26:07', 'po6'),
(8, 'Received 4 AT transmission (Pieces) into the warehouse', '-3560', '', '3560', 6, '1', '2015-01-04 00:09:48', 'recp6'),
(9, 'Purchase Order LPO No:BD0024/2015', '4000', '4000', '', 6, '1', '2015-01-08 01:12:02', 'po24'),
(10, 'Purchase Order LPO No:BD0019/2015', '20160', '20160', '', 6, '1', '2015-01-08 01:13:32', 'po19'),
(11, 'Purchase Order LPO No:BD0017/2015', '11440', '11440', '', 6, '1', '2015-01-08 01:13:58', 'po17'),
(12, 'Purchase Order LPO No:BD0016/2015', '17840', '17840', '', 6, '1', '2015-01-08 01:14:23', 'po16'),
(13, 'Purchase Order LPO No:BD0015/2015', '9700', '9700', '', 6, '1', '2015-01-08 01:15:06', 'po15'),
(14, 'Purchase Order LPO No:BD0023/2015', '13950', '13950', '', 6, '1', '2015-01-08 01:15:42', 'po23'),
(15, 'Received 10 Spark Plugs BKR6E2756 (Pieces) into the warehouse', '-1750', '', '1750', 6, '1', '2015-01-08 01:17:06', 'recp7'),
(16, 'Received 8 Spark Plugs BP6ES-7811 (Pieces) into the warehouse', '-1200', '', '1200', 6, '1', '2015-01-08 01:17:20', 'recp8'),
(17, 'Received 8 Spark Plugs BP6EY-6278 (Pieces) into the warehouse', '-1200', '', '1200', 6, '1', '2015-01-08 01:17:35', 'recp9'),
(18, 'Received 10 Spark Plugs BCP5ES-7810 (Pieces) into the warehouse', '-1600', '', '1600', 6, '1', '2015-01-08 01:17:48', 'recp10'),
(19, 'Received 8 Spark plugs BKR6EYA4195 (Pieces) into the warehouse', '-1500', '', '1500', 6, '1', '2015-01-08 01:18:01', 'recp11'),
(20, 'Received 10 Spark Plugs Denso K16Single (Pieces) into the warehouse', '-1650', '', '1650', 6, '1', '2015-01-08 01:18:16', 'recp12'),
(21, 'Received 10 Spark Plugs Denso K16Double (Pieces) into the warehouse', '-1750', '', '1750', 6, '1', '2015-01-08 01:18:31', 'recp13'),
(22, 'Received 10 Spark Plugs Denso Q20 Single (Pieces) into the warehouse', '-1500', '', '1500', 6, '1', '2015-01-08 01:18:41', 'recp14'),
(23, 'Received 10 Spark Plugs  K20Double (Pieces) into the warehouse', '-1800', '', '1800', 6, '1', '2015-01-08 01:18:54', 'recp15'),
(24, 'Received 2 Air filterAA090 (Pieces) into the warehouse', '-600', '', '600', 6, '1', '2015-01-08 01:20:52', 'recp16'),
(25, 'Received 2 Air filterAA070 (Pieces) into the warehouse', '-700', '', '700', 6, '1', '2015-01-08 01:21:01', 'recp17'),
(26, 'Received 2 Air filterP2J-003 (Pieces) into the warehouse', '-600', '', '600', 6, '1', '2015-01-08 01:21:12', 'recp18'),
(27, 'Received 2 Air filterPNB003 (Pieces) into the warehouse', '-700', '', '700', 6, '1', '2015-01-08 01:21:26', 'recp19'),
(28, 'Received 2 Air filterEB300 (Pieces) into the warehouse', '-800', '', '800', 6, '1', '2015-01-08 01:21:36', 'recp20'),
(29, 'Received 2 Air filter50060 (Pieces) into the warehouse', '-800', '', '800', 6, '1', '2015-01-08 01:21:53', 'recp21'),
(30, 'Received 4 Air filteB1010 (Pieces) into the warehouse', '-1600', '', '1600', 6, '1', '2015-01-08 01:22:05', 'recp22'),
(31, 'Received 2 Air filterPWJ-A10 (Pieces) into the warehouse', '-1100', '', '1100', 6, '1', '2015-01-08 01:22:23', 'recp23'),
(32, 'Received 2 Air filter67060 (Pieces) into the warehouse', '-1100', '', '1100', 6, '1', '2015-01-08 01:22:34', 'recp24'),
(33, 'Received 2 Air filter47010 (Pieces) into the warehouse', '-700', '', '700', 6, '1', '2015-01-08 01:22:47', 'recp25'),
(34, 'Received 2 Air filter4M400 (Pieces) into the warehouse', '-1000', '', '1000', 6, '1', '2015-01-08 01:22:59', 'recp26'),
(35, 'Received 10 Spark plugs 8H516 (Pieces) into the warehouse', '-4000', '', '4000', 6, '1', '2015-01-08 01:23:48', 'recp27'),
(36, 'Received 6 Air filter11050 (Pieces) into the warehouse', '-1200', '', '1200', 6, '1', '2015-01-08 01:24:17', 'recp28'),
(37, 'Received 6 Air filter11090 (Pieces) into the warehouse', '-1200', '', '1200', 6, '1', '2015-01-08 01:24:30', 'recp29'),
(38, 'Received 6 Air filter15070 (Pieces) into the warehouse', '-1200', '', '1200', 6, '1', '2015-01-08 01:24:39', 'recp30'),
(39, 'Received 6 Air filter16020 (Pieces) into the warehouse', '-1200', '', '1200', 6, '1', '2015-01-08 01:24:48', 'recp31'),
(40, 'Received 6 Air filter21030 (Pieces) into the warehouse', '-1200', '', '1200', 6, '1', '2015-01-08 01:24:59', 'recp32'),
(41, 'Received 12 Air filter21050 (Pieces) into the warehouse', '-2640', '', '2640', 6, '1', '2015-01-08 01:26:19', 'recp33'),
(42, 'Received 12 Air filter22020 (Pieces) into the warehouse', '-2400', '', '2400', 6, '1', '2015-01-08 01:26:34', 'recp34'),
(43, 'Received 6 Air filter23030 (Pieces) into the warehouse', '-1200', '', '1200', 6, '1', '2015-01-08 01:26:49', 'recp35'),
(44, 'Received 2 Air filter35020 (Pieces) into the warehouse', '-440', '', '440', 6, '1', '2015-01-08 01:28:03', 'recp36'),
(45, 'Received 6 Air filter74020 (Pieces) into the warehouse', '-1320', '', '1320', 6, '1', '2015-01-08 01:28:14', 'recp37'),
(46, 'Received 6 Air filter73C10 (Pieces) into the warehouse', '-1200', '', '1200', 6, '1', '2015-01-08 01:28:33', 'recp38'),
(47, 'Received 6 Air filter77A10 (Pieces) into the warehouse', '-1320', '', '1320', 6, '1', '2015-01-08 01:29:48', 'recp39'),
(48, 'Received 6 Air filter41B00 (Pieces) into the warehouse', '-1320', '', '1320', 6, '1', '2015-01-08 01:29:59', 'recp40'),
(49, 'Received 12 Air filterV0100 (Pieces) into the warehouse', '-2640', '', '2640', 6, '1', '2015-01-08 01:30:54', 'recp41'),
(50, 'Received 6 Air filter20040 (Pieces) into the warehouse', '-1500', '', '1500', 6, '1', '2015-01-08 01:31:03', 'recp42'),
(51, 'Received 6 Air filter2810 (Pieces) into the warehouse', '-1500', '', '1500', 6, '1', '2015-01-08 01:31:16', 'recp43'),
(52, 'Received 2 Air filter70050 (Pieces) into the warehouse', '-500', '', '500', 6, '1', '2015-01-08 01:31:25', 'recp44'),
(53, 'Received 2 Air filter74060 (Pieces) into the warehouse', '-600', '', '600', 6, '1', '2015-01-08 01:31:38', 'recp45'),
(54, 'Received 2 Air filterMv188 (Pieces) into the warehouse', '-500', '', '500', 6, '1', '2015-01-08 01:31:50', 'recp46'),
(55, 'Received 2 Air filterMv266 (Pieces) into the warehouse', '-500', '', '500', 6, '1', '2015-01-08 01:32:02', 'recp47'),
(56, 'Received 2 Air filter22600 (Pieces) into the warehouse', '-600', '', '600', 6, '1', '2015-01-08 01:32:20', 'recp48'),
(57, 'Received 2 Air filterED500 (Pieces) into the warehouse', '-500', '', '500', 6, '1', '2015-01-08 01:32:31', 'recp49'),
(58, 'Received 2 Air filte31110 (Pieces) into the warehouse', '-700', '', '700', 6, '1', '2015-01-08 01:32:41', 'recp50'),
(59, 'Received 2 Air filter31120 (Pieces) into the warehouse', '-600', '', '600', 6, '1', '2015-01-08 01:33:10', 'recp51'),
(60, 'Received 2 Air filter50040 (Pieces) into the warehouse', '-700', '', '700', 6, '1', '2015-01-08 01:33:22', 'recp52'),
(61, 'Received 2 Air filter97402 (Pieces) into the warehouse', '-600', '', '600', 6, '1', '2015-01-08 01:33:35', 'recp53'),
(62, 'Received 12 Fuel FilterMB220900 (Pieces) into the warehouse', '-2640', '', '2640', 6, '1', '2015-01-08 01:34:25', 'recp54'),
(63, 'Received 12 Fuel Filter64010 (Pieces) into the warehouse', '-2640', '', '2640', 6, '1', '2015-01-08 01:34:33', 'recp55'),
(64, 'Received 12 Oil Filter Toyota10001/03001 (Pieces) into the warehouse', '-1200', '', '1200', 6, '1', '2015-01-08 01:34:41', 'recp56'),
(65, 'Received 12 Oil Filter Toyota03006 (Pieces) into the warehouse', '-3000', '', '3000', 6, '1', '2015-01-08 01:34:52', 'recp57'),
(66, 'Received 12 Oil Filter Nissan65F00 (Pieces) into the warehouse', '-1440', '', '1440', 6, '1', '2015-01-08 01:35:07', 'recp58'),
(67, 'Received 12 Oil Filter Mark x-31020/80 (Pieces) into the warehouse', '-3000', '', '3000', 6, '1', '2015-01-08 01:35:22', 'recp59'),
(68, 'Received 12 Oil Filter Toyota Passo-37010 (Pieces) into the warehouse', '-3000', '', '3000', 6, '1', '2015-01-08 01:35:32', 'recp60'),
(69, 'Received 12 Oil Filter 20001/30002 (Pieces) into the warehouse', '-1800', '', '1800', 6, '1', '2015-01-08 01:35:44', 'recp61'),
(70, 'Received 12 Oil Filter MD135737 (Pieces) into the warehouse', '-1440', '', '1440', 6, '1', '2015-01-08 01:35:56', 'recp62'),
(71, 'Purchase Order LPO No:BD0034/2015', '34550', '34550', '', 6, '1', '2015-01-11 20:17:19', 'po34'),
(72, 'Purchase Order LPO No:BD0033/2015', '31800', '31800', '', 6, '1', '2015-01-11 20:17:33', 'po33'),
(73, 'Received 2 Brake padsKD2718 (Pieces) into the warehouse', '-1700', '', '1700', 6, '1', '2015-01-11 20:18:03', 'recp63'),
(74, 'Received 2 Brake padsKD2780 (Pieces) into the warehouse', '-2600', '', '2600', 6, '1', '2015-01-11 20:18:15', 'recp64'),
(75, 'Received 2 Brake padsKD2701 (Pieces) into the warehouse', '-1700', '', '1700', 6, '1', '2015-01-11 20:18:23', 'recp65'),
(76, 'Received 2 Brake padsKD2725 (Pieces) into the warehouse', '-1700', '', '1700', 6, '1', '2015-01-11 20:18:33', 'recp66'),
(77, 'Received 2 Brake padsKD2203 (Pieces) into the warehouse', '-1800', '', '1800', 6, '1', '2015-01-11 20:18:43', 'recp67'),
(78, 'Received 1 Brake padsKD2208 (Pieces) into the warehouse', '-1000', '', '1000', 6, '1', '2015-01-11 20:24:03', 'recp68'),
(79, 'Received 2 Brake padsKD2798 (Pieces) into the warehouse', '-2600', '', '2600', 6, '1', '2015-01-11 20:24:14', 'recp69'),
(80, 'Received 2 Brake padsKD2740 (Pieces) into the warehouse', '-1500', '', '1500', 6, '1', '2015-01-11 20:24:27', 'recp70'),
(81, 'Received 1 Brake padsKD2457 (Pieces) into the warehouse', '-950', '', '950', 6, '1', '2015-01-11 20:24:45', 'recp71'),
(82, 'Received 1 Brake padsKD1740 (Pieces) into the warehouse', '-1000', '', '1000', 6, '1', '2015-01-11 20:25:13', 'recp72'),
(83, 'Received 2 Brake padsKD2739 (Pieces) into the warehouse', '-1800', '', '1800', 6, '1', '2015-01-11 20:25:27', 'recp73'),
(84, 'Received 2 Brake padsKD2776 (Pieces) into the warehouse', '-1500', '', '1500', 6, '1', '2015-01-11 20:25:36', 'recp74'),
(85, 'Received 2 Brake padsKD1739 (Pieces) into the warehouse', '-1700', '', '1700', 6, '1', '2015-01-11 20:25:45', 'recp75'),
(86, 'Received 2 Brake padsKD1735 (Pieces) into the warehouse', '-1800', '', '1800', 6, '1', '2015-01-11 20:25:59', 'recp76'),
(87, 'Received 2 Brake padsKD2606/07 (Pieces) into the warehouse', '-1800', '', '1800', 6, '1', '2015-01-11 20:26:09', 'recp77'),
(88, 'Received 2 Brake pads liningX288 (Pieces) into the warehouse', '-1200', '', '1200', 6, '1', '2015-01-11 20:26:19', 'recp78'),
(89, 'Received 2 Brake pads liningAK2342 (Pieces) into the warehouse', '-1300', '', '1300', 6, '1', '2015-01-11 20:26:30', 'recp79'),
(90, 'Received 2 Brake padsGDB7075S (Pieces) into the warehouse', '-1900', '', '1900', 6, '1', '2015-01-11 20:26:42', 'recp80'),
(91, 'Received 2 Brake  liningNQR (Pieces) into the warehouse', '-2600', '', '2600', 6, '1', '2015-01-11 20:27:00', 'recp81'),
(92, 'Received 2 Brake lining ProboxBS-K2358 (Pieces) into the warehouse', '-2400', '', '2400', 6, '1', '2015-01-11 20:27:11', 'recp82'),
(93, 'Received 12 Fuel Filterz700 (Pieces) into the warehouse', '-1800', '', '1800', 6, '1', '2015-01-11 20:27:32', 'recp83'),
(94, 'Received 12 Oil Filter6DBOB-0309-A (Pieces) into the warehouse', '-7800', '', '7800', 6, '1', '2015-01-11 20:27:40', 'recp84'),
(95, 'Received 12 Air Cleaner NQR (Pieces) into the warehouse', '-22200', '', '22200', 6, '1', '2015-01-11 20:27:47', 'recp85'),
(96, 'Purchase Order LPO No:BD0037/2015', '1000', '1000', '', 6, '1', '2015-01-14 23:56:48', 'po37'),
(97, 'Received 1 CUP CLEANER (Pieces) into the warehouse', '-550', '', '550', 6, '1', '2015-01-15 01:22:19', 'recp86'),
(98, 'Purchase Order LPO No:BD0039/2015', '1800', '1800', '', 6, '1', '2015-01-15 03:22:59', 'po39'),
(99, 'Purchase Order LPO No:BD0040/2015', '8811.32', '8811.32', '', 6, '1', '2015-01-15 03:25:31', 'po40'),
(100, 'Received 2 SILICONE CLEAR SMALL (Pieces) into the warehouse', '-400', '', '400', 6, '1', '2015-01-15 03:28:51', 'recp87'),
(101, 'Received 2 SILICONE GREY SMALL (Pieces) into the warehouse', '-400', '', '400', 6, '1', '2015-01-15 03:29:13', 'recp88'),
(102, 'Received 2 INSULATING TAPE (Pieces) into the warehouse', '-100', '', '100', 6, '1', '2015-01-15 03:29:28', 'recp89'),
(103, 'Received 18 INSULATING TAPE (Pieces) into the warehouse', '-900', '', '900', 6, '1', '2015-01-15 03:29:45', 'recp90'),
(104, 'Received 1 PATCHES No1 (Pieces) into the warehouse', '-368', '', '368', 6, '1', '2015-01-15 03:30:39', 'recp91'),
(105, 'Received 1 PATCHES No2 (Pieces) into the warehouse', '-600', '', '600', 6, '1', '2015-01-15 03:30:48', 'recp92'),
(106, 'Received 1 PATCHES No3 (Pieces) into the warehouse', '-792', '', '792', 6, '1', '2015-01-15 03:30:56', 'recp93'),
(107, 'Received 1 SOLUTION TINS 500GM (Pieces) into the warehouse', '-1760', '', '1760', 6, '1', '2015-01-15 03:31:04', 'recp94'),
(108, 'Received 30 GATEX TUBELESS STRINGS (Pieces) into the warehouse', '-499.8', '', '499.8', 6, '1', '2015-01-15 03:31:19', 'recp95'),
(109, 'Received 1 CFC CEMENT FREE (Pieces) into the warehouse', '-1040', '', '1040', 6, '1', '2015-01-15 03:31:28', 'recp96'),
(110, 'Received 1 INSERTING TOOL4IN 1 (Pieces) into the warehouse', '-1000', '', '1000', 6, '1', '2015-01-15 03:31:44', 'recp97'),
(111, 'Received 2 VALVE KEY (Pieces) into the warehouse', '-300', '', '300', 6, '1', '2015-01-15 03:31:55', 'recp98'),
(112, 'Received 500 POP RIVERTS (Pieces) into the warehouse', '-500', '', '500', 6, '1', '2015-01-15 03:32:09', 'recp99'),
(113, 'Received 468 O ring Kit  (Pieces) into the warehouse', '-1001.52', '', '1001.52', 6, '1', '2015-01-15 03:32:21', 'recp100'),
(114, 'Received 1 ALDATE RAPID (Pieces) into the warehouse', '-350', '', '350', 6, '1', '2015-01-15 03:32:34', 'recp101'),
(115, 'Received 1 Oil filter remover (Pieces) into the warehouse', '-600', '', '600', 6, '1', '2015-01-15 03:32:44', 'recp102'),
(116, 'Purchase Order LPO No:BD0036/2015', '550', '550', '', 6, '1', '2015-01-15 03:52:48', 'po36'),
(117, 'Purchase Order LPO No:BD0035/2015', '1000', '1000', '', 6, '1', '2015-01-15 03:53:15', 'po35'),
(118, 'Received 1 DUST SHAFTBOOT (Pieces) into the warehouse', '-1000', '', '1000', 6, '1', '2015-01-15 03:56:45', 'recp103'),
(119, 'Purchase Order LPO No:BD0041/2015', '2000', '2000', '', 6, '1', '2015-01-15 22:18:14', 'po41'),
(120, 'Purchase Order LPO No:BD0042/2015', '8630.4', '8630.4', '', 6, '1', '2015-01-15 22:18:31', 'po42'),
(121, 'Purchase Order LPO No:BD0044/2015', '13200', '13200', '', 6, '1', '2015-01-16 01:20:18', 'po44'),
(122, 'Purchase Order LPO No:BD0043/2015', '3550', '3550', '', 6, '1', '2015-01-16 01:20:36', 'po43'),
(123, 'Received 10 head light bulb h4 24v (Pieces) into the warehouse', '-3550', '', '3550', 6, '1', '2015-01-17 21:12:50', 'recp104'),
(124, 'Received 4 Brake  lining(BL4 ISUZUVL.310.1) (Pieces) into the warehouse', '-8630.4', '', '8630.4', 6, '1', '2015-01-17 21:13:17', 'recp105'),
(125, 'Purchase Order LPO No:BD0046/2015', '780', '780', '', 6, '1', '2015-01-18 00:33:00', 'po46'),
(126, 'Purchase Order LPO No:BD0049/2015', '18600', '18600', '', 6, '1', '2015-01-21 19:45:59', 'po49'),
(127, 'Purchase Order LPO No:BD0051/2015', '5100', '5100', '', 6, '1', '2015-01-21 19:46:30', 'po51'),
(128, 'Purchase Order LPO No:BD0050/2015', '400', '400', '', 6, '1', '2015-01-21 19:47:36', 'po50'),
(129, 'Received 10 RADIATOR COOLANT (Pieces) into the warehouse', '-5100', '', '5100', 6, '1', '2015-01-21 20:31:07', 'recp106'),
(130, 'Received 4 Head light Single Bulb  12v (Pieces) into the warehouse', '-400', '', '400', 6, '1', '2015-01-21 20:31:28', 'recp107'),
(131, 'Received 4 Front inner Bearing  32210j1-08 (Pieces) into the warehouse', '-2000', '', '2000', 6, '1', '2015-01-21 20:39:01', 'recp108'),
(132, 'Received 4 Front outer Bearing  32207jr (Pieces) into the warehouse', '-2600', '', '2600', 6, '1', '2015-01-21 20:39:10', 'recp109'),
(133, 'Received 4 rear inner bearing 30213l1-06 (Pieces) into the warehouse', '-4800', '', '4800', 6, '1', '2015-01-21 20:39:22', 'recp110'),
(134, 'Received 4 Rear outer bearing28680/22102 (Pieces) into the warehouse', '-4000', '', '4000', 6, '1', '2015-01-21 20:39:31', 'recp111'),
(135, 'Received 4 Front inner seal 8-942481171-0  (Pieces) into the warehouse', '-1200', '', '1200', 6, '1', '2015-01-21 20:39:48', 'recp112'),
(136, 'Received 4 Rear Wheel inner1-03434659-0 (Pieces) into the warehouse', '-2000', '', '2000', 6, '1', '2015-01-21 20:42:32', 'recp113'),
(137, 'Received 4 Rear Wheel outer 4.3 8-89448094-0 (Pieces) into the warehouse', '-2000', '', '2000', 6, '1', '2015-01-21 20:42:41', 'recp114'),
(138, 'Purchase Order LPO No:BD0053/2015', '2000', '2000', '', 6, '1', '2015-01-26 23:45:30', 'po53'),
(139, 'Received 10 Gasket isuzu NQR (Pieces) into the warehouse', '-2000', '', '2000', 6, '1', '2015-01-27 00:28:32', 'recp115'),
(140, 'Purchase Order LPO No:BD0054/2015', '1350', '1350', '', 6, '1', '2015-01-29 01:51:15', 'po54'),
(141, 'Purchase Order LPO No:BD0055/2015', '1300', '1300', '', 6, '1', '2015-01-29 01:53:50', 'po55'),
(142, 'Received 3 Oil Filter Toyota Harrier (Pieces) into the warehouse', '-1350', '', '1350', 6, '1', '2015-01-29 01:54:10', 'recp116'),
(143, 'Received 4 ENGINE OIL4LTRS (Pieces) into the warehouse', '-1300', '', '1300', 6, '1', '2015-01-29 01:54:31', 'recp117');

-- --------------------------------------------------------

--
-- Table structure for table `petty_cash_expense`
--

CREATE TABLE IF NOT EXISTS `petty_cash_expense` (
  `petty_cash_expense_id` int(10) NOT NULL AUTO_INCREMENT,
  `description` varchar(100) NOT NULL,
  `amount` varchar(100) NOT NULL,
  `date_recorded` timestamp NOT NULL DEFAULT CURRENT_TIMESTAMP ON UPDATE CURRENT_TIMESTAMP,
  PRIMARY KEY (`petty_cash_expense_id`)
) ENGINE=MyISAM DEFAULT CHARSET=latin1 AUTO_INCREMENT=1 ;

--
-- Dumping data for table `petty_cash_expense`
--


-- --------------------------------------------------------

--
-- Table structure for table `petty_cash_income`
--

CREATE TABLE IF NOT EXISTS `petty_cash_income` (
  `petty_cash_income_id` int(10) NOT NULL AUTO_INCREMENT,
  `description` varchar(100) NOT NULL,
  `amount` varchar(100) NOT NULL,
  `date_recorded` timestamp NOT NULL DEFAULT CURRENT_TIMESTAMP ON UPDATE CURRENT_TIMESTAMP,
  PRIMARY KEY (`petty_cash_income_id`)
) ENGINE=MyISAM DEFAULT CHARSET=latin1 AUTO_INCREMENT=1 ;

--
-- Dumping data for table `petty_cash_income`
--


-- --------------------------------------------------------

--
-- Table structure for table `petty_cash_ledger`
--

CREATE TABLE IF NOT EXISTS `petty_cash_ledger` (
  `transaction_id` int(10) NOT NULL AUTO_INCREMENT,
  `transactions` varchar(100) NOT NULL,
  `money_in` varchar(100) NOT NULL,
  `money_out` varchar(100) NOT NULL,
  `date_recorded` timestamp NOT NULL DEFAULT CURRENT_TIMESTAMP,
  `order_code` varchar(100) NOT NULL,
  PRIMARY KEY (`transaction_id`)
) ENGINE=MyISAM DEFAULT CHARSET=latin1 AUTO_INCREMENT=1 ;

--
-- Dumping data for table `petty_cash_ledger`
--


-- --------------------------------------------------------

--
-- Table structure for table `ploughed_back_dividend`
--

CREATE TABLE IF NOT EXISTS `ploughed_back_dividend` (
  `ploughed_back_dividend` int(10) NOT NULL AUTO_INCREMENT,
  `shares_id` int(10) NOT NULL,
  `dividend_id` int(10) NOT NULL,
  `financial_year_id` int(10) NOT NULL,
  `user_id` int(10) NOT NULL,
  `dividend` varchar(100) NOT NULL,
  `description` varchar(200) NOT NULL,
  `transaction_date` timestamp NOT NULL DEFAULT CURRENT_TIMESTAMP ON UPDATE CURRENT_TIMESTAMP,
  `year_recorded` varchar(10) NOT NULL,
  PRIMARY KEY (`ploughed_back_dividend`)
) ENGINE=MyISAM DEFAULT CHARSET=latin1 AUTO_INCREMENT=1 ;

--
-- Dumping data for table `ploughed_back_dividend`
--


-- --------------------------------------------------------

--
-- Table structure for table `prepaid_expenses`
--

CREATE TABLE IF NOT EXISTS `prepaid_expenses` (
  `prepaid_expenses_id` int(10) NOT NULL AUTO_INCREMENT,
  `receipt_no` varchar(100) NOT NULL,
  `amount_received` varchar(100) NOT NULL,
  `decription` longtext NOT NULL,
  `currency_code` varchar(100) NOT NULL,
  `curr_rate` varchar(100) NOT NULL,
  `mop` varchar(11) NOT NULL,
  `ref_no` varchar(100) NOT NULL,
  `date_paid` date NOT NULL,
  `client_bank` varchar(100) NOT NULL,
  `our_bank` int(11) NOT NULL,
  `date_received` timestamp NOT NULL DEFAULT CURRENT_TIMESTAMP,
  `status` int(1) NOT NULL,
  PRIMARY KEY (`prepaid_expenses_id`)
) ENGINE=MyISAM DEFAULT CHARSET=latin1 AUTO_INCREMENT=1 ;

--
-- Dumping data for table `prepaid_expenses`
--


-- --------------------------------------------------------

--
-- Table structure for table `prepaid_expenses_ledger`
--

CREATE TABLE IF NOT EXISTS `prepaid_expenses_ledger` (
  `transaction_id` int(10) NOT NULL AUTO_INCREMENT,
  `transactions` varchar(100) NOT NULL,
  `amount` varchar(100) NOT NULL,
  `debit` varchar(100) NOT NULL,
  `credit` varchar(100) NOT NULL,
  `currency_code` int(10) NOT NULL,
  `curr_rate` varchar(100) NOT NULL,
  `date_recorded` timestamp NOT NULL DEFAULT CURRENT_TIMESTAMP,
  `order_code` varchar(100) NOT NULL,
  PRIMARY KEY (`transaction_id`)
) ENGINE=MyISAM DEFAULT CHARSET=latin1 AUTO_INCREMENT=1 ;

--
-- Dumping data for table `prepaid_expenses_ledger`
--


-- --------------------------------------------------------

--
-- Table structure for table `prepaid_salary_ledger`
--

CREATE TABLE IF NOT EXISTS `prepaid_salary_ledger` (
  `transaction_id` int(10) NOT NULL AUTO_INCREMENT,
  `transactions` varchar(100) NOT NULL,
  `amount` varchar(100) NOT NULL,
  `debit` varchar(100) NOT NULL,
  `credit` varchar(100) NOT NULL,
  `currency_code` int(10) NOT NULL,
  `curr_rate` varchar(100) NOT NULL,
  `date_recorded` timestamp NOT NULL DEFAULT CURRENT_TIMESTAMP,
  `order_code` varchar(100) NOT NULL,
  PRIMARY KEY (`transaction_id`)
) ENGINE=MyISAM  DEFAULT CHARSET=latin1 AUTO_INCREMENT=23 ;

--
-- Dumping data for table `prepaid_salary_ledger`
--

INSERT INTO `prepaid_salary_ledger` (`transaction_id`, `transactions`, `amount`, `debit`, `credit`, `currency_code`, `curr_rate`, `date_recorded`, `order_code`) VALUES
(1, 'Advance Payments To :  Risper    Kemunto    Ondimu  ', '7082', '7082', '', 6, '1', '2015-01-29 20:38:52', 'sadv3'),
(2, 'Advance Payments To :  Christin    Beth Wanjiru    Kimani  ', '12569', '12569', '', 6, '1', '2015-01-29 20:41:35', 'sadv4'),
(3, 'Advance Payments To :  Harriet    Wairimu      Gitau   ', '6928', '6928', '', 6, '1', '2015-01-29 20:42:55', 'sadv5'),
(4, 'Advance Payments To :  Stella   Mueni   Kisilu ', '4758', '4758', '', 6, '1', '2015-01-29 20:44:56', 'sadv6'),
(5, 'Advance Payments To :  Robert    Ainea    Mageka  ', '500', '500', '', 6, '1', '2015-01-29 20:45:45', 'sadv7'),
(6, 'Advance Payments To :  Night        Musanga        Busumu      ', '800', '800', '', 6, '1', '2015-01-29 20:46:16', 'sadv8'),
(22, 'Advance Payments To :  Joel  Mwaura  Kiongo', '11000', '11000', '', 6, '1', '2015-01-29 21:39:53', 'sadv24'),
(8, 'Advance Payments To :  Cyrus     Chomba     Maina   ', '900', '900', '', 6, '1', '2015-01-29 20:49:10', 'sadv10'),
(9, 'Advance Payments To :  Samuel    Munga    Kungu  ', '900', '900', '', 6, '1', '2015-01-29 20:49:52', 'sadv11'),
(10, 'Advance Payments To :  Viram    Otieno    Odoyo  ', '300', '300', '', 6, '1', '2015-01-29 20:51:13', 'sadv12'),
(11, 'Advance Payments To :  Edwin   Kipkorir   Koech ', '970', '970', '', 6, '1', '2015-01-29 20:51:43', 'sadv13'),
(12, 'Advance Payments To :  Dickson    Omato    Omwenga  ', '268', '268', '', 6, '1', '2015-01-29 20:52:26', 'sadv14'),
(13, 'Advance Payments To :  Josephat   Moseti   Otebo ', '100', '100', '', 6, '1', '2015-01-29 20:53:11', 'sadv15'),
(14, 'Advance Payments To :  Esther  Wambui  Ndegwa ', '150', '150', '', 6, '1', '2015-01-29 20:53:47', 'sadv16'),
(15, 'Advance Payments To :  Samuel      Kimweli ', '272', '272', '', 6, '1', '2015-01-29 20:54:28', 'sadv17'),
(16, 'Advance Payments To :  Gabriel   Kinyanjui   Kihara ', '7000', '7000', '', 6, '1', '2015-01-29 20:57:28', 'sadv18'),
(17, 'Advance Payments To :  Joseph   Mugo  Kinyua  ', '6500', '6500', '', 6, '1', '2015-01-29 20:58:05', 'sadv19'),
(18, 'Advance Payments To :  Stanley   Njoroge   Ndungu ', '29530', '29530', '', 6, '1', '2015-01-29 20:59:40', 'sadv20'),
(19, 'Advance Payments To :  Lazarus     Ngotho    Kisilu   ', '2000', '2000', '', 6, '1', '2015-01-29 21:00:14', 'sadv21'),
(21, 'Advance Payments To :  Stephen  Wetindi  Anakeya', '10267', '10267', '', 6, '1', '2015-01-29 21:36:28', 'sadv23');

-- --------------------------------------------------------

--
-- Table structure for table `products`
--

CREATE TABLE IF NOT EXISTS `products` (
  `product_id` int(10) NOT NULL AUTO_INCREMENT,
  `cat_id` int(10) NOT NULL,
  `product_name` varchar(100) NOT NULL,
  `prod_code` varchar(100) NOT NULL,
  `pack_size` varchar(100) NOT NULL,
  `weight` varchar(100) NOT NULL,
  `reorder_level` varchar(100) NOT NULL,
  `curr_sp` varchar(100) NOT NULL,
  `curr_bp` varchar(100) NOT NULL,
  `currency_code` varchar(100) NOT NULL,
  `exchange_rate` varchar(100) NOT NULL,
  `status` int(1) NOT NULL,
  PRIMARY KEY (`product_id`),
  KEY `cat_id` (`cat_id`)
) ENGINE=MyISAM  DEFAULT CHARSET=latin1 AUTO_INCREMENT=215 ;

--
-- Dumping data for table `products`
--

INSERT INTO `products` (`product_id`, `cat_id`, `product_name`, `prod_code`, `pack_size`, `weight`, `reorder_level`, `curr_sp`, `curr_bp`, `currency_code`, `exchange_rate`, `status`) VALUES
(1, 1, 'Head light', 'HL678', 'Pieces', '', '30', '320', '240', '6', '1', 0),
(4, 2, 'Diesel injection pump', 'DIP', 'Pieces', '', '67', '3200', '2300', '6', '1', 0),
(5, 2, 'AT transmission', 'ATT53', 'Pieces', '', '20', '3800', '3400', '6', '1', 0),
(6, 3, 'Front shock absorber', 'FSA98', 'Pieces', '', 'Pieces', '2200', '1800', '6', '1', 0),
(7, 5, 'Sand Paper', 'SP876', 'Pieces', '', '120', '3400', '1200', '6', '1', 0),
(8, 5, 'Grease 500gm', '678907', 'Pieces', '', '10', '368', '320', '6', '1', 0),
(9, 5, 'Oil', 'Oil67', 'Pieces', '', '45', '1110', '780', '6', '1', 0),
(42, 3, 'clutch master cylinder', 'CMC01', 'Pieces', '', '2', '5400', '4500', '6', '1', 0),
(11, 5, 'O ring Kit ', 'OK002', 'Pieces', '', '30', '4', '3', '6', '1', 0),
(12, 5, 'pop rivets', 'poo3', 'Pieces', '', '5', '250', '200', '6', '1', 0),
(13, 5, 'cotton waste rugs', 'C0004', 'Pieces', '', '10', '25', '20', '6', '1', 0),
(14, 5, 'Brake fluid', 'F005', 'Pieces', '', '10', '368', '320', '6', '1', 0),
(15, 5, 'cable ties', 'C006', 'Pieces', '', '10', '60', '50', '6', '1', 0),
(16, 5, 'MASKING TAPE', 'M007', 'Pieces', '', '10', '65', '60', '6', '1', 0),
(17, 1, 'INSULATING TAPE', 'IN008', 'Pieces', '', '6', '55', '46', '6', '1', 0),
(18, 5, 'JUBILEE CLIPS', 'J009', 'Pieces', '', '20', '10', '10', '6', '1', 0),
(19, 5, 'ARADITE', 'AR010', 'Pieces', '', '10', '60', '50', '6', '1', 0),
(20, 5, 'SUPER GLUE', 'S0011', 'Pieces', '', '12', '40', '30', '6', '1', 0),
(21, 5, 'BATTERY TERMINAL', 'BA0012', 'Pieces', '', '30', '25', '15', '6', '1', 0),
(22, 1, 'BRAZING WIRE', 'BR0013', 'Pieces', '', '12', '100', '90', '6', '1', 0),
(23, 5, 'CLEAR SILICON TUBES', 'CL0014', 'Pieces', '', '12', '200', '150', '6', '1', 0),
(24, 5, 'CARBURATOR CLEANER', 'CA0015', 'Pieces', '', '10', '250', '200', '6', '1', 0),
(25, 5, 'DISTILLED WATER', 'DI0016', 'Pieces', '', '12', '120', '100', '6', '1', 0),
(26, 5, 'DRIIL BITS', 'DR00017', 'Pieces', '', '12', '120', '100', '6', '1', 0),
(27, 5, 'DUST MASK', 'DU0018', 'Pieces', '', '4', '120', '100', '6', '1', 0),
(28, 5, 'EMERY PAPERS', 'EM0019', 'Pieces', '', '2', '150`', '140', '6', '1', 0),
(29, 5, 'FRONT REFLECTORS', 'FR0020', 'Pieces', '', '20', '250', '240', '6', '1', 0),
(30, 5, 'HACKSAWB BLADES', 'HA0021', 'Pieces', '', '20', '100', '90', '6', '1', 0),
(31, 5, 'MOLY SLIP GREASE', 'MO 0022', 'Pieces', '', '20', '200', '200', '6', '1', 0),
(32, 5, 'MUTTON CLOTH', 'MU0023', 'Pieces', '', '10', '60', '50', '6', '1', 0),
(33, 5, 'RADIATOR COOLANT', 'RA0024', 'Pieces', '', '24', '590', '510', '6', '1', 0),
(34, 5, 'REAR CHEVRONS', 'RE', 'Pieces', '', '5', '500', '400', '6', '1', 0),
(35, 5, 'REAR REFLECTORS', 'RA0025', 'Pieces', '', '24', '300', '250', '6', '1', 0),
(37, 5, 'WD 40 SPRAY', 'WD0027', 'Pieces', '', '6', '300', '250', '6', '1', 0),
(38, 1, 'WELDING RODS', 'WE0028', 'Pieces', '', '4', '180', '150', '6', '1', 0),
(39, 5, 'DEGREASER DETERGENT', 'DE0029', 'Pieces', '', '5', '900', '800', '6', '1', 0),
(40, 5, 'ASSORTED COPPER WASHER', 'AS0030', 'Pieces', '', '20', '80', '60', '6', '1', 0),
(41, 1, 'ELECTRICAL WIRE', 'EL0031', 'Pieces', '', '3', '1500', '1200', '6', '1', 0),
(43, 1, 'On & Off switch', 'sw', 'Pieces', '', '2', '150', '100', '6', '1', 0),
(44, 1, 'Head light Single Bulb  12v', 'SUB12', 'Pieces', '', '10', '115', '100', '6', '1', 0),
(45, 1, 'Headlight Bulb 24v', 'Bud', 'Pieces', '', '10', '115', '100', '6', '1', 0),
(46, 1, 'Horn fuse amp10', 'HF10', 'Pieces', '', '12', '150', '100', '6', '1', 0),
(47, 1, 'Horn fuse amp15', 'HF15', 'Pieces', '', '10', '150', '100', '6', '1', 0),
(48, 5, 'Omo 500grms', 'OM', 'Pieces', '', '4', '', '145', '6', '1', 0),
(49, 1, 'Head light Single Bulb 24v', 'BS24', 'Pieces', '', '12', '115', '100', '6', '1', 0),
(50, 1, ' Double Bulb 24V', 'DB12', 'Pieces', '', '12', '80', '50', '6', '1', 0),
(51, 1, 'head light bulb h4 24v', 'H424', 'Pieces', '', '12', '410', '355', '6', '1', 0),
(52, 1, 'head light helogen 12v', 'HH12', 'Pieces', '', '12', '120', '100', '6', '1', 0),
(53, 1, 'indicator bulb single 24v', 'IDB24', 'Pieces', '', '12', '173', '150', '6', '1', 0),
(54, 1, 'indicator bulb double 12v', 'IDB12', 'Pieces', '', '12', '58', '50', '6', '1', 0),
(55, 5, 'Starplex grease(caltex)1/2kg', 'SPG', 'Pieces', '', '12', '450', '320', '6', '1', 0),
(56, 3, 'Gear mountain', 'Gm', 'Pieces', '', '2', '2500', '1500', '6', '1', 0),
(57, 2, 'Engine mountain', 'Em', 'Pieces', '', '2', '4500', '3500', '6', '1', 0),
(66, 6, 'Air filter', 'AF', 'Pieces', '', '5', '1265', '1100', '6', '1', 0),
(59, 4, 'Rear shock absorbers', 'RSH AB', 'Pieces', '', '2', '1800', '1200', '6', '1', 0),
(60, 7, 'Kingpin', 'KPN', 'Pieces', '', '2', '4025', '3500', '6', '1', 0),
(61, 4, 'Pilot bearings', 'PIB', 'Pieces', '', '3', '2500', '2000', '6', '1', 0),
(62, 3, 'Upper clutch kit', 'UPPC KIT', 'Pieces', '', '2', '1200', '800', '6', '1', 0),
(63, 4, 'Bottom clutch kit', 'BC KIT', 'Pieces', '', '2', '1500', '800', '6', '1', 0),
(64, 4, 'Ball joints', 'BLL JOI', 'Pieces', '', '4', '2500', '2000', '6', '1', 0),
(65, 4, 'Thyrod', 'thy', 'Pieces', '', '5', '1500', '1000', '6', '1', 0),
(67, 2, 'Isuzu Diesel filter', 'DF', 'Pieces', '', '5', '500', '200', '6', '1', 0),
(68, 2, 'Isuzu oil filter', 'ISZ O FIL', 'Pieces', '', '5', '750', '550', '6', '1', 0),
(69, 2, 'Engine oil 1.5ltrs', 'EOIL', 'Pieces', '', '4', '230', '200', '6', '1', 0),
(70, 5, 'Battery acid', 'BACD', 'Pieces', '', '12', '250', '150', '6', '1', 0),
(71, 5, 'Gear box oil', 'Gbo', 'Pieces', '', '6', '2200', '1890', '6', '1', 0),
(72, 6, 'Diesel lube 54 10LTRS', 'Ds', 'Pieces', '', '12', '3910', '3400', '6', '1', 0),
(73, 5, 'Engine oil 5ltrs multi grade', 'EOMG', 'Pieces', '', '10', '3000', '2050', '6', '1', 0),
(74, 6, 'Air transmission fluid 500ml', 'ATF', 'Pieces', '', '12', '288', '250', '6', '1', 0),
(75, 6, 'Air transmission fluid 5ltrs', 'ATF5', 'Pieces', '', '12', '2200', '1900', '6', '1', 0),
(76, 6, 'Air filterAA090', 'AFAA090-SUBARU LEGACY', 'Pieces', '', '12', '345', '300', '6', '1', 0),
(77, 6, 'Air filterAA070', 'AFAA070-SUBARU FORESTER', 'Pieces', '', '12', '402.5', '350', '6', '1', 0),
(78, 6, 'Air filterP2J-003', 'AFP2J-003-HONDA CRV SQUARE', 'Pieces', '', '12', '345', '300', '6', '1', 0),
(79, 6, 'Air filterPNB003', 'AFPNB003-HONDA CVR CYLINDER', 'Pieces', '', '12', '403', '350', '6', '1', 0),
(80, 6, 'Air filterEB300', 'AFEB300-NISSAN NARAVA', 'Pieces', '', '12', '460', '400', '6', '1', 0),
(82, 6, 'Air filteB1010', 'AF1010-TOYOTA RUSH', 'Pieces', '', '12', '460', '400', '6', '1', 0),
(83, 6, 'Air filterPWJ-A10', 'AFPWL-A10-HONDA FIT&HONDA AIRWAVE', 'Pieces', '', '12', '633', '550', '6', '1', 0),
(84, 6, 'Air filter67060', 'AF67060-PRADO', 'Pieces', '', '12', '633', '550', '6', '1', 0),
(85, 6, 'Air filter4M400', 'ATF4M400', 'Pieces', '', '12', '575', '500', '6', '1', 0),
(86, 6, 'Air filter11050', 'AF11050 starlet/duet', 'Pieces', '', '12', '253', '220', '6', '1', 0),
(87, 6, 'Air filter11090', 'AF11090- corolla AE90/100', 'Pieces', '', '12', '230', '200', '6', '1', 0),
(88, 6, 'Air filter15070', 'AF15070- Corolla 110', 'Pieces', '', '6', '230', '200', '6', '1', 0),
(89, 6, 'Air filter16020', 'AF16020-caldina', 'Pieces', '', '6', '230', '200', '6', '1', 0),
(90, 6, 'Air filter21030', 'ATF21030-probox/succeed', 'Pieces', '', '6', '230', '200', '6', '1', 0),
(91, 6, 'Air filter21050', 'ATF21050-corolla ZZE,New fielder, premio', 'Pieces', '', '6', '230', '200', '6', '1', 0),
(92, 6, 'Air filter22020', 'AF22020-NZE,Premio,allex,Noah,Fielder,Voxy,Wish', 'Pieces', '', '6', '230', '200', '6', '1', 0),
(93, 6, 'Air filter23030', 'AF23030-Vitz/platz', 'Pieces', '', '6', '230', '200', '6', '1', 0),
(94, 6, 'Air filter35020', 'ATF35020-TOWNACE,NOAH OLD MODEL', 'Pieces', '', '6', '253', '220', '6', '1', 0),
(95, 6, 'Air filter73C10', 'ATF73C10-NISSAN B14', 'Pieces', '', '6', '230', '200', '6', '1', 0),
(96, 6, 'Air filter74020', 'AF74020-PREMIOM /CARINA', 'Pieces', '', '6', '253', '220', '6', '1', 0),
(97, 6, 'Air filter77A10', 'AF77A10-NISSAN B13', 'Pieces', '', '6', '253', '220', '6', '1', 0),
(98, 6, 'Air filter41B00', 'AF41B00- NISSAN MARCH', 'Pieces', '', '6', '253', '220', '6', '1', 0),
(99, 6, 'Air filterV0100', 'AFV0100NISSANB15.WINGROAD,SUBARU', 'Pieces', '', '6', '253', '220', '6', '1', 0),
(100, 6, 'Air filter20040', 'AF20040-Rav4,Kluger,Harrier', 'Pieces', '', '6', '288', '250', '6', '1', 0),
(101, 6, 'Air filter2810', 'AF28010-RAV 4', 'Pieces', '', '6', '288', '250', '6', '1', 0),
(102, 6, 'Air filter70050', 'AF70050-RAV 4', 'Pieces', '', '6', '288', '250', '6', '1', 0),
(103, 6, 'Air filter74060', 'AF74060-HARRIER NEW MODEL', 'Pieces', '', '6', '345', '300', '6', '1', 0),
(104, 6, 'Air filterMv188', 'AFMR188657-Mitsubishi lancer', 'Pieces', '', '6', '253', '250', '6', '1', 0),
(105, 6, 'Air filterMv266', 'AMR266849-MITSUBISHI GALANT', 'Pieces', '', '6', '288', '250', '6', '1', 0),
(106, 6, 'Air filter22600', 'AF22600-Nissan,Vernette', 'Pieces', '', '6', '345', '300', '6', '1', 0),
(107, 6, 'Spark plugs 8H516', 'SP8H516', 'Pieces', '', '6', '445', '400', '6', '1', 0),
(108, 5, 'ENGINE OIL4LTRS', 'EOL4', 'Pieces', '', '4', '1300', '1300', '6', '1', 0),
(109, 6, 'Air filterED500', 'AFED500-NISSAN TIIDA,NOTE,NEW WING ROAD', 'Pieces', '', '12', '288', '250', '6', '1', 0),
(110, 6, 'Air filte31110', 'AF31110-MARK X', 'Pieces', '', '12', '403', '350', '6', '1', 0),
(111, 6, 'Air filter31120', 'AF31120 RAV 4', 'Pieces', '', '12', '345', '300', '6', '1', 0),
(112, 6, 'Air filter50040', 'AF50040-LAND CRUISER PRADO', 'Pieces', '', '12', '403', '350', '6', '1', 0),
(113, 6, 'Air filter97402', 'AF97402-PASSO', 'Pieces', '', '12', '345', '300', '6', '1', 0),
(114, 6, 'Air filter47010', 'AF47010-Air conditioner toyota', 'Pieces', '', '12', '403', '350', '6', '1', 0),
(115, 6, 'Fuel FilterMB220900', 'FFMB220900', 'Pieces', '', '12', '253', '220', '6', '1', 0),
(116, 6, 'Fuel Filter64010', 'FF64010', 'Pieces', '', '12', '253', '220', '6', '1', 0),
(117, 6, 'Oil Filter Toyota10001/03001', 'OF10001/03001', 'Pieces', '', '6', '115', '100', '6', '1', 0),
(118, 6, 'Oil Filter Toyota03006', 'OF03006 TOYOTA', 'Pieces', '', '6', '288', '250', '6', '1', 0),
(119, 6, 'Oil Filter Nissan65F00', 'OF65F00 Nissan', 'Pieces', '', '6', '138', '120', '6', '1', 0),
(120, 6, 'Oil Filter Mark x-31020/80', 'OF31020/80 Mark x-31020/80', 'Pieces', '', '6', '288', '250', '6', '1', 0),
(121, 6, 'Oil Filter Toyota Passo-37010', 'OF37010 Toyota passo', 'Pieces', '', '6', '288', '250', '6', '1', 0),
(122, 6, 'Oil Filter 20001/30002', 'OF20001/30002', 'Pieces', '', '6', '173', '150', '6', '1', 0),
(123, 6, 'Oil Filter MD135737', 'OFMD135737', 'Pieces', '', '6', '138', '120', '6', '1', 0),
(124, 6, 'Spark Plugs BKR6E2756', 'SPBKR6E2756', 'Pieces', '', '12', '202', '175', '6', '1', 0),
(125, 6, 'Spark Plugs BP6ES-7811', 'SPBP6ES7811', 'Pieces', '', '12', '173', '150', '6', '1', 0),
(126, 6, 'Spark Plugs BP6EY-6278', 'SPBP6EY6278', 'Pieces', '', '12', '173', '150', '6', '1', 0),
(127, 6, 'Spark Plugs BCP5ES-7810', 'SPBCP5ES7810', 'Pieces', '', '12', '184', '150', '6', '1', 0),
(128, 6, 'Spark plugs BKR6EYA4195', 'SP BKR6EYA4195', 'Pieces', '', '12', '215', '188', '6', '1', 0),
(129, 6, 'Spark Plugs Denso K16Single', 'SPDK16S', 'Pieces', '', '12', '190', '165', '6', '1', 0),
(130, 6, 'Spark Plugs Denso K16Double', 'SPDK16D', 'Pieces', '', '12', '202', '175', '6', '1', 0),
(131, 6, 'Spark Plugs Denso Q20 Single', 'SPDQ20S', 'Pieces', '', '12', '173', '150', '6', '1', 0),
(132, 6, 'Spark Plugs  K20Double', 'SPK20D', 'Pieces', '', '12', '207', '180', '6', '1', 0),
(133, 6, 'Air filter06050', 'AF06050', 'Pieces', '', '12', '518', '450', '6', '1', 0),
(134, 7, 'Clutch plate ', 'cp', 'Pieces', '', '4', '5175', '4500', '6', '1', 0),
(135, 7, 'Pressure plate corolla 110', 'PPC110', 'Pieces', '', '4', '6325', '5000', '6', '1', 0),
(136, 6, 'Oil Filter Probox petrol', 'OF(Probox petrol)', 'Pieces', '', '4', '173', '150', '6', '1', 0),
(138, 6, 'Air filter50060', 'AF50060 TOYOTA CROWN', 'Pieces', '', '12', '460', '400', '6', '1', 0),
(139, 1, 'horn relay', 'HR', 'Pieces', '', '24', '805', '700', '6', '1', 0),
(140, 1, 'RADIO', '', 'Pieces', '', '', '8500', '8000', '6', '1', 0),
(141, 1, 'battery', '', 'Pieces', '', '', '24500', '24000', '6', '1', 0),
(143, 6, 'Fuel Filterz700', 'FFZ700 ISUZU NQR', 'Pieces', '', '', '173', '150', '6', '1', 0),
(144, 6, 'Oil Filter6DBOB-0309-A', 'OF6DBOB ISUZU NQR', 'Pieces', '', '12', '747', '650', '6', '1', 0),
(145, 6, 'Air Cleaner NQR', 'AC ISUZU NQR', 'Pieces', '', '6', '2130', '1850', '6', '1', 0),
(146, 7, 'Brake padsKD2718', 'BK2718 camry,vista,carina ED,carina,gracia,caldinaa', 'Pieces', '', '12', '980', '850', '6', '1', 0),
(147, 7, 'Brake padsKD2780', 'BPKD2780 corolla saloon', 'Pieces', '', '12', '1495', '1300', '6', '1', 0),
(148, 7, 'Brake padsKD2701', 'BPKD2701platz,vitz,probox succed', 'Pieces', '', '6', '980', '850', '6', '1', 0),
(149, 7, 'tie rod end', '', 'Pieces', '', '', '9200', '8000', '6', '1', 0),
(150, 7, 'drag links', '', 'Pieces', '', '', '14950', '13000', '6', '1', 0),
(151, 7, 'Brake padsKD2725', 'BPKD2725 sunny,lucino,bluebird,wingroad,ad van,expert', 'Pieces', '', '6', '980', '850', '6', '1', 0),
(152, 7, 'Brake padsKD2203', 'BPKD2203 Hilux srf,land cruiser,cruiser prado', 'Pieces', '', '6', '1035', '900', '6', '1', 0),
(153, 7, 'Brake padsKD2208', 'BPKD2208 land cruiser', 'Pieces', '', '6', '1150', '1000', '6', '1', 0),
(154, 7, 'Brake padsKD2798', 'BPKD2798 Avensis(T25)', 'Pieces', '', '6', '1495', '1300', '6', '1', 0),
(155, 7, 'Brake padsKD2740', 'BPKD2740 Camry,Vista,Kluger V', 'Pieces', '', '6', '863', '750', '6', '1', 0),
(156, 7, 'Brake padsKD2457', 'BPKD2457 Kluger V', 'Pieces', '', '6', '1035', '950', '6', '1', 0),
(157, 7, 'Brake padsKD1740', 'BPKD1740 Nissan march1400BK12,Tilda cube1400BZ', 'Pieces', '', '6', '1150', '1000', '6', '1', 0),
(158, 7, 'Brake padsKD2739', 'BPKD2739 wish', 'Pieces', '', '6', '1035', '900', '6', '1', 0),
(159, 7, 'Brake padsKD2776', 'BPKD2776 camry,corolla,tersel,corsa,starlet corolla', 'Pieces', '', '6', '863', '750', '6', '1', 0),
(160, 7, 'Brake padsKD1739', 'BPKD1739 primera,primera wagon,taena.skylive,fairlady', 'Pieces', '', '6', '980', '850', '6', '1', 0),
(161, 7, 'Brake padsKD1735', 'BPKD1735', 'Pieces', '', '12', '1035', '900', '6', '1', 0),
(163, 7, 'Brake padsGDB7075S', 'BPGDN7075S', 'Pieces', '', '12', '1150', '950', '6', '1', 0),
(164, 6, 'Battery Water', 'BW', 'Pieces', '', '', '150', '120', '6', '1', 0),
(165, 6, 'ENGINE DIESEL  OIL10LTRS', '', 'Pieces', '', '', '3910', '3400', '6', '1', 0),
(167, 6, 'Rear Wheel outer 4.3 8-89448094-0', 'RWO 4.3 8-89448094-0 ISUZU NQR', 'Pieces', '', '', '575', '500', '6', '1', 0),
(168, 6, 'Rear Wheel inner1-03434659-0', 'RWI 1-03434659-0 ISUZU NQR', 'Pieces', '', '4', '575', '500', '6', '1', 0),
(170, 6, 'Front inner seal 8-942481171-0 ', 'FIS8-942481171-0 ISUZU NQR', 'Pieces', '', '', '348', '300', '6', '1', 0),
(171, 7, 'Brake padsKD2607', 'BPKD2607/06', 'Pieces', '', '6', '1035', '900', '6', '1', 0),
(172, 7, 'Brake pads liningX288', 'BPLX288 toyota', 'Pieces', '', '6', '750', '600', '6', '1', 0),
(173, 7, 'Brake pads liningAK2342', 'AK2342 toyota', 'Pieces', '', '6', '747', '650', '6', '1', 0),
(175, 7, 'Brake  lining(BL4 ISUZUVL.310.1)', 'BPLNQ', 'Pieces', '', '4', '500', '433', '6', '1', 0),
(176, 7, 'Brake lining ProboxBS-K2358', 'BS-K2358 toyota probox platz, succed', 'Pieces', '', '6', '1380', '1200', '6', '1', 0),
(177, 7, 'ATF MERC D2', '', 'Pieces', '', '1', '3680', '3200', '6', '1', 0),
(178, 5, 'PATCHES No1', 'P1', 'Pieces', '', '2', '20', '15', '6', '1', 0),
(179, 5, 'PATCHES No2', 'P2', 'Pieces', '', '12', '23', '20', '6', '1', 0),
(180, 5, 'PATCHES No3', 'P3', 'Pieces', '', '12', '30', '26', '6', '1', 0),
(181, 5, 'CURB  CLEANER', 'CP', 'Pieces', '', '6', '550', '550', '6', '1', 0),
(182, 6, 'DUST SHAFTBOOT', 'DSB', 'Pieces', '', '', '1300', '1000', '6', '1', 0),
(183, 5, 'SOLUTION TINS 500GM', 'SL', 'Pieces', '', '2', '1760', '1760', '6', '1', 0),
(184, 5, 'CFC CEMENT FREE', 'CFC FREE', 'Pieces', '', '2', '1040', '1040', '6', '1', 0),
(185, 5, 'GATEX TUBELESS STRINGS', 'GATEX', 'Pieces', '', '12', '20', '17', '6', '1', 0),
(186, 5, 'INSERTING TOOL4IN 1', '4 IN 1', 'Pieces', '', '1', '1000', '1000', '6', '1', 0),
(188, 5, 'POP RIVERTS', 'POP RIVERTS', 'Pieces', '', '300', '2', '1', '6', '1', 0),
(189, 5, 'ARADATE RAPID', 'ARDT', 'Pieces', '', '', '350', '350', '6', '1', 0),
(190, 5, 'Oil filter remover', 'O F R', 'Pieces', '', '5', '600', '600', '6', '1', 0),
(191, 5, 'SILICONE GREY SMALL', 'SIL GREY', 'Pieces', '', '', '230', '200', '6', '1', 0),
(192, 5, 'SILICONE CLEAR SMALL', 'SIL CLEAR', 'Pieces', '', '', '230', '200', '6', '1', 0),
(193, 6, 'SHOCK ABRSOBERS', '', 'Pieces', '', '', '9775', '8500', '6', '1', 0),
(194, 6, 'STABILIZER LINKS', '', 'Pieces', '', '', '4025', '3500', '6', '1', 0),
(195, 6, 'Front arm bushes kit', '', 'Pieces', '', '', '2300', '2000', '6', '1', 0),
(196, 2, 'ENGINE DIESEL  OIL 20LTRS', '', 'Pieces', '', '', '7820', '6800', '6', '1', 0),
(197, 6, 'Break rubber', 'B R', 'Pieces', '', '', '2300', '2000', '6', '1', 0),
(198, 7, 'Front outer Bearing  32207jr', 'FOB3220JR ISUZU NQR', 'Pieces', '', '', '575', '500', '6', '1', 0),
(199, 7, 'Rear inner bearing28680/22102', 'RIB28680/22 ISUZU NQR', 'Pieces', '', '', '1040', '1000', '6', '1', 0),
(200, 7, 'Tempareture guage ', '', 'Pieces', '', '', '1150', '1000', '6', '1', 0),
(201, 6, 'rear inner outer 30213l1-06', 'RIN 302113J ISUZU NQR', 'Pieces', '', '', '1380', '1200', '6', '1', 0),
(202, 6, 'Front inner Bearing  32210j1-08', 'FIB32240J1-08 ISUZU NQR', 'Pieces', '', '', '750', '650', '6', '1', 0),
(210, 7, 'Gasket isuzu NQR', '', 'Pieces', '', '', '230', '200', '6', '1', 0),
(203, 6, 'Oil filter DE014 SCOPIO', 'DE014', 'Pieces', '', '', '4370', '3800', '6', '1', 0),
(204, 7, 'Upper harm bushes Scopio 2', '', 'Pieces', '', '', '4370', '3800', '6', '1', 0),
(205, 7, 'Brake pads Scopio', '', 'Pieces', '', '', '5750', '5000', '6', '1', 0),
(206, 7, 'Shocks absorber ( front) scopio', '', 'Pieces', '', '', '9775', '8500', '6', '1', 0),
(207, 6, 'Diesel filter scopio', '', 'Pieces', '', '', '690', '600', '6', '1', 0),
(208, 6, 'Air cleaner (scopio)', '', 'Pieces', '', '', '5175', '4500', '6', '1', 0),
(209, 7, 'CRANK SHAFT SENSOR', '', 'Pieces', '', '', '4025', '3500', '6', '1', 0),
(211, 6, 'Oil Filter Toyota Harrier', '90915-10004', 'Pieces', '', '3', '517', '450', '6', '1', 0),
(213, 6, 'PETROL( UNLEADED)', 'P', 'Pieces', '', '', '102', '102', '6', '1', 0),
(214, 6, 'A.T.F 500ML', '', 'Pieces', '', '12', '290', '250', '6', '1', 0);

-- --------------------------------------------------------

--
-- Table structure for table `product_categories`
--

CREATE TABLE IF NOT EXISTS `product_categories` (
  `cat_id` int(10) unsigned NOT NULL AUTO_INCREMENT,
  `cat_name` varchar(45) COLLATE latin1_general_ci NOT NULL,
  `cat_desc` longtext COLLATE latin1_general_ci NOT NULL,
  PRIMARY KEY (`cat_id`)
) ENGINE=MyISAM  DEFAULT CHARSET=latin1 COLLATE=latin1_general_ci AUTO_INCREMENT=11 ;

--
-- Dumping data for table `product_categories`
--

INSERT INTO `product_categories` (`cat_id`, `cat_name`, `cat_desc`) VALUES
(1, 'Electrical Parts', ''),
(2, 'Engine Parts', ''),
(3, 'Chassis Parts', ''),
(4, 'Body Parts', ''),
(5, 'Consumables', ''),
(6, 'service parts', ''),
(7, 'Repair parts', '');

-- --------------------------------------------------------

--
-- Table structure for table `purchases_ledger`
--

CREATE TABLE IF NOT EXISTS `purchases_ledger` (
  `transaction_id` int(10) NOT NULL AUTO_INCREMENT,
  `transactions` varchar(100) NOT NULL,
  `amount` varchar(100) NOT NULL,
  `debit` varchar(100) NOT NULL,
  `credit` varchar(100) NOT NULL,
  `currency_code` int(10) NOT NULL,
  `curr_rate` varchar(100) NOT NULL,
  `date_recorded` timestamp NOT NULL DEFAULT CURRENT_TIMESTAMP,
  `order_code` varchar(100) NOT NULL,
  PRIMARY KEY (`transaction_id`)
) ENGINE=MyISAM  DEFAULT CHARSET=latin1 AUTO_INCREMENT=122 ;

--
-- Dumping data for table `purchases_ledger`
--

INSERT INTO `purchases_ledger` (`transaction_id`, `transactions`, `amount`, `debit`, `credit`, `currency_code`, `curr_rate`, `date_recorded`, `order_code`) VALUES
(1, 'Received 2 O ring Kit - 3 inch (Pieces) into the warehouse', '240', '240', '', 6, '1', '2014-12-20 23:43:35', 'recp1'),
(2, 'Received 21 O ring Kit - 2 inch (Pieces) into the warehouse', '2730', '2730', '', 6, '1', '2014-12-20 23:43:48', 'recp2'),
(3, 'Received 36 O ring Kit - 3 inch (Pieces) into the warehouse', '4320', '4320', '', 6, '1', '2014-12-20 23:44:06', 'recp3'),
(4, 'Received 34 O ring Kit - 3 inch (Pieces) into the warehouse', '4080', '4080', '', 6, '1', '2014-12-20 23:45:36', 'recp4'),
(5, 'Received 3 O ring Kit - 2 inch (Pieces) into the warehouse', '390', '390', '', 6, '1', '2014-12-20 23:45:45', 'recp5'),
(6, 'Cancel Purchase Order LPO No:BD0005/2014 (CANCELLED)', '-', '', '', 6, '1', '2014-12-25 03:50:59', 'cancpo5'),
(7, 'Cancel Purchase Order LPO No:BD0004/2014 (CANCELED)', '-', '', '', 6, '1', '2014-12-25 03:51:15', 'cancpo4'),
(8, 'Cancel Purchase Order LPO No:BD0003/2014 (CANCELED)', '-', '', '', 6, '1', '2014-12-25 03:51:50', 'cancpo3'),
(9, 'Cancel Purchase Order LPO No:BD0001/2014 (CANCELED)', '-', '', '', 6, '1', '2014-12-25 03:52:07', 'cancpo1'),
(10, 'Received 4 AT transmission (Pieces) into the warehouse', '3560', '3560', '', 6, '1', '2015-01-04 00:09:48', 'recp6'),
(11, 'Received 10 Spark Plugs BKR6E2756 (Pieces) into the warehouse', '1750', '1750', '', 6, '1', '2015-01-08 01:17:06', 'recp7'),
(12, 'Received 8 Spark Plugs BP6ES-7811 (Pieces) into the warehouse', '1200', '1200', '', 6, '1', '2015-01-08 01:17:20', 'recp8'),
(13, 'Received 8 Spark Plugs BP6EY-6278 (Pieces) into the warehouse', '1200', '1200', '', 6, '1', '2015-01-08 01:17:35', 'recp9'),
(14, 'Received 10 Spark Plugs BCP5ES-7810 (Pieces) into the warehouse', '1600', '1600', '', 6, '1', '2015-01-08 01:17:48', 'recp10'),
(15, 'Received 8 Spark plugs BKR6EYA4195 (Pieces) into the warehouse', '1500', '1500', '', 6, '1', '2015-01-08 01:18:01', 'recp11'),
(16, 'Received 10 Spark Plugs Denso K16Single (Pieces) into the warehouse', '1650', '1650', '', 6, '1', '2015-01-08 01:18:16', 'recp12'),
(17, 'Received 10 Spark Plugs Denso K16Double (Pieces) into the warehouse', '1750', '1750', '', 6, '1', '2015-01-08 01:18:31', 'recp13'),
(18, 'Received 10 Spark Plugs Denso Q20 Single (Pieces) into the warehouse', '1500', '1500', '', 6, '1', '2015-01-08 01:18:41', 'recp14'),
(19, 'Received 10 Spark Plugs  K20Double (Pieces) into the warehouse', '1800', '1800', '', 6, '1', '2015-01-08 01:18:54', 'recp15'),
(20, 'Received 2 Air filterAA090 (Pieces) into the warehouse', '600', '600', '', 6, '1', '2015-01-08 01:20:52', 'recp16'),
(21, 'Received 2 Air filterAA070 (Pieces) into the warehouse', '700', '700', '', 6, '1', '2015-01-08 01:21:01', 'recp17'),
(22, 'Received 2 Air filterP2J-003 (Pieces) into the warehouse', '600', '600', '', 6, '1', '2015-01-08 01:21:12', 'recp18'),
(23, 'Received 2 Air filterPNB003 (Pieces) into the warehouse', '700', '700', '', 6, '1', '2015-01-08 01:21:26', 'recp19'),
(24, 'Received 2 Air filterEB300 (Pieces) into the warehouse', '800', '800', '', 6, '1', '2015-01-08 01:21:36', 'recp20'),
(25, 'Received 2 Air filter50060 (Pieces) into the warehouse', '800', '800', '', 6, '1', '2015-01-08 01:21:53', 'recp21'),
(26, 'Received 4 Air filteB1010 (Pieces) into the warehouse', '1600', '1600', '', 6, '1', '2015-01-08 01:22:05', 'recp22'),
(27, 'Received 2 Air filterPWJ-A10 (Pieces) into the warehouse', '1100', '1100', '', 6, '1', '2015-01-08 01:22:23', 'recp23'),
(28, 'Received 2 Air filter67060 (Pieces) into the warehouse', '1100', '1100', '', 6, '1', '2015-01-08 01:22:34', 'recp24'),
(29, 'Received 2 Air filter47010 (Pieces) into the warehouse', '700', '700', '', 6, '1', '2015-01-08 01:22:47', 'recp25'),
(30, 'Received 2 Air filter4M400 (Pieces) into the warehouse', '1000', '1000', '', 6, '1', '2015-01-08 01:22:59', 'recp26'),
(31, 'Received 10 Spark plugs 8H516 (Pieces) into the warehouse', '4000', '4000', '', 6, '1', '2015-01-08 01:23:48', 'recp27'),
(32, 'Received 6 Air filter11050 (Pieces) into the warehouse', '1200', '1200', '', 6, '1', '2015-01-08 01:24:17', 'recp28'),
(33, 'Received 6 Air filter11090 (Pieces) into the warehouse', '1200', '1200', '', 6, '1', '2015-01-08 01:24:30', 'recp29'),
(34, 'Received 6 Air filter15070 (Pieces) into the warehouse', '1200', '1200', '', 6, '1', '2015-01-08 01:24:39', 'recp30'),
(35, 'Received 6 Air filter16020 (Pieces) into the warehouse', '1200', '1200', '', 6, '1', '2015-01-08 01:24:48', 'recp31'),
(36, 'Received 6 Air filter21030 (Pieces) into the warehouse', '1200', '1200', '', 6, '1', '2015-01-08 01:24:59', 'recp32'),
(37, 'Received 12 Air filter21050 (Pieces) into the warehouse', '2640', '2640', '', 6, '1', '2015-01-08 01:26:19', 'recp33'),
(38, 'Received 12 Air filter22020 (Pieces) into the warehouse', '2400', '2400', '', 6, '1', '2015-01-08 01:26:34', 'recp34'),
(39, 'Received 6 Air filter23030 (Pieces) into the warehouse', '1200', '1200', '', 6, '1', '2015-01-08 01:26:49', 'recp35'),
(40, 'Received 2 Air filter35020 (Pieces) into the warehouse', '440', '440', '', 6, '1', '2015-01-08 01:28:03', 'recp36'),
(41, 'Received 6 Air filter74020 (Pieces) into the warehouse', '1320', '1320', '', 6, '1', '2015-01-08 01:28:14', 'recp37'),
(42, 'Received 6 Air filter73C10 (Pieces) into the warehouse', '1200', '1200', '', 6, '1', '2015-01-08 01:28:33', 'recp38'),
(43, 'Received 6 Air filter77A10 (Pieces) into the warehouse', '1320', '1320', '', 6, '1', '2015-01-08 01:29:48', 'recp39'),
(44, 'Received 6 Air filter41B00 (Pieces) into the warehouse', '1320', '1320', '', 6, '1', '2015-01-08 01:29:59', 'recp40'),
(45, 'Received 12 Air filterV0100 (Pieces) into the warehouse', '2640', '2640', '', 6, '1', '2015-01-08 01:30:54', 'recp41'),
(46, 'Received 6 Air filter20040 (Pieces) into the warehouse', '1500', '1500', '', 6, '1', '2015-01-08 01:31:03', 'recp42'),
(47, 'Received 6 Air filter2810 (Pieces) into the warehouse', '1500', '1500', '', 6, '1', '2015-01-08 01:31:16', 'recp43'),
(48, 'Received 2 Air filter70050 (Pieces) into the warehouse', '500', '500', '', 6, '1', '2015-01-08 01:31:25', 'recp44'),
(49, 'Received 2 Air filter74060 (Pieces) into the warehouse', '600', '600', '', 6, '1', '2015-01-08 01:31:38', 'recp45'),
(50, 'Received 2 Air filterMv188 (Pieces) into the warehouse', '500', '500', '', 6, '1', '2015-01-08 01:31:50', 'recp46'),
(51, 'Received 2 Air filterMv266 (Pieces) into the warehouse', '500', '500', '', 6, '1', '2015-01-08 01:32:02', 'recp47'),
(52, 'Received 2 Air filter22600 (Pieces) into the warehouse', '600', '600', '', 6, '1', '2015-01-08 01:32:20', 'recp48'),
(53, 'Received 2 Air filterED500 (Pieces) into the warehouse', '500', '500', '', 6, '1', '2015-01-08 01:32:31', 'recp49'),
(54, 'Received 2 Air filte31110 (Pieces) into the warehouse', '700', '700', '', 6, '1', '2015-01-08 01:32:41', 'recp50'),
(55, 'Received 2 Air filter31120 (Pieces) into the warehouse', '600', '600', '', 6, '1', '2015-01-08 01:33:10', 'recp51'),
(56, 'Received 2 Air filter50040 (Pieces) into the warehouse', '700', '700', '', 6, '1', '2015-01-08 01:33:22', 'recp52'),
(57, 'Received 2 Air filter97402 (Pieces) into the warehouse', '600', '600', '', 6, '1', '2015-01-08 01:33:35', 'recp53'),
(58, 'Received 12 Fuel FilterMB220900 (Pieces) into the warehouse', '2640', '2640', '', 6, '1', '2015-01-08 01:34:25', 'recp54'),
(59, 'Received 12 Fuel Filter64010 (Pieces) into the warehouse', '2640', '2640', '', 6, '1', '2015-01-08 01:34:33', 'recp55'),
(60, 'Received 12 Oil Filter Toyota10001/03001 (Pieces) into the warehouse', '1200', '1200', '', 6, '1', '2015-01-08 01:34:41', 'recp56'),
(61, 'Received 12 Oil Filter Toyota03006 (Pieces) into the warehouse', '3000', '3000', '', 6, '1', '2015-01-08 01:34:52', 'recp57'),
(62, 'Received 12 Oil Filter Nissan65F00 (Pieces) into the warehouse', '1440', '1440', '', 6, '1', '2015-01-08 01:35:07', 'recp58'),
(63, 'Received 12 Oil Filter Mark x-31020/80 (Pieces) into the warehouse', '3000', '3000', '', 6, '1', '2015-01-08 01:35:22', 'recp59'),
(64, 'Received 12 Oil Filter Toyota Passo-37010 (Pieces) into the warehouse', '3000', '3000', '', 6, '1', '2015-01-08 01:35:32', 'recp60'),
(65, 'Received 12 Oil Filter 20001/30002 (Pieces) into the warehouse', '1800', '1800', '', 6, '1', '2015-01-08 01:35:44', 'recp61'),
(66, 'Received 12 Oil Filter MD135737 (Pieces) into the warehouse', '1440', '1440', '', 6, '1', '2015-01-08 01:35:56', 'recp62'),
(67, 'Received 2 Brake padsKD2718 (Pieces) into the warehouse', '1700', '1700', '', 6, '1', '2015-01-11 20:18:03', 'recp63'),
(68, 'Received 2 Brake padsKD2780 (Pieces) into the warehouse', '2600', '2600', '', 6, '1', '2015-01-11 20:18:15', 'recp64'),
(69, 'Received 2 Brake padsKD2701 (Pieces) into the warehouse', '1700', '1700', '', 6, '1', '2015-01-11 20:18:23', 'recp65'),
(70, 'Received 2 Brake padsKD2725 (Pieces) into the warehouse', '1700', '1700', '', 6, '1', '2015-01-11 20:18:33', 'recp66'),
(71, 'Received 2 Brake padsKD2203 (Pieces) into the warehouse', '1800', '1800', '', 6, '1', '2015-01-11 20:18:43', 'recp67'),
(72, 'Received 1 Brake padsKD2208 (Pieces) into the warehouse', '1000', '1000', '', 6, '1', '2015-01-11 20:24:03', 'recp68'),
(73, 'Received 2 Brake padsKD2798 (Pieces) into the warehouse', '2600', '2600', '', 6, '1', '2015-01-11 20:24:14', 'recp69'),
(74, 'Received 2 Brake padsKD2740 (Pieces) into the warehouse', '1500', '1500', '', 6, '1', '2015-01-11 20:24:27', 'recp70'),
(75, 'Received 1 Brake padsKD2457 (Pieces) into the warehouse', '950', '950', '', 6, '1', '2015-01-11 20:24:45', 'recp71'),
(76, 'Received 1 Brake padsKD1740 (Pieces) into the warehouse', '1000', '1000', '', 6, '1', '2015-01-11 20:25:13', 'recp72'),
(77, 'Received 2 Brake padsKD2739 (Pieces) into the warehouse', '1800', '1800', '', 6, '1', '2015-01-11 20:25:27', 'recp73'),
(78, 'Received 2 Brake padsKD2776 (Pieces) into the warehouse', '1500', '1500', '', 6, '1', '2015-01-11 20:25:36', 'recp74'),
(79, 'Received 2 Brake padsKD1739 (Pieces) into the warehouse', '1700', '1700', '', 6, '1', '2015-01-11 20:25:45', 'recp75'),
(80, 'Received 2 Brake padsKD1735 (Pieces) into the warehouse', '1800', '1800', '', 6, '1', '2015-01-11 20:25:59', 'recp76'),
(81, 'Received 2 Brake padsKD2606/07 (Pieces) into the warehouse', '1800', '1800', '', 6, '1', '2015-01-11 20:26:09', 'recp77'),
(82, 'Received 2 Brake pads liningX288 (Pieces) into the warehouse', '1200', '1200', '', 6, '1', '2015-01-11 20:26:19', 'recp78'),
(83, 'Received 2 Brake pads liningAK2342 (Pieces) into the warehouse', '1300', '1300', '', 6, '1', '2015-01-11 20:26:30', 'recp79'),
(84, 'Received 2 Brake padsGDB7075S (Pieces) into the warehouse', '1900', '1900', '', 6, '1', '2015-01-11 20:26:42', 'recp80'),
(85, 'Received 2 Brake  liningNQR (Pieces) into the warehouse', '2600', '2600', '', 6, '1', '2015-01-11 20:27:00', 'recp81'),
(86, 'Received 2 Brake lining ProboxBS-K2358 (Pieces) into the warehouse', '2400', '2400', '', 6, '1', '2015-01-11 20:27:11', 'recp82'),
(87, 'Received 12 Fuel Filterz700 (Pieces) into the warehouse', '1800', '1800', '', 6, '1', '2015-01-11 20:27:32', 'recp83'),
(88, 'Received 12 Oil Filter6DBOB-0309-A (Pieces) into the warehouse', '7800', '7800', '', 6, '1', '2015-01-11 20:27:40', 'recp84'),
(89, 'Received 12 Air Cleaner NQR (Pieces) into the warehouse', '22200', '22200', '', 6, '1', '2015-01-11 20:27:47', 'recp85'),
(90, 'Received 1 CUP CLEANER (Pieces) into the warehouse', '550', '550', '', 6, '1', '2015-01-15 01:22:19', 'recp86'),
(91, 'Received 2 SILICONE CLEAR SMALL (Pieces) into the warehouse', '400', '400', '', 6, '1', '2015-01-15 03:28:51', 'recp87'),
(92, 'Received 2 SILICONE GREY SMALL (Pieces) into the warehouse', '400', '400', '', 6, '1', '2015-01-15 03:29:13', 'recp88'),
(93, 'Received 2 INSULATING TAPE (Pieces) into the warehouse', '100', '100', '', 6, '1', '2015-01-15 03:29:28', 'recp89'),
(94, 'Received 18 INSULATING TAPE (Pieces) into the warehouse', '900', '900', '', 6, '1', '2015-01-15 03:29:45', 'recp90'),
(95, 'Received 1 PATCHES No1 (Pieces) into the warehouse', '368', '368', '', 6, '1', '2015-01-15 03:30:39', 'recp91'),
(96, 'Received 1 PATCHES No2 (Pieces) into the warehouse', '600', '600', '', 6, '1', '2015-01-15 03:30:48', 'recp92'),
(97, 'Received 1 PATCHES No3 (Pieces) into the warehouse', '792', '792', '', 6, '1', '2015-01-15 03:30:56', 'recp93'),
(98, 'Received 1 SOLUTION TINS 500GM (Pieces) into the warehouse', '1760', '1760', '', 6, '1', '2015-01-15 03:31:04', 'recp94'),
(99, 'Received 30 GATEX TUBELESS STRINGS (Pieces) into the warehouse', '499.8', '499.8', '', 6, '1', '2015-01-15 03:31:19', 'recp95'),
(100, 'Received 1 CFC CEMENT FREE (Pieces) into the warehouse', '1040', '1040', '', 6, '1', '2015-01-15 03:31:28', 'recp96'),
(101, 'Received 1 INSERTING TOOL4IN 1 (Pieces) into the warehouse', '1000', '1000', '', 6, '1', '2015-01-15 03:31:44', 'recp97'),
(102, 'Received 2 VALVE KEY (Pieces) into the warehouse', '300', '300', '', 6, '1', '2015-01-15 03:31:55', 'recp98'),
(103, 'Received 500 POP RIVERTS (Pieces) into the warehouse', '500', '500', '', 6, '1', '2015-01-15 03:32:09', 'recp99'),
(104, 'Received 468 O ring Kit  (Pieces) into the warehouse', '1001.52', '1001.52', '', 6, '1', '2015-01-15 03:32:21', 'recp100'),
(105, 'Received 1 ALDATE RAPID (Pieces) into the warehouse', '350', '350', '', 6, '1', '2015-01-15 03:32:34', 'recp101'),
(106, 'Received 1 Oil filter remover (Pieces) into the warehouse', '600', '600', '', 6, '1', '2015-01-15 03:32:44', 'recp102'),
(107, 'Received 1 DUST SHAFTBOOT (Pieces) into the warehouse', '1000', '1000', '', 6, '1', '2015-01-15 03:56:45', 'recp103'),
(108, 'Received 10 head light bulb h4 24v (Pieces) into the warehouse', '3550', '3550', '', 6, '1', '2015-01-17 21:12:50', 'recp104'),
(109, 'Received 4 Brake  lining(BL4 ISUZUVL.310.1) (Pieces) into the warehouse', '8630.4', '8630.4', '', 6, '1', '2015-01-17 21:13:17', 'recp105'),
(110, 'Received 10 RADIATOR COOLANT (Pieces) into the warehouse', '5100', '5100', '', 6, '1', '2015-01-21 20:31:07', 'recp106'),
(111, 'Received 4 Head light Single Bulb  12v (Pieces) into the warehouse', '400', '400', '', 6, '1', '2015-01-21 20:31:28', 'recp107'),
(112, 'Received 4 Front inner Bearing  32210j1-08 (Pieces) into the warehouse', '2000', '2000', '', 6, '1', '2015-01-21 20:39:01', 'recp108'),
(113, 'Received 4 Front outer Bearing  32207jr (Pieces) into the warehouse', '2600', '2600', '', 6, '1', '2015-01-21 20:39:10', 'recp109'),
(114, 'Received 4 rear inner bearing 30213l1-06 (Pieces) into the warehouse', '4800', '4800', '', 6, '1', '2015-01-21 20:39:22', 'recp110'),
(115, 'Received 4 Rear outer bearing28680/22102 (Pieces) into the warehouse', '4000', '4000', '', 6, '1', '2015-01-21 20:39:31', 'recp111'),
(116, 'Received 4 Front inner seal 8-942481171-0  (Pieces) into the warehouse', '1200', '1200', '', 6, '1', '2015-01-21 20:39:48', 'recp112'),
(117, 'Received 4 Rear Wheel inner1-03434659-0 (Pieces) into the warehouse', '2000', '2000', '', 6, '1', '2015-01-21 20:42:32', 'recp113'),
(118, 'Received 4 Rear Wheel outer 4.3 8-89448094-0 (Pieces) into the warehouse', '2000', '2000', '', 6, '1', '2015-01-21 20:42:41', 'recp114'),
(119, 'Received 10 Gasket isuzu NQR (Pieces) into the warehouse', '2000', '2000', '', 6, '1', '2015-01-27 00:28:32', 'recp115'),
(120, 'Received 3 Oil Filter Toyota Harrier (Pieces) into the warehouse', '1350', '1350', '', 6, '1', '2015-01-29 01:54:10', 'recp116'),
(121, 'Received 4 ENGINE OIL4LTRS (Pieces) into the warehouse', '1300', '1300', '', 6, '1', '2015-01-29 01:54:31', 'recp117');

-- --------------------------------------------------------

--
-- Table structure for table `purchases_returns_ledger`
--

CREATE TABLE IF NOT EXISTS `purchases_returns_ledger` (
  `transaction_id` int(10) NOT NULL AUTO_INCREMENT,
  `transactions` varchar(100) NOT NULL,
  `amount` varchar(100) NOT NULL,
  `debit` varchar(100) NOT NULL,
  `credit` varchar(100) NOT NULL,
  `currency_code` int(10) NOT NULL,
  `curr_rate` varchar(100) NOT NULL,
  `date_recorded` timestamp NOT NULL DEFAULT CURRENT_TIMESTAMP ON UPDATE CURRENT_TIMESTAMP,
  `order_code` int(10) NOT NULL,
  PRIMARY KEY (`transaction_id`)
) ENGINE=MyISAM DEFAULT CHARSET=latin1 AUTO_INCREMENT=1 ;

--
-- Dumping data for table `purchases_returns_ledger`
--


-- --------------------------------------------------------

--
-- Table structure for table `purchase_order`
--

CREATE TABLE IF NOT EXISTS `purchase_order` (
  `purchase_order_id` int(10) NOT NULL AUTO_INCREMENT,
  `order_code` int(11) NOT NULL,
  `product_id` int(10) NOT NULL,
  `description` longtext NOT NULL,
  `quantity` varchar(100) NOT NULL,
  `vendor_prc` varchar(100) NOT NULL,
  `date_generated` timestamp NOT NULL DEFAULT CURRENT_TIMESTAMP,
  `status` int(1) NOT NULL,
  PRIMARY KEY (`purchase_order_id`),
  KEY `supplier_id` (`product_id`)
) ENGINE=MyISAM  DEFAULT CHARSET=latin1 AUTO_INCREMENT=220 ;

--
-- Dumping data for table `purchase_order`
--

INSERT INTO `purchase_order` (`purchase_order_id`, `order_code`, `product_id`, `description`, `quantity`, `vendor_prc`, `date_generated`, `status`) VALUES
(1, 2, 10, '', '36', '120', '2014-12-20 23:34:29', 0),
(2, 2, 11, '', '24', '130', '2014-12-20 23:34:57', 0),
(3, 4, 14, '', '48', '320', '2014-12-24 02:31:43', 1),
(4, 4, 42, '', '2', '4500', '2014-12-24 02:32:15', 1),
(5, 5, 20, '', '2', 'F.O.C', '2014-12-25 03:08:11', 1),
(6, 6, 5, '', '4', '890', '2015-01-03 20:24:19', 0),
(10, 13, 135, '', '1', '5500', '2015-01-06 23:31:05', 0),
(9, 13, 134, '', '1', '4500', '2015-01-06 23:30:44', 0),
(11, 14, 76, '', '2', '300', '2015-01-06 23:34:38', 0),
(12, 14, 77, '', '2', '350', '2015-01-06 23:35:02', 0),
(13, 14, 78, '', '2', '300', '2015-01-06 23:35:32', 0),
(14, 14, 79, '', '2', '350', '2015-01-06 23:35:57', 0),
(15, 14, 80, '', '2', '400', '2015-01-06 23:36:23', 0),
(16, 14, 82, '', '4', '400', '2015-01-06 23:37:37', 0),
(17, 14, 83, '', '2', '550', '2015-01-06 23:37:55', 0),
(18, 14, 84, '', '2', '550', '2015-01-06 23:39:04', 0),
(19, 14, 85, '', '2', '500', '2015-01-06 23:39:37', 0),
(20, 14, 86, '', '6', '200', '2015-01-06 23:40:23', 0),
(21, 14, 87, '', '6', '200', '2015-01-06 23:40:44', 0),
(22, 14, 88, '', '6', '200', '2015-01-06 23:41:06', 0),
(23, 14, 89, '', '2', '200', '2015-01-06 23:42:06', 0),
(24, 14, 90, '', '6', '200', '2015-01-06 23:42:29', 0),
(25, 14, 91, '', '12', '220', '2015-01-06 23:42:59', 0),
(26, 14, 92, '', '12', '200', '2015-01-06 23:43:18', 0),
(27, 14, 93, '', '6', '200', '2015-01-06 23:43:45', 0),
(28, 14, 94, '', '2', '220', '2015-01-06 23:44:12', 0),
(29, 14, 96, '', '6', '220', '2015-01-06 23:44:59', 0),
(30, 14, 95, '', '6', '200', '2015-01-06 23:45:31', 0),
(31, 14, 97, '', '6', '220', '2015-01-06 23:46:42', 0),
(32, 14, 98, '', '2', '220', '2015-01-06 23:48:19', 0),
(33, 14, 99, '', '12', '220', '2015-01-06 23:48:51', 0),
(34, 14, 100, '', '6', '250', '2015-01-06 23:49:20', 0),
(35, 14, 101, '', '6', '250', '2015-01-06 23:49:48', 0),
(36, 14, 102, '', '2', '250', '2015-01-06 23:50:28', 0),
(37, 14, 103, '', '2', '300', '2015-01-06 23:50:57', 0),
(38, 14, 106, '', '2', '300', '2015-01-06 23:52:13', 0),
(39, 14, 109, '', '2', '250', '2015-01-06 23:52:46', 0),
(40, 14, 110, '', '2', '350', '2015-01-06 23:53:10', 0),
(41, 14, 111, '', '2', '300', '2015-01-06 23:53:31', 0),
(42, 14, 112, '', '2', '350', '2015-01-06 23:54:03', 0),
(43, 15, 76, '', '2', '300', '2015-01-07 00:07:54', 0),
(44, 15, 77, '', '2', '350', '2015-01-07 00:08:14', 0),
(45, 15, 78, '', '2', '300', '2015-01-07 00:08:35', 0),
(46, 15, 79, '', '2', '350', '2015-01-07 00:08:54', 0),
(47, 15, 80, '', '2', '400', '2015-01-07 00:09:10', 0),
(48, 15, 138, '', '2', '400', '2015-01-07 00:09:32', 0),
(49, 15, 82, '', '4', '400', '2015-01-07 00:09:52', 0),
(50, 15, 83, '', '2', '550', '2015-01-07 00:10:45', 0),
(51, 15, 84, '', '2', '550', '2015-01-07 00:11:05', 0),
(52, 15, 114, '', '2', '350', '2015-01-07 00:11:46', 0),
(53, 15, 85, '', '2', '500', '2015-01-07 00:12:24', 0),
(54, 16, 86, '', '6', '200', '2015-01-07 00:17:01', 0),
(55, 16, 87, '', '6', '200', '2015-01-07 00:17:16', 0),
(56, 16, 88, '', '6', '200', '2015-01-07 00:17:30', 0),
(57, 16, 89, '', '6', '200', '2015-01-07 00:17:44', 0),
(58, 16, 90, '', '6', '200', '2015-01-07 00:18:05', 0),
(59, 16, 91, '', '12', '220', '2015-01-07 00:18:30', 0),
(60, 16, 92, '', '12', '200', '2015-01-07 00:18:51', 0),
(61, 16, 93, '', '6', '200', '2015-01-07 00:19:19', 0),
(62, 16, 94, '', '2', '220', '2015-01-07 00:19:43', 0),
(63, 16, 96, '', '6', '220', '2015-01-07 00:20:58', 0),
(64, 16, 95, '', '6', '200', '2015-01-07 00:21:17', 0),
(65, 16, 97, '', '6', '220', '2015-01-07 00:21:39', 0),
(66, 16, 98, '', '6', '220', '2015-01-07 00:23:50', 0),
(67, 17, 99, '', '12', '220', '2015-01-07 00:25:40', 0),
(68, 17, 100, '', '6', '250', '2015-01-07 00:26:04', 0),
(69, 17, 101, '', '6', '250', '2015-01-07 00:26:32', 0),
(70, 17, 102, '', '2', '250', '2015-01-07 00:27:03', 0),
(71, 17, 103, '', '2', '300', '2015-01-07 00:27:35', 0),
(72, 17, 104, '', '2', '250', '2015-01-07 00:27:59', 0),
(73, 17, 105, '', '2', '250', '2015-01-07 00:28:18', 0),
(74, 17, 106, '', '2', '300', '2015-01-07 00:28:42', 0),
(75, 17, 109, '', '2', '250', '2015-01-07 00:29:08', 0),
(76, 17, 110, '', '2', '350', '2015-01-07 00:29:31', 0),
(77, 17, 111, '', '2', '300', '2015-01-07 00:29:47', 0),
(78, 17, 112, '', '2', '350', '2015-01-07 00:30:06', 0),
(79, 17, 113, '', '2', '300', '2015-01-07 00:30:30', 0),
(80, 18, 115, '', '12', '220', '2015-01-07 00:33:26', 0),
(81, 18, 116, '', '12', '220', '2015-01-07 00:33:41', 0),
(82, 18, 117, '', '12', '100', '2015-01-07 00:34:05', 0),
(83, 18, 118, '', '12', '250', '2015-01-07 00:34:44', 0),
(84, 18, 119, '', '12', '120', '2015-01-07 00:35:09', 0),
(85, 18, 120, '', '12', '250', '2015-01-07 00:37:45', 0),
(86, 18, 121, '', '12', '250', '2015-01-07 00:38:05', 0),
(87, 18, 122, '', '12', '150', '2015-01-07 00:38:27', 0),
(88, 19, 115, '', '12', '220', '2015-01-07 18:49:42', 0),
(89, 19, 116, '', '12', '220', '2015-01-07 18:50:15', 0),
(90, 19, 117, '', '12', '100', '2015-01-07 18:50:36', 0),
(91, 19, 118, '', '12', '250', '2015-01-07 18:51:01', 0),
(92, 19, 119, '', '12', '120', '2015-01-07 18:52:03', 0),
(93, 19, 120, '', '12', '250', '2015-01-07 18:52:37', 0),
(94, 19, 121, '', '12', '250', '2015-01-07 18:53:13', 0),
(95, 19, 122, '', '12', '150', '2015-01-07 18:53:31', 0),
(96, 19, 123, '', '12', '120', '2015-01-07 18:53:49', 0),
(97, 20, 124, '', '10', '175', '2015-01-07 18:55:37', 0),
(98, 21, 124, '', '10', '175', '2015-01-07 18:59:56', 0),
(99, 23, 124, '', '10', '175', '2015-01-07 19:04:49', 0),
(100, 23, 125, '', '8', '150', '2015-01-07 19:05:42', 0),
(101, 23, 126, '', '8', '150', '2015-01-07 19:06:52', 0),
(102, 23, 127, '', '10', '160', '2015-01-07 19:07:15', 0),
(103, 23, 128, '', '8', '187.5', '2015-01-07 19:08:04', 0),
(104, 23, 129, '', '10', '165', '2015-01-07 19:08:36', 0),
(105, 23, 130, '', '10', '175', '2015-01-07 19:08:52', 0),
(106, 23, 131, '', '10', '150', '2015-01-07 19:09:16', 0),
(107, 23, 132, '', '10', '180', '2015-01-07 19:09:50', 0),
(108, 24, 107, '', '10', '400', '2015-01-07 19:16:57', 0),
(109, 27, 53, '', '12', '50', '2015-01-09 02:53:58', 0),
(110, 27, 54, '', '12', '50', '2015-01-09 02:54:48', 0),
(111, 27, 60, '', '2', '3500', '2015-01-09 02:56:45', 0),
(112, 27, 139, '', '1', '700', '2015-01-09 02:57:54', 0),
(113, 29, 141, '', '1', '26000', '2015-01-09 03:12:13', 0),
(114, 30, 140, '', '2', '8000', '2015-01-09 19:25:55', 0),
(115, 32, 142, '', '3', '450', '2015-01-11 04:18:12', 0),
(116, 32, 166, '', '3', '450', '2015-01-11 04:18:30', 0),
(117, 32, 167, '', '2', '1800', '2015-01-11 04:19:27', 0),
(118, 32, 168, '', '2', '1600', '2015-01-11 04:20:58', 0),
(119, 32, 169, '', '2', '2600', '2015-01-11 04:22:26', 0),
(120, 32, 170, '', '2', '2800', '2015-01-11 04:22:59', 0),
(121, 33, 143, '', '12', '150', '2015-01-11 19:48:49', 0),
(122, 33, 144, '', '12', '650', '2015-01-11 19:49:08', 0),
(123, 33, 145, '', '12', '1850', '2015-01-11 19:49:28', 0),
(124, 34, 146, '', '2', '850', '2015-01-11 19:53:44', 0),
(125, 34, 147, '', '2', '1300', '2015-01-11 19:54:10', 0),
(126, 34, 148, '', '2', '850', '2015-01-11 19:54:27', 0),
(127, 34, 151, '', '2', '850', '2015-01-11 19:54:47', 0),
(128, 34, 152, '', '2', '900', '2015-01-11 19:55:09', 0),
(129, 34, 153, '', '1', '1000', '2015-01-11 19:55:29', 0),
(130, 34, 154, '', '2', '1300', '2015-01-11 19:55:46', 0),
(131, 34, 155, '', '2', '750', '2015-01-11 19:56:14', 0),
(132, 34, 156, '', '1', '950', '2015-01-11 19:56:40', 0),
(133, 34, 157, '', '1', '1000', '2015-01-11 19:56:56', 0),
(134, 34, 158, '', '2', '900', '2015-01-11 19:57:18', 0),
(135, 34, 159, '', '2', '750', '2015-01-11 19:57:38', 0),
(136, 34, 160, '', '2', '850', '2015-01-11 19:58:53', 0),
(137, 34, 161, '', '2', '900', '2015-01-11 20:00:07', 0),
(138, 34, 162, '', '2', '900', '2015-01-11 20:00:41', 0),
(139, 34, 172, '', '2', '600', '2015-01-11 20:06:14', 0),
(140, 34, 173, '', '2', '650', '2015-01-11 20:12:28', 0),
(141, 34, 163, '', '2', '950', '2015-01-11 20:13:06', 0),
(142, 34, 175, '', '2', '1300', '2015-01-11 20:13:48', 0),
(143, 34, 176, '', '2', '1200', '2015-01-11 20:14:15', 0),
(144, 35, 1, '', '2', '500', '2015-01-13 03:05:28', 0),
(146, 36, 181, '', '1', '550', '2015-01-14 23:38:58', 0),
(147, 37, 182, '', '1', '1000', '2015-01-14 23:52:52', 0),
(148, 38, 178, '', '1', '368', '2015-01-15 01:09:03', 0),
(149, 38, 180, '', '1', '600', '2015-01-15 01:09:03', 0),
(150, 38, 179, '', '1', '792', '2015-01-15 01:09:03', 0),
(151, 38, 183, '', '1', '1760', '2015-01-15 01:09:03', 0),
(152, 38, 184, '', '1', '1040', '2015-01-15 01:09:03', 0),
(153, 38, 185, '', '1', '500', '2015-01-15 01:09:03', 0),
(154, 38, 186, '', '1', '1000', '2015-01-15 01:09:03', 0),
(155, 38, 187, '', '2', '150', '2015-01-15 01:09:03', 0),
(156, 38, 188, '', '500', '1', '2015-01-15 01:09:03', 0),
(157, 38, 11, '', '1', '1000', '2015-01-15 01:09:03', 0),
(158, 38, 189, '', '1', '350', '2015-01-15 01:09:03', 0),
(159, 38, 190, '', '1', '600', '2015-01-15 01:09:03', 0),
(160, 39, 192, '', '2', '200', '2015-01-15 01:17:35', 0),
(161, 39, 191, '', '2', '200', '2015-01-15 01:17:35', 0),
(162, 39, 17, '', '20', '50', '2015-01-15 01:17:35', 0),
(163, 40, 178, '', '1', '368', '2015-01-15 03:21:44', 0),
(164, 40, 179, '', '1', '600', '2015-01-15 03:21:44', 0),
(165, 40, 180, '', '1', '792', '2015-01-15 03:21:44', 0),
(166, 40, 183, '', '1', '1760', '2015-01-15 03:21:44', 0),
(167, 40, 185, '', '30', '16.66', '2015-01-15 03:21:44', 0),
(168, 40, 184, '', '1', '1040', '2015-01-15 03:21:44', 0),
(169, 40, 186, '', '1', '1000', '2015-01-15 03:21:44', 0),
(170, 40, 187, '', '2', '150', '2015-01-15 03:21:44', 0),
(171, 40, 188, '', '500', '1', '2015-01-15 03:21:44', 0),
(172, 40, 11, '', '468', '2.14', '2015-01-15 03:21:44', 0),
(173, 40, 189, '', '1', '350', '2015-01-15 03:21:44', 0),
(174, 40, 190, '', '1', '600', '2015-01-15 03:21:44', 0),
(175, 41, 197, '', '8', '250', '2015-01-15 20:22:55', 0),
(176, 42, 175, '', '4', '2157.6', '2015-01-15 21:22:47', 0),
(177, 43, 51, '', '10', '355', '2015-01-16 00:11:18', 0),
(178, 44, 169, '', '4', '500', '2015-01-16 01:13:42', 0),
(179, 44, 170, '', '4', '650', '2015-01-16 01:13:42', 0),
(180, 44, 168, '', '4', '100', '2015-01-16 01:13:42', 0),
(181, 44, 167, '', '4', '1200', '2015-01-16 01:13:42', 0),
(182, 44, 198, '', '4', '500', '2015-01-16 01:13:42', 0),
(183, 44, 199, '', '4', '350', '2015-01-16 01:13:42', 0),
(184, 45, 198, '', '4', '500', '2015-01-17 20:29:39', 0),
(185, 45, 202, '', '4', '650', '2015-01-17 20:29:39', 0),
(186, 45, 199, '', '4', '1000', '2015-01-17 20:29:39', 0),
(187, 45, 201, '', '4', '1200', '2015-01-17 20:29:39', 0),
(188, 45, 170, '', '4', '300', '2015-01-17 20:29:39', 0),
(189, 45, 168, '', '4', '500', '2015-01-17 20:29:39', 0),
(190, 45, 167, '', '4', '500', '2015-01-17 20:29:39', 0),
(191, 46, 164, '', '6', '130', '2015-01-17 22:11:12', 0),
(192, 47, 53, '', '4', '100', '2015-01-17 22:35:33', 1),
(193, 48, 8, '', '320', '2', '2015-01-18 22:54:58', 0),
(194, 49, 202, '', '4', '500', '2015-01-19 22:29:54', 0),
(195, 49, 198, '', '4', '650', '2015-01-19 22:29:54', 0),
(196, 49, 201, '', '4', '1200', '2015-01-19 22:29:54', 0),
(197, 49, 199, '', '4', '1000', '2015-01-19 22:29:54', 0),
(198, 49, 170, '', '4', '300', '2015-01-19 22:29:54', 0),
(199, 49, 168, '', '4', '500', '2015-01-19 22:29:54', 0),
(200, 49, 167, '', '4', '500', '2015-01-19 22:29:54', 0),
(201, 50, 44, '', '4', '100', '2015-01-20 00:04:22', 0),
(202, 51, 33, '', '10', '510', '2015-01-20 04:11:41', 0),
(203, 52, 14, '', '2', '320', '2015-01-22 20:06:48', 0),
(204, 52, 8, '', '2', '320', '2015-01-22 20:06:48', 0),
(205, 53, 210, '', '10', '200', '2015-01-26 23:30:56', 0),
(206, 54, 211, '', '3', '450', '2015-01-29 01:44:42', 0),
(207, 55, 108, '', '4', '325', '2015-01-29 01:53:11', 0),
(208, 56, 8, '', '2', '320', '2015-01-29 03:21:27', 0),
(209, 57, 213, '', '2', '102', '2015-01-29 03:24:55', 0),
(210, 58, 14, '', '1', '320', '2015-01-29 03:26:09', 0),
(211, 59, 214, '', '4', '250', '2015-01-29 03:30:03', 0),
(212, 60, 33, '', '10', '510', '2015-01-29 04:07:50', 0),
(213, 61, 8, '', '2', '320', '2015-01-29 04:09:30', 0),
(214, 62, 14, '', '2', '320', '2015-01-29 04:10:16', 0),
(215, 63, 196, '', '1', '6800', '2015-01-29 04:13:07', 0),
(216, 64, 164, '', '12', '130', '2015-01-29 04:15:39', 0),
(217, 65, 145, '', '1', '4', '2015-02-05 07:29:58', 0),
(218, 65, 86, '', '3', '5', '2015-02-05 07:29:58', 0),
(219, 65, 117, '', '1', '2', '2015-02-05 07:30:30', 0);

-- --------------------------------------------------------

--
-- Table structure for table `purchase_orderrrr`
--

CREATE TABLE IF NOT EXISTS `purchase_orderrrr` (
  `purchase_order_id` int(10) NOT NULL AUTO_INCREMENT,
  `temp_purchase_order_id` int(10) NOT NULL,
  `supplier_id` int(10) NOT NULL,
  `user_id` int(11) NOT NULL,
  `shipping_agent_id` int(11) NOT NULL,
  `payment_term_id` varchar(100) NOT NULL,
  `currency_code` varchar(11) NOT NULL,
  `curr_rate` varchar(100) NOT NULL,
  `comments` varchar(250) NOT NULL,
  `product_id` int(10) NOT NULL,
  `product_code` varchar(100) NOT NULL,
  `order_code` int(11) NOT NULL,
  `quantity` varchar(100) NOT NULL,
  `vendor_prc` varchar(100) NOT NULL,
  `ttl` varchar(11) NOT NULL,
  `date_generated` timestamp NOT NULL DEFAULT CURRENT_TIMESTAMP ON UPDATE CURRENT_TIMESTAMP,
  `status` int(1) NOT NULL,
  PRIMARY KEY (`purchase_order_id`),
  KEY `supplier_id` (`supplier_id`,`product_id`),
  KEY `shipping_agent_id` (`shipping_agent_id`,`payment_term_id`,`currency_code`)
) ENGINE=MyISAM DEFAULT CHARSET=latin1 AUTO_INCREMENT=1 ;

--
-- Dumping data for table `purchase_orderrrr`
--


-- --------------------------------------------------------

--
-- Table structure for table `quotation`
--

CREATE TABLE IF NOT EXISTS `quotation` (
  `quotation_id` int(11) NOT NULL AUTO_INCREMENT,
  `booking_id` int(11) NOT NULL,
  `job_card_id` int(11) NOT NULL,
  `customer_id` int(11) NOT NULL,
  `quotation_no` varchar(100) NOT NULL,
  `currency` int(11) NOT NULL,
  `curr_rate` varchar(10) NOT NULL,
  `user_id` int(100) NOT NULL,
  `terms` longtext NOT NULL,
  `date_generated` timestamp NOT NULL DEFAULT CURRENT_TIMESTAMP,
  `discount_perc` varchar(100) NOT NULL,
  `discount_value` varchar(100) NOT NULL,
  `vat` int(11) NOT NULL,
  `vat_value` varchar(100) NOT NULL,
  `quotation_date` date NOT NULL,
  `convert_status` int(11) NOT NULL,
  `quotation_type` varchar(11) NOT NULL,
  PRIMARY KEY (`quotation_id`)
) ENGINE=InnoDB  DEFAULT CHARSET=latin1 AUTO_INCREMENT=11 ;

--
-- Dumping data for table `quotation`
--

INSERT INTO `quotation` (`quotation_id`, `booking_id`, `job_card_id`, `customer_id`, `quotation_no`, `currency`, `curr_rate`, `user_id`, `terms`, `date_generated`, `discount_perc`, `discount_value`, `vat`, `vat_value`, `quotation_date`, `convert_status`, `quotation_type`) VALUES
(5, 27, 0, 10, '', 6, '1', 62, '', '2014-12-31 20:22:18', '', '', 0, '', '2014-12-31', 0, 'gq'),
(6, 40, 0, 13, '', 6, '1', 62, 'CASH', '2015-01-06 21:48:19', '', '', 0, '', '2015-01-06', 0, 'gq'),
(7, 60, 0, 16, '', 6, '1', 19, '', '2015-01-15 02:42:07', '', '', 0, '', '2015-01-14', 0, 'gq'),
(8, 86, 0, 24, '', 6, '1', 62, '', '2015-01-22 22:29:32', '', '', 0, '', '2015-01-22', 0, 'gq'),
(9, 121, 0, 2400002, '', 6, '1', 62, 'CASH', '2015-01-29 03:40:05', '', '', 0, '', '2015-01-28', 0, 'gq'),
(10, 125, 0, 38, '', 6, '1', 19, 'net 30 days', '2015-02-02 21:37:07', '1', '', 1, '', '2015-02-02', 0, 'gq');

-- --------------------------------------------------------

--
-- Table structure for table `quotations`
--

CREATE TABLE IF NOT EXISTS `quotations` (
  `quotation_id` int(10) NOT NULL AUTO_INCREMENT,
  `quotation_no` varchar(100) NOT NULL,
  `quotation_ttl` varchar(100) NOT NULL,
  `currency_code` varchar(100) NOT NULL,
  `curr_rate` varchar(100) NOT NULL,
  `client_id` int(10) NOT NULL,
  `quote_code` int(10) NOT NULL,
  `user_id` int(10) NOT NULL,
  `sales_rep` int(11) NOT NULL,
  `date_generated` timestamp NOT NULL DEFAULT CURRENT_TIMESTAMP ON UPDATE CURRENT_TIMESTAMP,
  `status` int(1) NOT NULL,
  PRIMARY KEY (`quotation_id`)
) ENGINE=MyISAM DEFAULT CHARSET=latin1 AUTO_INCREMENT=1 ;

--
-- Dumping data for table `quotations`
--


-- --------------------------------------------------------

--
-- Table structure for table `quotation_item`
--

CREATE TABLE IF NOT EXISTS `quotation_item` (
  `quotation_item_id` int(11) NOT NULL AUTO_INCREMENT,
  `booking_id` int(11) NOT NULL,
  `job_card_id` int(11) NOT NULL,
  `quotation_id` int(11) NOT NULL,
  `item_id` int(11) NOT NULL,
  `item_quantity` int(11) NOT NULL,
  `item_cost` varchar(10) NOT NULL,
  `curr_id` int(10) NOT NULL,
  `exchange_rate` varchar(10) NOT NULL,
  `user_id` int(100) NOT NULL,
  `date_generated` timestamp NOT NULL DEFAULT CURRENT_TIMESTAMP,
  `status` int(11) NOT NULL,
  PRIMARY KEY (`quotation_item_id`)
) ENGINE=InnoDB  DEFAULT CHARSET=latin1 AUTO_INCREMENT=22 ;

--
-- Dumping data for table `quotation_item`
--

INSERT INTO `quotation_item` (`quotation_item_id`, `booking_id`, `job_card_id`, `quotation_id`, `item_id`, `item_quantity`, `item_cost`, `curr_id`, `exchange_rate`, `user_id`, `date_generated`, `status`) VALUES
(1, 2, 0, 3, 6, 2, '2200', 6, '1', 62, '2014-12-19 23:18:43', 0),
(2, 2, 0, 3, 1, 1, '320', 6, '1', 62, '2014-12-19 23:18:43', 0),
(3, 3, 0, 4, 4, 2, '3200', 6, '1', 62, '2014-12-19 23:36:00', 0),
(4, 3, 0, 4, 6, 3, '2200', 6, '1', 62, '2014-12-19 23:36:00', 0),
(5, 27, 0, 5, 66, 1, '1500', 6, '1', 62, '2014-12-31 20:22:18', 0),
(6, 27, 0, 5, 9, 1, '1110', 6, '1', 62, '2014-12-31 20:22:18', 0),
(7, 27, 0, 5, 67, 1, '500', 6, '1', 62, '2014-12-31 20:22:18', 0),
(8, 27, 0, 5, 68, 1, '750', 6, '1', 62, '2014-12-31 20:22:18', 0),
(9, 40, 0, 6, 134, 1, '5175', 6, '1', 62, '2015-01-06 21:48:19', 0),
(10, 40, 0, 6, 135, 1, '6325', 6, '1', 62, '2015-01-06 21:48:19', 0),
(11, 60, 0, 7, 193, 2, '9775', 6, '1', 19, '2015-01-15 02:42:07', 0),
(12, 60, 0, 7, 194, 1, '4025', 6, '1', 19, '2015-01-15 02:42:07', 0),
(13, 60, 0, 7, 195, 1, '3450', 6, '1', 19, '2015-01-15 02:42:07', 0),
(14, 60, 0, 7, 196, 1, '5750', 6, '1', 19, '2015-01-15 02:46:58', 0),
(15, 86, 0, 8, 203, 1, '4370', 6, '1', 62, '2015-01-22 22:29:33', 0),
(16, 86, 0, 8, 204, 1, '4370', 6, '1', 62, '2015-01-22 22:29:33', 0),
(17, 86, 0, 8, 205, 1, '5750', 6, '1', 62, '2015-01-22 22:29:33', 0),
(19, 86, 0, 8, 207, 1, '690', 6, '1', 62, '2015-01-22 22:29:33', 0),
(20, 121, 0, 9, 195, 1, '2300', 6, '1', 62, '2015-01-29 03:40:05', 0),
(21, 125, 0, 10, 93, 2, '230', 6, '1', 19, '2015-02-02 21:37:07', 0);

-- --------------------------------------------------------

--
-- Table structure for table `quotation_task`
--

CREATE TABLE IF NOT EXISTS `quotation_task` (
  `quotation_task_id` int(11) NOT NULL AUTO_INCREMENT,
  `booking_id` int(11) NOT NULL,
  `quotation_id` int(11) NOT NULL,
  `task_id` int(11) NOT NULL,
  `task_time` varchar(100) NOT NULL,
  `flat_rate_cost` varchar(100) NOT NULL,
  `task_cost` varchar(100) NOT NULL,
  `curr_id` int(11) NOT NULL,
  `exchange_rate` varchar(10) NOT NULL,
  `user_id` int(100) NOT NULL,
  `date_generated` timestamp NOT NULL DEFAULT CURRENT_TIMESTAMP,
  `status` int(11) NOT NULL,
  PRIMARY KEY (`quotation_task_id`)
) ENGINE=InnoDB  DEFAULT CHARSET=latin1 AUTO_INCREMENT=13 ;

--
-- Dumping data for table `quotation_task`
--

INSERT INTO `quotation_task` (`quotation_task_id`, `booking_id`, `quotation_id`, `task_id`, `task_time`, `flat_rate_cost`, `task_cost`, `curr_id`, `exchange_rate`, `user_id`, `date_generated`, `status`) VALUES
(1, 2, 3, 21, '4.0', '1200', '4800', 6, '1', 62, '2014-12-19 23:18:43', 0),
(2, 3, 4, 0, '', '1200', '0', 6, '1', 62, '2014-12-19 23:36:00', 0),
(3, 27, 5, 21, '8.5', '1000', '8500', 6, '1', 62, '2014-12-31 20:22:18', 0),
(4, 40, 6, 0, '', '1000', '0', 6, '1', 62, '2015-01-06 21:48:19', 0),
(5, 40, 6, 38, '2', '1000', '2000', 6, '1', 62, '2015-01-06 21:53:48', 0),
(6, 60, 7, 0, '', '1000', '0', 6, '1', 19, '2015-01-15 02:42:07', 0),
(7, 86, 8, 22, '3.2', '1000', '3200', 6, '1', 62, '2015-01-22 22:29:33', 0),
(8, 86, 8, 80, '1', '1000', '1000', 6, '1', 62, '2015-01-22 22:29:33', 0),
(9, 86, 8, 85, '2', '1000', '2000', 6, '1', 62, '2015-01-22 22:29:33', 0),
(10, 86, 8, 119, '2', '1000', '2000', 6, '1', 62, '2015-01-22 22:29:33', 0),
(11, 121, 9, 137, '1.6', '1000', '1600', 6, '1', 62, '2015-01-29 03:40:05', 0),
(12, 125, 10, 31, '0.5', '1000', '500', 6, '1', 19, '2015-02-02 21:37:07', 0);

-- --------------------------------------------------------

--
-- Table structure for table `quotation_taskold`
--

CREATE TABLE IF NOT EXISTS `quotation_taskold` (
  `quotation_task_id` int(11) NOT NULL AUTO_INCREMENT,
  `booking_id` int(11) NOT NULL,
  `job_card_id` int(11) NOT NULL,
  `quotation_id` int(11) NOT NULL,
  `task_name` longtext NOT NULL,
  `task_cost` varchar(100) NOT NULL,
  `curr_id` int(11) NOT NULL,
  `exchange_rate` varchar(10) NOT NULL,
  `user_id` int(100) NOT NULL,
  `date_generated` timestamp NOT NULL DEFAULT CURRENT_TIMESTAMP,
  `status` int(11) NOT NULL,
  PRIMARY KEY (`quotation_task_id`)
) ENGINE=InnoDB DEFAULT CHARSET=latin1 AUTO_INCREMENT=1 ;

--
-- Dumping data for table `quotation_taskold`
--


-- --------------------------------------------------------

--
-- Table structure for table `quote`
--

CREATE TABLE IF NOT EXISTS `quote` (
  `quote_id` int(10) NOT NULL AUTO_INCREMENT,
  `temp_quote_id` int(10) NOT NULL,
  `client_id` int(10) NOT NULL,
  `user_id` int(11) NOT NULL,
  `sales_rep` int(11) NOT NULL,
  `currency_code` varchar(11) NOT NULL,
  `curr_rate` varchar(100) NOT NULL,
  `payment_terms` varchar(100) NOT NULL,
  `delivery_terms` varchar(100) NOT NULL,
  `product_id` int(10) NOT NULL,
  `product_code` varchar(100) NOT NULL,
  `quote_code` int(11) NOT NULL,
  `quantity` varchar(100) NOT NULL,
  `selling_price` varchar(100) NOT NULL,
  `vat_value` varchar(100) NOT NULL,
  `discount_perc` int(11) NOT NULL,
  `discount_value` varchar(100) NOT NULL,
  `date_generated` timestamp NOT NULL DEFAULT CURRENT_TIMESTAMP ON UPDATE CURRENT_TIMESTAMP,
  `status` int(1) NOT NULL,
  PRIMARY KEY (`quote_id`),
  KEY `supplier_id` (`client_id`,`product_id`),
  KEY `shipping_agent_id` (`currency_code`)
) ENGINE=MyISAM DEFAULT CHARSET=latin1 AUTO_INCREMENT=1 ;

--
-- Dumping data for table `quote`
--


-- --------------------------------------------------------

--
-- Table structure for table `quote_code_gen`
--

CREATE TABLE IF NOT EXISTS `quote_code_gen` (
  `qoute_code_id` int(11) NOT NULL AUTO_INCREMENT,
  PRIMARY KEY (`qoute_code_id`)
) ENGINE=MyISAM DEFAULT CHARSET=latin1 AUTO_INCREMENT=1 ;

--
-- Dumping data for table `quote_code_gen`
--


-- --------------------------------------------------------

--
-- Table structure for table `reagents_cat`
--

CREATE TABLE IF NOT EXISTS `reagents_cat` (
  `reag_cat_id` int(10) unsigned NOT NULL AUTO_INCREMENT,
  `reag_cat_name` varchar(45) COLLATE latin1_general_ci NOT NULL,
  `reag_cat_desc` varchar(45) COLLATE latin1_general_ci NOT NULL,
  PRIMARY KEY (`reag_cat_id`)
) ENGINE=MyISAM DEFAULT CHARSET=latin1 COLLATE=latin1_general_ci AUTO_INCREMENT=1 ;

--
-- Dumping data for table `reagents_cat`
--


-- --------------------------------------------------------

--
-- Table structure for table `received_stock`
--

CREATE TABLE IF NOT EXISTS `received_stock` (
  `received_stock_id` int(10) NOT NULL AUTO_INCREMENT,
  `order_code_id` int(10) NOT NULL,
  `product_id` int(10) NOT NULL,
  `quantity_rec` varchar(100) NOT NULL,
  `currency_code` int(10) NOT NULL,
  `curr_rate` varchar(100) NOT NULL,
  `delivery_date` date NOT NULL,
  `expiry_date` date NOT NULL,
  `status` int(1) NOT NULL,
  `date_received` timestamp NOT NULL DEFAULT CURRENT_TIMESTAMP,
  PRIMARY KEY (`received_stock_id`)
) ENGINE=MyISAM  DEFAULT CHARSET=latin1 AUTO_INCREMENT=118 ;

--
-- Dumping data for table `received_stock`
--

INSERT INTO `received_stock` (`received_stock_id`, `order_code_id`, `product_id`, `quantity_rec`, `currency_code`, `curr_rate`, `delivery_date`, `expiry_date`, `status`, `date_received`) VALUES
(1, 2, 10, '2', 6, '1', '2014-12-20', '0000-00-00', 1, '2014-12-20 23:43:35'),
(2, 2, 11, '21', 6, '1', '2014-12-20', '0000-00-00', 1, '2014-12-20 23:43:48'),
(4, 2, 10, '34', 6, '1', '2014-12-22', '0000-00-00', 1, '2014-12-20 23:45:36'),
(5, 2, 11, '3', 6, '1', '2014-12-23', '0000-00-00', 1, '2014-12-20 23:45:45'),
(6, 6, 5, '4', 6, '1', '2015-01-04', '0000-00-00', 1, '2015-01-04 00:09:48'),
(7, 23, 124, '10', 6, '1', '2015-01-07', '0000-00-00', 1, '2015-01-08 01:17:06'),
(8, 23, 125, '8', 6, '1', '2015-01-07', '0000-00-00', 1, '2015-01-08 01:17:20'),
(9, 23, 126, '8', 6, '1', '2015-01-07', '0000-00-00', 1, '2015-01-08 01:17:35'),
(10, 23, 127, '10', 6, '1', '2015-01-07', '0000-00-00', 1, '2015-01-08 01:17:48'),
(11, 23, 128, '8', 6, '1', '2015-01-07', '0000-00-00', 1, '2015-01-08 01:18:01'),
(12, 23, 129, '10', 6, '1', '2015-01-07', '0000-00-00', 1, '2015-01-08 01:18:16'),
(13, 23, 130, '10', 6, '1', '2015-01-07', '0000-00-00', 1, '2015-01-08 01:18:31'),
(14, 23, 131, '10', 6, '1', '2015-01-07', '0000-00-00', 1, '2015-01-08 01:18:41'),
(15, 23, 132, '10', 6, '1', '2015-01-07', '0000-00-00', 1, '2015-01-08 01:18:54'),
(16, 15, 76, '2', 6, '1', '2015-01-07', '0000-00-00', 1, '2015-01-08 01:20:52'),
(17, 15, 77, '2', 6, '1', '2015-01-07', '0000-00-00', 1, '2015-01-08 01:21:01'),
(18, 15, 78, '2', 6, '1', '2015-01-07', '0000-00-00', 1, '2015-01-08 01:21:12'),
(19, 15, 79, '2', 6, '1', '2015-01-07', '0000-00-00', 1, '2015-01-08 01:21:26'),
(20, 15, 80, '2', 6, '1', '2015-01-07', '0000-00-00', 1, '2015-01-08 01:21:36'),
(21, 15, 138, '2', 6, '1', '2015-01-07', '0000-00-00', 1, '2015-01-08 01:21:53'),
(22, 15, 82, '4', 6, '1', '2015-01-07', '0000-00-00', 1, '2015-01-08 01:22:05'),
(23, 15, 83, '2', 6, '1', '2015-01-07', '0000-00-00', 1, '2015-01-08 01:22:23'),
(24, 15, 84, '2', 6, '1', '2015-01-07', '0000-00-00', 1, '2015-01-08 01:22:34'),
(25, 15, 114, '2', 6, '1', '2015-01-07', '0000-00-00', 1, '2015-01-08 01:22:47'),
(26, 15, 85, '2', 6, '1', '2015-01-07', '0000-00-00', 1, '2015-01-08 01:22:59'),
(27, 24, 107, '10', 6, '1', '2015-01-07', '0000-00-00', 1, '2015-01-08 01:23:48'),
(28, 16, 86, '6', 6, '1', '2015-01-07', '0000-00-00', 1, '2015-01-08 01:24:17'),
(29, 16, 87, '6', 6, '1', '2015-01-07', '0000-00-00', 1, '2015-01-08 01:24:30'),
(30, 16, 88, '6', 6, '1', '2015-01-07', '0000-00-00', 1, '2015-01-08 01:24:39'),
(31, 16, 89, '6', 6, '1', '2015-01-07', '0000-00-00', 1, '2015-01-08 01:24:48'),
(32, 16, 90, '6', 6, '1', '2015-01-07', '0000-00-00', 1, '2015-01-08 01:24:59'),
(33, 16, 91, '12', 6, '1', '2015-01-07', '0000-00-00', 1, '2015-01-08 01:26:19'),
(34, 16, 92, '12', 6, '1', '2015-01-07', '0000-00-00', 1, '2015-01-08 01:26:34'),
(35, 16, 93, '6', 6, '1', '2015-01-07', '0000-00-00', 1, '2015-01-08 01:26:49'),
(36, 16, 94, '2', 6, '1', '2015-01-07', '0000-00-00', 1, '2015-01-08 01:28:03'),
(37, 16, 96, '6', 6, '1', '2015-01-07', '0000-00-00', 1, '2015-01-08 01:28:14'),
(38, 16, 95, '6', 6, '1', '2015-01-07', '0000-00-00', 1, '2015-01-08 01:28:33'),
(39, 16, 97, '6', 6, '1', '2015-01-07', '0000-00-00', 1, '2015-01-08 01:29:48'),
(40, 16, 98, '6', 6, '1', '2015-01-07', '0000-00-00', 1, '2015-01-08 01:29:59'),
(41, 17, 99, '12', 6, '1', '2015-01-07', '0000-00-00', 1, '2015-01-08 01:30:54'),
(42, 17, 100, '6', 6, '1', '2015-01-07', '0000-00-00', 1, '2015-01-08 01:31:03'),
(43, 17, 101, '6', 6, '1', '2015-01-07', '0000-00-00', 1, '2015-01-08 01:31:16'),
(44, 17, 102, '2', 6, '1', '2015-01-07', '0000-00-00', 1, '2015-01-08 01:31:25'),
(45, 17, 103, '2', 6, '1', '2015-01-07', '0000-00-00', 1, '2015-01-08 01:31:38'),
(46, 17, 104, '2', 6, '1', '2015-01-07', '0000-00-00', 1, '2015-01-08 01:31:50'),
(47, 17, 105, '2', 6, '1', '2015-01-07', '0000-00-00', 1, '2015-01-08 01:32:02'),
(48, 17, 106, '2', 6, '1', '2015-01-07', '0000-00-00', 1, '2015-01-08 01:32:20'),
(49, 17, 109, '2', 6, '1', '2015-01-07', '0000-00-00', 1, '2015-01-08 01:32:31'),
(50, 17, 110, '2', 6, '1', '2015-01-07', '0000-00-00', 1, '2015-01-08 01:32:41'),
(51, 17, 111, '2', 6, '1', '2015-01-07', '0000-00-00', 1, '2015-01-08 01:33:10'),
(52, 17, 112, '2', 6, '1', '2015-01-07', '0000-00-00', 1, '2015-01-08 01:33:22'),
(53, 17, 113, '2', 6, '1', '2015-01-07', '0000-00-00', 1, '2015-01-08 01:33:35'),
(54, 19, 115, '12', 6, '1', '2015-01-07', '0000-00-00', 1, '2015-01-08 01:34:25'),
(55, 19, 116, '12', 6, '1', '2015-01-07', '0000-00-00', 1, '2015-01-08 01:34:33'),
(56, 19, 117, '12', 6, '1', '2015-01-07', '0000-00-00', 1, '2015-01-08 01:34:41'),
(57, 19, 118, '12', 6, '1', '2015-01-07', '0000-00-00', 1, '2015-01-08 01:34:52'),
(58, 19, 119, '12', 6, '1', '2015-01-07', '0000-00-00', 1, '2015-01-08 01:35:07'),
(59, 19, 120, '12', 6, '1', '2015-01-07', '0000-00-00', 1, '2015-01-08 01:35:22'),
(60, 19, 121, '12', 6, '1', '2015-01-07', '0000-00-00', 1, '2015-01-08 01:35:32'),
(61, 19, 122, '12', 6, '1', '2015-01-07', '0000-00-00', 1, '2015-01-08 01:35:44'),
(62, 19, 123, '12', 6, '1', '2015-01-07', '0000-00-00', 1, '2015-01-08 01:35:56'),
(63, 34, 146, '2', 6, '1', '2015-01-11', '0000-00-00', 1, '2015-01-11 20:18:03'),
(64, 34, 147, '2', 6, '1', '2015-01-11', '0000-00-00', 1, '2015-01-11 20:18:15'),
(65, 34, 148, '2', 6, '1', '2015-01-11', '0000-00-00', 1, '2015-01-11 20:18:23'),
(66, 34, 151, '2', 6, '1', '2015-01-11', '0000-00-00', 1, '2015-01-11 20:18:33'),
(67, 34, 152, '2', 6, '1', '2015-01-11', '0000-00-00', 1, '2015-01-11 20:18:43'),
(68, 34, 153, '1', 6, '1', '2015-01-11', '0000-00-00', 1, '2015-01-11 20:24:03'),
(69, 34, 154, '2', 6, '1', '2015-01-12', '0000-00-00', 1, '2015-01-11 20:24:14'),
(70, 34, 155, '2', 6, '1', '2015-01-11', '0000-00-00', 1, '2015-01-11 20:24:27'),
(71, 34, 156, '1', 6, '1', '2015-01-11', '0000-00-00', 1, '2015-01-11 20:24:45'),
(72, 34, 157, '1', 6, '1', '2015-01-11', '0000-00-00', 1, '2015-01-11 20:25:13'),
(73, 34, 158, '2', 6, '1', '2015-01-11', '0000-00-00', 1, '2015-01-11 20:25:27'),
(74, 34, 159, '2', 6, '1', '2015-01-11', '0000-00-00', 1, '2015-01-11 20:25:36'),
(75, 34, 160, '2', 6, '1', '2015-01-11', '0000-00-00', 1, '2015-01-11 20:25:45'),
(76, 34, 161, '2', 6, '1', '2015-01-11', '0000-00-00', 1, '2015-01-11 20:25:59'),
(77, 34, 162, '2', 6, '1', '2015-01-11', '0000-00-00', 1, '2015-01-11 20:26:09'),
(78, 34, 172, '2', 6, '1', '2015-01-11', '0000-00-00', 1, '2015-01-11 20:26:19'),
(79, 34, 173, '2', 6, '1', '2015-01-11', '0000-00-00', 1, '2015-01-11 20:26:30'),
(80, 34, 163, '2', 6, '1', '2015-01-11', '0000-00-00', 1, '2015-01-11 20:26:42'),
(81, 34, 175, '2', 6, '1', '2015-01-11', '0000-00-00', 1, '2015-01-11 20:27:00'),
(82, 34, 176, '2', 6, '1', '2015-01-11', '0000-00-00', 1, '2015-01-11 20:27:11'),
(83, 33, 143, '12', 6, '1', '2015-01-11', '0000-00-00', 1, '2015-01-11 20:27:32'),
(84, 33, 144, '12', 6, '1', '2015-01-11', '0000-00-00', 1, '2015-01-11 20:27:40'),
(85, 33, 145, '12', 6, '1', '2015-01-11', '0000-00-00', 1, '2015-01-11 20:27:47'),
(86, 36, 181, '1', 6, '1', '2015-01-14', '0000-00-00', 1, '2015-01-15 01:22:19'),
(87, 39, 192, '2', 6, '1', '2015-01-14', '0000-00-00', 1, '2015-01-15 03:28:51'),
(88, 39, 191, '2', 6, '1', '2015-01-14', '0000-00-00', 1, '2015-01-15 03:29:13'),
(89, 39, 17, '2', 6, '1', '2015-01-14', '0000-00-00', 1, '2015-01-15 03:29:28'),
(90, 39, 17, '18', 6, '1', '2015-01-14', '0000-00-00', 1, '2015-01-15 03:29:45'),
(91, 40, 178, '1', 6, '1', '2015-01-14', '0000-00-00', 1, '2015-01-15 03:30:39'),
(92, 40, 179, '1', 6, '1', '2015-01-14', '0000-00-00', 1, '2015-01-15 03:30:48'),
(93, 40, 180, '1', 6, '1', '2015-01-14', '0000-00-00', 1, '2015-01-15 03:30:56'),
(94, 40, 183, '1', 6, '1', '2015-01-14', '0000-00-00', 1, '2015-01-15 03:31:04'),
(95, 40, 185, '30', 6, '1', '2015-01-14', '0000-00-00', 1, '2015-01-15 03:31:19'),
(96, 40, 184, '1', 6, '1', '2015-01-14', '0000-00-00', 1, '2015-01-15 03:31:28'),
(106, 51, 33, '10', 6, '1', '2015-01-19', '0000-00-00', 1, '2015-01-21 20:31:07'),
(98, 40, 187, '2', 6, '1', '2015-01-14', '0000-00-00', 1, '2015-01-15 03:31:55'),
(99, 40, 188, '500', 6, '1', '2015-01-14', '0000-00-00', 1, '2015-01-15 03:32:09'),
(100, 40, 11, '468', 6, '1', '2015-01-14', '0000-00-00', 1, '2015-01-15 03:32:21'),
(101, 40, 189, '1', 6, '1', '2015-01-14', '0000-00-00', 1, '2015-01-15 03:32:34'),
(102, 40, 190, '1', 6, '1', '2015-01-14', '0000-00-00', 1, '2015-01-15 03:32:44'),
(103, 37, 182, '1', 6, '1', '2015-01-14', '0000-00-00', 1, '2015-01-15 03:56:45'),
(104, 43, 51, '10', 6, '1', '2015-01-16', '0000-00-00', 1, '2015-01-17 21:12:50'),
(105, 42, 175, '4', 6, '1', '2015-01-16', '0000-00-00', 1, '2015-01-17 21:13:17'),
(107, 50, 44, '4', 6, '1', '2015-01-19', '0000-00-00', 1, '2015-01-21 20:31:28'),
(108, 49, 202, '4', 6, '1', '2015-01-19', '0000-00-00', 1, '2015-01-21 20:39:01'),
(109, 49, 198, '4', 6, '1', '2015-01-19', '0000-00-00', 1, '2015-01-21 20:39:10'),
(110, 49, 201, '4', 6, '1', '2015-01-19', '0000-00-00', 1, '2015-01-21 20:39:22'),
(111, 49, 199, '4', 6, '1', '2015-01-19', '0000-00-00', 1, '2015-01-21 20:39:31'),
(112, 49, 170, '4', 6, '1', '2015-01-19', '0000-00-00', 1, '2015-01-21 20:39:48'),
(113, 49, 168, '4', 6, '1', '2015-01-19', '0000-00-00', 1, '2015-01-21 20:42:32'),
(114, 49, 167, '4', 6, '1', '2015-01-19', '0000-00-00', 1, '2015-01-21 20:42:41'),
(115, 53, 210, '10', 6, '1', '2015-01-26', '0000-00-00', 1, '2015-01-27 00:28:32'),
(116, 54, 211, '3', 6, '1', '2015-01-28', '0000-00-00', 1, '2015-01-29 01:54:10'),
(117, 55, 108, '4', 6, '1', '2015-01-28', '0000-00-00', 1, '2015-01-29 01:54:31');

-- --------------------------------------------------------

--
-- Table structure for table `received_stockold`
--

CREATE TABLE IF NOT EXISTS `received_stockold` (
  `received_stock_id` int(10) NOT NULL AUTO_INCREMENT,
  `order_code_id` int(10) NOT NULL,
  `product_id` int(10) NOT NULL,
  `quantity_rec` varchar(100) NOT NULL,
  `currency_code` int(10) NOT NULL,
  `curr_rate` varchar(100) NOT NULL,
  `delivery_date` date NOT NULL,
  `expiry_date` date NOT NULL,
  `status` int(1) NOT NULL,
  `date_received` timestamp NOT NULL DEFAULT CURRENT_TIMESTAMP,
  PRIMARY KEY (`received_stock_id`)
) ENGINE=MyISAM DEFAULT CHARSET=latin1 AUTO_INCREMENT=1 ;

--
-- Dumping data for table `received_stockold`
--


-- --------------------------------------------------------

--
-- Table structure for table `received_stock_garage`
--

CREATE TABLE IF NOT EXISTS `received_stock_garage` (
  `received_stock_id` bigint(11) NOT NULL AUTO_INCREMENT,
  `item_id` int(11) DEFAULT NULL,
  `quant_rec` varchar(100) DEFAULT NULL,
  `date_received` varchar(100) NOT NULL,
  `comments` varchar(100) DEFAULT NULL,
  `user_id` int(11) NOT NULL,
  `status` int(1) DEFAULT NULL,
  PRIMARY KEY (`received_stock_id`)
) ENGINE=InnoDB DEFAULT CHARSET=latin1 AUTO_INCREMENT=1 ;

--
-- Dumping data for table `received_stock_garage`
--


-- --------------------------------------------------------

--
-- Table structure for table `reconciled_bank_balance`
--

CREATE TABLE IF NOT EXISTS `reconciled_bank_balance` (
  `reconciled_bank_balance_id` int(10) NOT NULL AUTO_INCREMENT,
  `bank_id` int(100) NOT NULL,
  `date_from` date NOT NULL,
  `date_to` date NOT NULL,
  `system_balance` varchar(100) NOT NULL,
  `effect` int(11) NOT NULL,
  `description` longtext NOT NULL,
  `amount` varchar(100) NOT NULL,
  `adding_amount` varchar(100) NOT NULL,
  `reducing_amount` varchar(100) NOT NULL,
  `currency` varchar(100) NOT NULL,
  `curr_rate` varchar(100) NOT NULL,
  `date_done` date NOT NULL,
  `status` int(11) NOT NULL,
  `user_id` int(10) NOT NULL,
  PRIMARY KEY (`reconciled_bank_balance_id`)
) ENGINE=MyISAM DEFAULT CHARSET=latin1 AUTO_INCREMENT=1 ;

--
-- Dumping data for table `reconciled_bank_balance`
--


-- --------------------------------------------------------

--
-- Table structure for table `reconciled_system_balance`
--

CREATE TABLE IF NOT EXISTS `reconciled_system_balance` (
  `reconciled_system_balance_id` int(10) NOT NULL AUTO_INCREMENT,
  `bank_id` int(100) NOT NULL,
  `date_from` date NOT NULL,
  `date_to` date NOT NULL,
  `system_balance` varchar(100) NOT NULL,
  `effect` int(11) NOT NULL,
  `description` longtext NOT NULL,
  `amount` varchar(100) NOT NULL,
  `adding_amount` varchar(100) NOT NULL,
  `reducing_amount` varchar(100) NOT NULL,
  `currency` varchar(100) NOT NULL,
  `curr_rate` varchar(100) NOT NULL,
  `date_done` date NOT NULL,
  `status` int(11) NOT NULL,
  `user_id` int(10) NOT NULL,
  PRIMARY KEY (`reconciled_system_balance_id`)
) ENGINE=MyISAM DEFAULT CHARSET=latin1 AUTO_INCREMENT=1 ;

--
-- Dumping data for table `reconciled_system_balance`
--


-- --------------------------------------------------------

--
-- Table structure for table `recovered_bad_debts`
--

CREATE TABLE IF NOT EXISTS `recovered_bad_debts` (
  `recovered_bad_debts_id` int(10) NOT NULL AUTO_INCREMENT,
  `sales_code` int(10) NOT NULL,
  `client_id` int(10) NOT NULL,
  `amount` varchar(100) NOT NULL,
  `reason` varchar(250) NOT NULL,
  `currency_code` varchar(100) NOT NULL,
  `curr_rate` varchar(100) NOT NULL,
  `date_received` timestamp NOT NULL DEFAULT CURRENT_TIMESTAMP ON UPDATE CURRENT_TIMESTAMP,
  `status` int(1) NOT NULL,
  PRIMARY KEY (`recovered_bad_debts_id`)
) ENGINE=MyISAM DEFAULT CHARSET=latin1 AUTO_INCREMENT=1 ;

--
-- Dumping data for table `recovered_bad_debts`
--


-- --------------------------------------------------------

--
-- Table structure for table `released_item`
--

CREATE TABLE IF NOT EXISTS `released_item` (
  `released_item_id` int(11) NOT NULL AUTO_INCREMENT,
  `booking_id` int(11) NOT NULL,
  `job_card_id` int(11) NOT NULL,
  `requisition_id` int(11) NOT NULL,
  `item_id` int(11) NOT NULL,
  `released_quantity` int(11) NOT NULL,
  `date_released` date NOT NULL,
  `receiving_person` varchar(100) NOT NULL,
  `status` int(11) NOT NULL,
  `approved_invoice_status` int(11) NOT NULL,
  `date_recorded` timestamp NOT NULL DEFAULT CURRENT_TIMESTAMP ON UPDATE CURRENT_TIMESTAMP,
  PRIMARY KEY (`released_item_id`)
) ENGINE=InnoDB  DEFAULT CHARSET=latin1 AUTO_INCREMENT=128 ;

--
-- Dumping data for table `released_item`
--

INSERT INTO `released_item` (`released_item_id`, `booking_id`, `job_card_id`, `requisition_id`, `item_id`, `released_quantity`, `date_released`, `receiving_person`, `status`, `approved_invoice_status`, `date_recorded`) VALUES
(3, 6, 4, 1, 10, 3, '2014-12-20', 'Joseph', 0, 0, '2014-12-20 23:55:07'),
(4, 6, 4, 1, 10, 1, '2014-12-20', 'Joseph', 0, 0, '2014-12-20 23:55:19'),
(5, 15, 13, 4, 14, 1, '2014-12-23', 'stanly', 0, 1, '2015-01-22 03:29:26'),
(6, 15, 13, 4, 42, 1, '2014-12-23', 'stanly', 0, 1, '2015-01-22 03:29:26'),
(7, 6, 4, 1, 11, 1, '2014-12-24', 'stanly', 0, 0, '2014-12-25 02:52:43'),
(8, 6, 4, 1, 11, 1, '2014-12-24', 'stanly', 0, 0, '2014-12-25 02:52:57'),
(9, 37, 27, 5, 107, 4, '2015-01-05', 'kinyua', 0, 0, '2015-01-05 20:33:24'),
(10, 37, 27, 5, 108, 1, '2015-01-05', 'kinyua', 0, 0, '2015-01-05 20:33:47'),
(11, 29, 21, 6, 71, 1, '2015-01-05', 'kinyua', 0, 1, '2015-01-23 01:11:31'),
(12, 29, 21, 6, 14, 1, '2015-01-05', 'kinyua', 0, 1, '2015-01-22 03:29:26'),
(13, 47, 35, 9, 69, 1, '2015-01-10', 'kinyua', 0, 1, '2015-01-24 02:42:17'),
(14, 48, 36, 10, 145, 1, '2015-01-12', 'kinyua', 0, 1, '2015-01-22 02:20:02'),
(15, 48, 36, 10, 165, 1, '2015-01-12', 'stanly', 0, 1, '2015-01-22 02:20:02'),
(16, 48, 36, 10, 144, 1, '2015-01-12', 'kinyua', 0, 1, '2015-01-22 02:21:15'),
(17, 48, 36, 10, 143, 1, '2015-01-12', 'kinyua', 0, 1, '2015-01-22 02:21:15'),
(18, 48, 36, 10, 164, 1, '2015-01-12', 'kinyua', 0, 1, '2015-01-22 02:20:02'),
(19, 49, 37, 11, 145, 1, '2015-01-12', 'stanly', 0, 1, '2015-01-22 02:20:02'),
(20, 49, 37, 11, 164, 1, '2015-01-12', 'stanly', 0, 1, '2015-01-22 02:20:02'),
(21, 49, 37, 11, 165, 1, '2015-01-12', 'stanly', 0, 1, '2015-01-22 02:20:02'),
(22, 49, 37, 11, 144, 1, '2015-01-12', 'stanly', 0, 1, '2015-01-22 02:21:15'),
(23, 49, 37, 11, 143, 1, '2015-01-12', 'stanly', 0, 1, '2015-01-22 02:21:15'),
(24, 50, 38, 12, 145, 1, '2015-01-12', 'kinyua', 0, 1, '2015-01-22 02:20:02'),
(25, 50, 38, 12, 165, 1, '2015-01-12', 'kinyua', 0, 1, '2015-01-22 02:20:02'),
(26, 50, 38, 12, 164, 1, '2015-01-12', 'kinyanjui', 0, 1, '2015-01-22 02:20:02'),
(27, 50, 38, 12, 140, 1, '2015-01-12', 'kinyanjui', 0, 1, '2015-01-22 02:20:02'),
(32, 52, 40, 14, 145, 1, '2015-01-12', 'kinyua', 0, 1, '2015-01-22 02:20:02'),
(33, 52, 40, 14, 164, 1, '2015-01-12', 'kinyanjui', 0, 1, '2015-01-22 02:20:02'),
(34, 52, 40, 14, 165, 1, '2015-01-12', 'kinyua', 0, 1, '2015-01-22 02:20:02'),
(35, 52, 40, 14, 144, 1, '2015-01-12', 'kinyua', 0, 1, '2015-01-22 02:21:15'),
(36, 52, 40, 14, 143, 1, '2015-01-12', 'kinyua', 0, 1, '2015-01-22 02:21:15'),
(37, 51, 39, 15, 145, 1, '2015-01-12', 'stanly', 0, 1, '2015-01-22 02:20:02'),
(38, 51, 39, 15, 164, 1, '2015-01-12', 'stanly', 0, 1, '2015-01-22 02:20:02'),
(39, 51, 39, 15, 165, 1, '2015-01-12', 'stanly', 0, 1, '2015-01-22 02:20:02'),
(40, 51, 39, 15, 143, 1, '2015-01-12', 'stanly', 0, 1, '2015-01-22 02:21:15'),
(41, 51, 39, 15, 144, 1, '2015-01-12', 'stanly', 0, 1, '2015-01-22 02:21:15'),
(44, 55, 43, 18, 177, 1, '2015-01-14', 'KINYUA', 0, 0, '2015-01-14 22:05:17'),
(45, 57, 44, 20, 128, 4, '2015-01-14', 'KINYANJUI', 0, 0, '2015-01-15 02:14:28'),
(46, 57, 44, 19, 182, 1, '2015-01-14', 'KINYANJUI', 0, 0, '2015-01-15 02:14:28'),
(47, 58, 46, 21, 128, 4, '2015-01-14', 'KINYANJUI', 0, 0, '2015-01-15 02:20:36'),
(48, 62, 48, 22, 14, 1, '2015-01-15', 'Stanly', 0, 1, '2015-01-22 03:29:26'),
(49, 62, 48, 22, 175, 1, '2015-01-15', 'KINYUA', 0, 1, '2015-01-23 01:15:47'),
(57, 66, 52, 23, 8, 1, '2015-01-16', 'stanly', 0, 1, '2015-01-23 01:15:47'),
(58, 66, 52, 23, 14, 1, '2015-01-16', 'stanly', 0, 1, '2015-01-22 03:29:26'),
(59, 69, 55, 24, 51, 2, '2015-01-17', 'kunyanjui', 0, 1, '2015-01-23 01:16:21'),
(60, 69, 55, 24, 143, 1, '2015-01-17', 'KINYUA', 0, 1, '2015-01-22 02:21:15'),
(61, 69, 55, 24, 144, 1, '2015-01-17', 'KINYUA', 0, 1, '2015-01-22 02:21:15'),
(62, 69, 55, 24, 145, 1, '2015-01-17', 'KINYUA', 0, 1, '2015-01-22 02:20:02'),
(63, 73, 59, 26, 175, 1, '2015-01-18', 'stanly', 0, 1, '2015-01-23 01:15:47'),
(64, 73, 59, 26, 8, 2, '2015-01-18', 'stanly', 0, 1, '2015-01-23 01:15:47'),
(65, 72, 58, 25, 175, 1, '2015-01-18', 'stanly', 0, 1, '2015-01-23 01:15:47'),
(66, 72, 58, 25, 198, 1, '2015-01-18', 'kinyua', 0, 0, '2015-01-19 23:51:04'),
(67, 72, 58, 25, 202, 1, '2015-01-18', 'kinyua', 0, 0, '2015-01-19 23:51:24'),
(68, 72, 58, 25, 170, 1, '2015-01-18', 'kinyua', 0, 0, '2015-01-19 23:51:42'),
(69, 72, 58, 25, 8, 1, '2015-01-18', 'kinyua', 0, 1, '2015-01-23 01:15:47'),
(70, 77, 63, 27, 33, 8, '2015-01-19', 'JOEL', 0, 0, '2015-01-20 04:18:52'),
(71, 83, 67, 28, 51, 1, '2015-01-21', 'JOEL', 0, 1, '2015-01-23 01:16:21'),
(72, 79, 64, 29, 175, 1, '2015-01-21', 'stanly', 0, 1, '2015-01-23 01:15:47'),
(73, 79, 64, 29, 8, 1, '2015-01-21', 'stanly', 0, 1, '2015-01-23 01:15:47'),
(74, 79, 64, 29, 14, 1, '2015-01-21', 'stanly', 0, 1, '2015-01-23 01:11:31'),
(77, 84, 68, 32, 175, 1, '2015-01-22', 'kinyua', 0, 1, '2015-01-23 23:19:36'),
(78, 87, 70, 33, 209, 1, '2015-01-23', 'kinyua', 0, 1, '2015-01-24 02:42:17'),
(79, 87, 70, 33, 69, 1, '2015-01-23', 'kinyua', 0, 1, '2015-01-24 02:42:17'),
(80, 105, 87, 34, 145, 1, '2015-01-25', 'kinyua', 0, 1, '2015-01-28 02:42:36'),
(81, 105, 87, 34, 144, 1, '2015-01-25', 'kinyua', 0, 1, '2015-01-28 02:42:36'),
(82, 105, 87, 34, 143, 1, '2015-01-25', 'kinyua', 0, 1, '2015-01-28 02:42:36'),
(83, 105, 87, 34, 72, 1, '2015-01-25', 'kinyua', 0, 1, '2015-01-28 02:42:36'),
(84, 107, 89, 36, 50, 1, '2015-01-25', 'JOEL', 0, 0, '2015-01-26 00:10:51'),
(85, 107, 89, 36, 53, 1, '2015-01-25', 'JOEL', 0, 0, '2015-01-26 00:11:11'),
(86, 106, 88, 35, 145, 1, '2015-01-25', 'kinyua', 0, 1, '2015-01-28 02:42:36'),
(87, 106, 88, 35, 50, 2, '2015-01-25', 'JOEL', 0, 0, '2015-01-26 00:12:34'),
(88, 106, 88, 35, 164, 3, '2015-01-25', 'kinyua', 0, 0, '2015-01-26 00:16:02'),
(91, 116, 98, 38, 202, 1, '2015-01-28', 'kinyua', 0, 0, '2015-01-28 20:43:49'),
(92, 116, 98, 38, 170, 1, '2015-01-28', 'kinyua', 0, 0, '2015-01-28 20:43:59'),
(93, 116, 98, 38, 8, 1, '2015-01-28', 'kinyua', 0, 0, '2015-01-28 20:44:11'),
(94, 118, 100, 39, 73, 1, '2015-01-28', 'Mwaura', 0, 0, '2015-01-29 00:12:18'),
(95, 118, 100, 39, 211, 1, '2015-01-28', 'kinyanjui', 0, 0, '2015-01-29 00:12:54'),
(96, 118, 100, 39, 131, 4, '2015-01-28', 'kinyanjui', 0, 0, '2015-01-29 00:13:08'),
(97, 118, 100, 39, 100, 1, '2015-01-28', 'kinyanjui', 0, 0, '2015-01-29 00:31:56'),
(99, 115, 97, 40, 119, 1, '2015-01-26', 'kinyua', 0, 1, '2015-01-30 15:21:52'),
(100, 115, 97, 40, 109, 1, '2015-01-26', 'kinyua', 0, 1, '2015-01-30 15:21:52'),
(101, 115, 97, 40, 108, 1, '2015-01-26', 'kinyua', 0, 1, '2015-01-30 15:21:53'),
(102, 43, 31, 8, 165, 1, '2015-01-10', 'kinyua', 0, 0, '2015-01-29 23:38:14'),
(103, 43, 31, 8, 164, 3, '2015-01-10', 'kinyua', 0, 0, '2015-01-29 23:38:25'),
(104, 43, 31, 7, 144, 1, '2015-01-10', 'kinyua', 0, 0, '2015-01-29 23:38:48'),
(105, 43, 31, 7, 143, 1, '2015-01-10', 'kinyua', 0, 0, '2015-01-29 23:38:57'),
(106, 43, 31, 7, 145, 1, '2015-01-10', 'kinyua', 0, 0, '2015-01-29 23:39:10'),
(107, 43, 31, 7, 1, 3, '2015-01-10', 'kinyanjui', 0, 0, '2015-01-29 23:39:40'),
(108, 69, 55, 24, 165, 1, '2015-01-19', 'kinyua', 0, 0, '2015-01-29 23:44:56'),
(109, 51, 39, 13, 145, 1, '2015-01-12', 'kinyua', 0, 0, '2015-01-29 23:46:23'),
(110, 51, 39, 13, 164, 1, '2015-01-12', 'kinyua', 0, 0, '2015-01-29 23:46:35'),
(111, 51, 39, 13, 143, 1, '2015-01-12', 'kinyua', 0, 0, '2015-01-29 23:46:48'),
(112, 51, 39, 13, 144, 1, '2015-01-12', 'kinyua', 0, 0, '2015-01-29 23:47:00'),
(113, 54, 42, 17, 8, 2, '2015-01-13', 'kinyua', 0, 0, '2015-01-29 23:47:51'),
(114, 123, 103, 41, 33, 1, '2015-01-29', 'kinyua', 0, 0, '2015-01-30 02:33:24'),
(115, 127, 106, 0, 0, 0, '0000-00-00', '', 0, 0, '2015-02-05 03:27:17'),
(116, 127, 106, 0, 0, 0, '0000-00-00', '', 0, 0, '2015-02-05 03:27:17'),
(117, 127, 107, 0, 0, 0, '0000-00-00', '', 0, 0, '2015-02-05 03:33:36'),
(118, 127, 107, 0, 0, 0, '0000-00-00', '', 0, 0, '2015-02-05 03:33:36'),
(119, 120, 108, 0, 133, 3, '0000-00-00', '', 0, 0, '2015-02-05 04:07:26'),
(121, 120, 108, 0, 29, 2, '0000-00-00', '', 0, 0, '2015-02-05 04:33:11'),
(122, 127, 0, 0, 133, 6, '0000-00-00', '', 0, 0, '2015-02-05 05:45:48'),
(123, 127, 0, 0, 93, 45, '0000-00-00', '', 0, 0, '2015-02-05 05:47:01'),
(124, 127, 106, 0, 62, 23, '0000-00-00', '', 0, 1, '2015-02-05 06:25:27'),
(125, 57, 45, 0, 66, 3, '0000-00-00', '', 0, 1, '2015-02-05 06:34:16'),
(126, 80, 109, 0, 133, 1, '0000-00-00', '', 0, 0, '2015-02-05 11:52:10'),
(127, 80, 109, 0, 22, 2, '0000-00-00', '', 0, 0, '2015-02-05 11:52:10');

-- --------------------------------------------------------

--
-- Table structure for table `requisition`
--

CREATE TABLE IF NOT EXISTS `requisition` (
  `requisition_id` int(11) NOT NULL AUTO_INCREMENT,
  `booking_id` int(11) NOT NULL,
  `job_card_id` int(11) NOT NULL,
  `requisition_no` varchar(100) NOT NULL,
  `remarks` mediumtext NOT NULL,
  `user_id` int(100) NOT NULL,
  `date_generated` timestamp NOT NULL DEFAULT CURRENT_TIMESTAMP,
  `requisition_date` date NOT NULL,
  `dispatch_status` int(11) NOT NULL,
  `status` int(11) NOT NULL,
  PRIMARY KEY (`requisition_id`)
) ENGINE=InnoDB  DEFAULT CHARSET=latin1 AUTO_INCREMENT=42 ;

--
-- Dumping data for table `requisition`
--

INSERT INTO `requisition` (`requisition_id`, `booking_id`, `job_card_id`, `requisition_no`, `remarks`, `user_id`, `date_generated`, `requisition_date`, `dispatch_status`, `status`) VALUES
(4, 15, 13, '', 'issued', 64, '2014-12-24 03:00:50', '2014-12-23', 0, 0),
(5, 37, 27, '', 'Requested', 64, '2015-01-05 20:31:57', '2015-01-05', 0, 0),
(6, 29, 21, '', 'To be issued', 64, '2015-01-06 02:42:26', '2015-01-05', 0, 0),
(7, 43, 31, '', '', 64, '2015-01-10 20:52:25', '2015-01-10', 0, 0),
(8, 43, 31, '', '', 64, '2015-01-10 21:18:16', '2015-01-10', 0, 0),
(9, 47, 35, '', 'issued', 64, '2015-01-10 23:12:23', '2015-01-10', 0, 0),
(10, 48, 36, '', 'issued', 64, '2015-01-12 22:18:53', '2015-01-12', 0, 0),
(11, 49, 37, '', 'issued', 64, '2015-01-12 22:22:13', '2015-01-12', 0, 0),
(12, 50, 38, '', 'issued', 64, '2015-01-12 22:24:22', '2015-01-12', 0, 0),
(13, 51, 39, '', 'issued', 64, '2015-01-12 22:27:13', '2015-01-12', 0, 0),
(14, 52, 40, '', 'issued', 64, '2015-01-12 22:29:23', '2015-01-12', 0, 0),
(15, 51, 39, '', '', 64, '2015-01-12 22:41:23', '2015-01-12', 0, 0),
(16, 46, 34, '', '', 64, '2015-01-13 20:44:31', '2015-01-13', 0, 0),
(17, 54, 42, '', '', 64, '2015-01-14 03:56:56', '2015-01-13', 0, 0),
(18, 55, 43, '', '', 64, '2015-01-14 22:04:12', '2015-01-14', 0, 0),
(19, 57, 45, '', '', 64, '2015-01-15 00:37:30', '2015-01-14', 0, 0),
(20, 56, 44, '', '', 64, '2015-01-15 01:21:06', '2015-01-14', 0, 0),
(21, 58, 46, '', '', 64, '2015-01-15 02:20:16', '2015-01-14', 0, 0),
(22, 62, 48, '', '', 64, '2015-01-15 20:06:11', '2015-01-15', 0, 0),
(23, 66, 52, '', 'issued', 64, '2015-01-17 02:30:21', '2015-01-16', 0, 0),
(24, 69, 55, '', '', 64, '2015-01-17 20:39:54', '2015-01-17', 0, 0),
(25, 72, 58, '', 'ISSUED', 64, '2015-01-19 22:59:11', '2015-01-18', 0, 0),
(26, 73, 59, '', '', 64, '2015-01-19 22:59:53', '2015-01-18', 0, 0),
(27, 77, 63, '', 'ISSUED', 64, '2015-01-20 04:04:38', '2015-01-19', 0, 0),
(28, 83, 67, '', '', 64, '2015-01-22 04:14:59', '2015-01-21', 0, 0),
(29, 79, 64, '', '', 64, '2015-01-22 04:18:45', '2015-01-21', 0, 0),
(30, 79, 64, '', '', 64, '2015-01-22 05:05:26', '2015-01-21', 0, 0),
(31, 91, 74, '', '', 64, '2015-01-23 03:15:11', '2014-12-03', 0, 0),
(32, 84, 68, '', '', 64, '2015-01-23 22:06:04', '2015-01-22', 0, 0),
(33, 87, 70, '', '', 64, '2015-01-24 01:45:45', '2015-01-23', 0, 0),
(34, 105, 87, '', '', 64, '2015-01-25 20:26:15', '2015-01-25', 0, 0),
(35, 106, 88, '', '', 64, '2015-01-26 00:09:26', '2015-01-25', 0, 0),
(36, 107, 89, '', '', 64, '2015-01-26 00:09:51', '2015-01-25', 0, 0),
(37, 114, 96, '', '', 64, '2015-01-27 03:58:24', '2015-01-26', 0, 0),
(38, 116, 98, '', '', 64, '2015-01-28 20:39:27', '2015-01-28', 0, 0),
(39, 118, 100, '', '', 64, '2015-01-29 00:11:09', '2015-01-28', 0, 0),
(40, 115, 97, '', '', 64, '2015-01-29 02:03:08', '2015-01-28', 0, 0),
(41, 123, 103, '', '', 64, '2015-01-30 02:33:01', '2015-01-29', 0, 0);

-- --------------------------------------------------------

--
-- Table structure for table `requisition_item`
--

CREATE TABLE IF NOT EXISTS `requisition_item` (
  `requisition_item_id` int(11) NOT NULL AUTO_INCREMENT,
  `booking_id` int(11) NOT NULL,
  `job_card_id` int(11) NOT NULL,
  `requisition_id` int(11) NOT NULL,
  `item_id` int(11) NOT NULL,
  `item_quantity` int(11) NOT NULL,
  `dispatch_status` int(11) NOT NULL,
  `status` int(11) NOT NULL,
  PRIMARY KEY (`requisition_item_id`)
) ENGINE=InnoDB  DEFAULT CHARSET=latin1 AUTO_INCREMENT=110 ;

--
-- Dumping data for table `requisition_item`
--

INSERT INTO `requisition_item` (`requisition_item_id`, `booking_id`, `job_card_id`, `requisition_id`, `item_id`, `item_quantity`, `dispatch_status`, `status`) VALUES
(1, 6, 4, 1, 11, 2, 0, 0),
(2, 6, 4, 1, 10, 4, 0, 0),
(3, 1, 1, 2, 27, 2, 0, 0),
(4, 1, 1, 3, 14, 2, 0, 0),
(5, 1, 1, 3, 27, 2, 0, 0),
(6, 15, 13, 4, 14, 1, 0, 0),
(7, 15, 13, 4, 42, 1, 0, 0),
(8, 37, 27, 5, 107, 4, 0, 0),
(9, 37, 27, 5, 108, 1, 0, 0),
(10, 29, 21, 6, 71, 1, 0, 0),
(11, 29, 21, 6, 14, 1, 0, 0),
(12, 43, 31, 7, 144, 1, 0, 0),
(13, 43, 31, 7, 143, 1, 0, 0),
(14, 43, 31, 7, 145, 1, 0, 0),
(15, 43, 31, 7, 1, 3, 0, 0),
(18, 43, 31, 8, 165, 1, 0, 0),
(19, 43, 31, 8, 164, 3, 0, 0),
(20, 47, 35, 9, 69, 1, 0, 0),
(21, 48, 36, 10, 145, 1, 0, 0),
(22, 48, 36, 10, 165, 1, 0, 0),
(23, 48, 36, 10, 144, 1, 0, 0),
(24, 48, 36, 10, 143, 1, 0, 0),
(25, 48, 36, 10, 164, 1, 0, 0),
(26, 49, 37, 11, 145, 1, 0, 0),
(27, 49, 37, 11, 164, 1, 0, 0),
(28, 49, 37, 11, 165, 1, 0, 0),
(29, 49, 37, 11, 144, 1, 0, 0),
(30, 49, 37, 11, 143, 1, 0, 0),
(31, 50, 38, 12, 145, 1, 0, 0),
(32, 50, 38, 12, 165, 1, 0, 0),
(33, 50, 38, 12, 164, 1, 0, 0),
(34, 50, 38, 12, 140, 1, 0, 0),
(35, 51, 39, 13, 145, 1, 0, 0),
(36, 51, 39, 13, 164, 1, 0, 0),
(38, 51, 39, 13, 143, 1, 0, 0),
(39, 51, 39, 13, 144, 1, 0, 0),
(40, 52, 40, 14, 145, 1, 0, 0),
(41, 52, 40, 14, 164, 1, 0, 0),
(42, 52, 40, 14, 165, 1, 0, 0),
(43, 52, 40, 14, 144, 1, 0, 0),
(44, 52, 40, 14, 143, 1, 0, 0),
(45, 51, 39, 15, 145, 1, 0, 0),
(46, 51, 39, 15, 164, 1, 0, 0),
(47, 51, 39, 15, 165, 1, 0, 0),
(48, 51, 39, 15, 143, 1, 0, 0),
(49, 51, 39, 15, 144, 1, 0, 0),
(50, 46, 34, 16, 130, 4, 0, 0),
(51, 54, 42, 17, 8, 2, 0, 0),
(52, 55, 43, 18, 177, 1, 0, 0),
(53, 57, 45, 19, 182, 1, 0, 0),
(54, 57, 45, 20, 128, 4, 0, 0),
(55, 58, 46, 21, 128, 4, 0, 0),
(56, 62, 48, 22, 14, 1, 0, 0),
(57, 62, 48, 22, 175, 1, 0, 0),
(58, 66, 52, 23, 8, 1, 0, 0),
(59, 66, 52, 23, 14, 1, 0, 0),
(60, 69, 55, 24, 51, 2, 0, 0),
(61, 69, 55, 24, 143, 1, 0, 0),
(62, 69, 55, 24, 144, 1, 0, 0),
(63, 69, 55, 24, 145, 1, 0, 0),
(64, 72, 58, 25, 175, 1, 0, 0),
(65, 72, 58, 25, 198, 1, 0, 0),
(66, 72, 58, 25, 202, 1, 0, 0),
(67, 72, 58, 25, 170, 1, 0, 0),
(68, 72, 58, 25, 8, 1, 0, 0),
(69, 73, 59, 26, 175, 1, 0, 0),
(70, 73, 59, 26, 8, 2, 0, 0),
(71, 77, 63, 27, 33, 8, 0, 0),
(72, 83, 67, 28, 51, 1, 0, 0),
(73, 79, 64, 29, 175, 1, 0, 0),
(74, 79, 64, 29, 8, 1, 0, 0),
(76, 79, 64, 29, 14, 1, 0, 0),
(77, 91, 74, 31, 69, 1, 0, 0),
(78, 91, 74, 31, 14, 1, 0, 0),
(79, 84, 68, 32, 175, 1, 0, 0),
(81, 87, 70, 33, 209, 1, 0, 0),
(83, 87, 70, 33, 69, 1, 0, 0),
(84, 105, 87, 34, 145, 1, 0, 0),
(85, 105, 87, 34, 144, 1, 0, 0),
(86, 105, 87, 34, 143, 1, 0, 0),
(87, 105, 87, 34, 72, 1, 0, 0),
(88, 106, 88, 35, 145, 1, 0, 0),
(89, 106, 88, 35, 50, 2, 0, 0),
(91, 107, 89, 36, 50, 1, 0, 0),
(93, 106, 88, 35, 164, 3, 0, 0),
(96, 116, 98, 38, 202, 1, 0, 0),
(97, 116, 98, 38, 170, 1, 0, 0),
(98, 116, 98, 38, 8, 1, 0, 0),
(99, 118, 100, 39, 73, 1, 0, 0),
(100, 118, 100, 39, 211, 1, 0, 0),
(101, 118, 100, 39, 131, 4, 0, 0),
(102, 118, 100, 39, 100, 1, 0, 0),
(104, 115, 97, 40, 119, 1, 0, 0),
(105, 115, 97, 40, 109, 1, 0, 0),
(107, 115, 97, 40, 108, 1, 0, 0),
(108, 69, 55, 24, 165, 1, 0, 0),
(109, 123, 103, 41, 33, 1, 0, 0);

-- --------------------------------------------------------

--
-- Table structure for table `returned_stock`
--

CREATE TABLE IF NOT EXISTS `returned_stock` (
  `returned_stock_id` int(10) NOT NULL AUTO_INCREMENT,
  `purchase_order_id` int(10) NOT NULL,
  `product_id` int(10) NOT NULL,
  `supplier_id` int(10) NOT NULL,
  `order_id` int(10) NOT NULL,
  `quantity_returned` varchar(100) NOT NULL,
  `date_returned` timestamp NOT NULL DEFAULT CURRENT_TIMESTAMP ON UPDATE CURRENT_TIMESTAMP,
  `status` int(1) NOT NULL,
  PRIMARY KEY (`returned_stock_id`)
) ENGINE=MyISAM DEFAULT CHARSET=latin1 AUTO_INCREMENT=1 ;

--
-- Dumping data for table `returned_stock`
--


-- --------------------------------------------------------

--
-- Table structure for table `rfq`
--

CREATE TABLE IF NOT EXISTS `rfq` (
  `rfq_id` int(10) NOT NULL AUTO_INCREMENT,
  `temp_rfq_id` int(10) NOT NULL,
  `supplier_id` int(10) NOT NULL,
  `user_id` int(11) NOT NULL,
  `product_id` int(10) NOT NULL,
  `product_code` varchar(100) NOT NULL,
  `rfq_code` int(11) NOT NULL,
  `quantity` varchar(100) NOT NULL,
  `date_generated` timestamp NOT NULL DEFAULT CURRENT_TIMESTAMP ON UPDATE CURRENT_TIMESTAMP,
  `status` int(1) NOT NULL,
  PRIMARY KEY (`rfq_id`),
  KEY `supplier_id` (`supplier_id`,`product_id`)
) ENGINE=MyISAM  DEFAULT CHARSET=latin1 AUTO_INCREMENT=4 ;

--
-- Dumping data for table `rfq`
--

INSERT INTO `rfq` (`rfq_id`, `temp_rfq_id`, `supplier_id`, `user_id`, `product_id`, `product_code`, `rfq_code`, `quantity`, `date_generated`, `status`) VALUES
(1, 1, 26, 64, 21, 'BA0012', 1, '100', '2014-12-25 03:53:14', 1),
(2, 2, 26, 64, 16, 'M007', 1, '120', '2014-12-25 03:54:38', 1),
(3, 1, 2, 19, 43, 'sw', 4, '2', '2015-01-03 22:41:28', 1);

-- --------------------------------------------------------

--
-- Table structure for table `rfq_code_get`
--

CREATE TABLE IF NOT EXISTS `rfq_code_get` (
  `rfq_code_id` int(11) NOT NULL AUTO_INCREMENT,
  PRIMARY KEY (`rfq_code_id`)
) ENGINE=MyISAM  DEFAULT CHARSET=latin1 AUTO_INCREMENT=9 ;

--
-- Dumping data for table `rfq_code_get`
--

INSERT INTO `rfq_code_get` (`rfq_code_id`) VALUES
(1),
(2),
(3),
(4),
(5),
(6),
(7),
(8);

-- --------------------------------------------------------

--
-- Table structure for table `salaries_payables_ledger`
--

CREATE TABLE IF NOT EXISTS `salaries_payables_ledger` (
  `transaction_id` int(10) NOT NULL AUTO_INCREMENT,
  `transactions` varchar(100) NOT NULL,
  `amount` varchar(100) NOT NULL,
  `debit` varchar(100) NOT NULL,
  `credit` varchar(100) NOT NULL,
  `currency_code` int(10) NOT NULL,
  `curr_rate` varchar(100) NOT NULL,
  `date_recorded` timestamp NOT NULL DEFAULT CURRENT_TIMESTAMP ON UPDATE CURRENT_TIMESTAMP,
  PRIMARY KEY (`transaction_id`)
) ENGINE=MyISAM DEFAULT CHARSET=latin1 AUTO_INCREMENT=1 ;

--
-- Dumping data for table `salaries_payables_ledger`
--


-- --------------------------------------------------------

--
-- Table structure for table `salary_expenses_ledger`
--

CREATE TABLE IF NOT EXISTS `salary_expenses_ledger` (
  `transaction_id` int(10) NOT NULL AUTO_INCREMENT,
  `transactions` varchar(100) NOT NULL,
  `amount` varchar(100) NOT NULL,
  `debit` varchar(100) NOT NULL,
  `credit` varchar(100) NOT NULL,
  `currency_code` int(10) NOT NULL,
  `curr_rate` varchar(100) NOT NULL,
  `date_recorded` timestamp NOT NULL DEFAULT CURRENT_TIMESTAMP,
  `order_code` varchar(100) NOT NULL,
  PRIMARY KEY (`transaction_id`)
) ENGINE=MyISAM  DEFAULT CHARSET=latin1 AUTO_INCREMENT=4 ;

--
-- Dumping data for table `salary_expenses_ledger`
--

INSERT INTO `salary_expenses_ledger` (`transaction_id`, `transactions`, `amount`, `debit`, `credit`, `currency_code`, `curr_rate`, `date_recorded`, `order_code`) VALUES
(1, 'Expenses Payment: MGEXP0001/2015', '166.60', '166.60', '', 6, '1', '2015-01-30 01:35:09', 'exp1'),
(2, 'Expenses Payment: MGEXP0002/2015', '204', '204', '', 6, '1', '2015-01-30 01:45:07', 'exp2'),
(3, 'Expenses Payment: MGEXP0003/2015', '500', '500', '', 6, '1', '2015-01-30 01:58:48', 'exp3');

-- --------------------------------------------------------

--
-- Table structure for table `salary_payments`
--

CREATE TABLE IF NOT EXISTS `salary_payments` (
  `salary_payment_id` int(10) NOT NULL AUTO_INCREMENT,
  `emp_id` int(11) NOT NULL,
  `payroll_id` int(11) NOT NULL,
  `receipt_no` varchar(100) NOT NULL,
  `amount_received` varchar(100) NOT NULL,
  `decription` longtext NOT NULL,
  `currency_code` varchar(100) NOT NULL,
  `curr_rate` varchar(100) NOT NULL,
  `mop` varchar(11) NOT NULL,
  `ref_no` varchar(100) NOT NULL,
  `date_paid` date NOT NULL,
  `month_paid` varchar(100) NOT NULL,
  `client_bank` varchar(100) NOT NULL,
  `our_bank` int(11) NOT NULL,
  `date_received` timestamp NOT NULL DEFAULT CURRENT_TIMESTAMP,
  `status` int(1) NOT NULL,
  PRIMARY KEY (`salary_payment_id`)
) ENGINE=MyISAM  DEFAULT CHARSET=latin1 AUTO_INCREMENT=7 ;

--
-- Dumping data for table `salary_payments`
--

INSERT INTO `salary_payments` (`salary_payment_id`, `emp_id`, `payroll_id`, `receipt_no`, `amount_received`, `decription`, `currency_code`, `curr_rate`, `mop`, `ref_no`, `date_paid`, `month_paid`, `client_bank`, `our_bank`, `date_received`, `status`) VALUES
(1, 7, 7, 'PS0001/2015', '14230 ', 'Salary Payment for  Edwin  Kipkorir  Koech for the month of January 2015', '6', '1', '3', '', '2015-01-21', 'January 2015', '', 4, '2015-01-21 23:17:29', 0),
(2, 14, 3, 'PS0002/2015', '28610 ', 'Salary Payment for  Lazarus   Ngotho  Kisilu  for the month of January 2015', '6', '1', '3', '', '2015-01-21', 'January 2015', '', 4, '2015-01-21 23:17:29', 0),
(3, 19, 2, 'PS0003/2015', '14380 ', 'Salary Payment for  Christin   Beth Wanjiru   Kimani  for the month of January 2015', '6', '1', '3', '', '2015-01-21', 'January 2015', '', 4, '2015-01-21 23:17:29', 0),
(4, 8, 1, 'PS0004/2015', '11230 ', 'Salary Payment for  Stella  Mueni  Kisilu for the month of January 2015', '6', '1', '3', '', '2015-01-21', 'January 2015', '', 4, '2015-01-21 23:17:29', 0),
(5, 8, 1, 'PS0005/2015', '11230 ', 'Salary Payment for  Stella  Mueni  Kisilu for the month of January 2015', '6', '1', '3', '', '2015-01-21', 'January 2015', '', 4, '2015-01-21 23:17:29', 0),
(6, 8, 1, 'PS0006/2015', '11230 ', 'Salary Payment for  Stella  Mueni  Kisilu for the month of January 2015', '6', '1', '3', '', '2015-01-21', 'January 2015', '', 4, '2015-01-21 23:17:29', 0);

-- --------------------------------------------------------

--
-- Table structure for table `sales`
--

CREATE TABLE IF NOT EXISTS `sales` (
  `sales_id` int(10) NOT NULL AUTO_INCREMENT,
  `product_id` int(10) NOT NULL,
  `prod_desc` longtext NOT NULL,
  `sales_code_id` int(11) NOT NULL,
  `quantity` varchar(100) NOT NULL,
  `lease` int(11) NOT NULL,
  `foc` int(11) NOT NULL,
  `vat` int(11) NOT NULL,
  `selling_price` varchar(100) NOT NULL,
  `vat_value` varchar(100) NOT NULL,
  `discount` varchar(100) NOT NULL,
  `discount_value` varchar(100) NOT NULL,
  `date_generated` timestamp NOT NULL DEFAULT CURRENT_TIMESTAMP,
  `status` int(1) NOT NULL,
  PRIMARY KEY (`sales_id`),
  KEY `supplier_id` (`product_id`)
) ENGINE=MyISAM DEFAULT CHARSET=latin1 AUTO_INCREMENT=1 ;

--
-- Dumping data for table `sales`
--


-- --------------------------------------------------------

--
-- Table structure for table `salesreturns_code_gen`
--

CREATE TABLE IF NOT EXISTS `salesreturns_code_gen` (
  `salesreturn_code_gen_id` int(11) NOT NULL AUTO_INCREMENT,
  `sales_code` int(11) NOT NULL,
  PRIMARY KEY (`salesreturn_code_gen_id`)
) ENGINE=MyISAM DEFAULT CHARSET=latin1 AUTO_INCREMENT=1 ;

--
-- Dumping data for table `salesreturns_code_gen`
--


-- --------------------------------------------------------

--
-- Table structure for table `sales_bounced_cheques`
--

CREATE TABLE IF NOT EXISTS `sales_bounced_cheques` (
  `sales_bounced_cheques_id` int(10) NOT NULL AUTO_INCREMENT,
  `invoice_payment_id` int(11) NOT NULL,
  `amount_bounced` varchar(10) NOT NULL,
  `bank_charges` varchar(100) NOT NULL,
  `currency` int(10) NOT NULL,
  `curr_rate` varchar(100) NOT NULL,
  `date_recorded` timestamp NOT NULL DEFAULT CURRENT_TIMESTAMP,
  `status` int(11) NOT NULL,
  PRIMARY KEY (`sales_bounced_cheques_id`)
) ENGINE=MyISAM DEFAULT CHARSET=latin1 AUTO_INCREMENT=1 ;

--
-- Dumping data for table `sales_bounced_cheques`
--


-- --------------------------------------------------------

--
-- Table structure for table `sales_code`
--

CREATE TABLE IF NOT EXISTS `sales_code` (
  `sales_code_id` int(11) NOT NULL AUTO_INCREMENT,
  `client_id` int(11) NOT NULL,
  `user_id` int(11) NOT NULL,
  `sales_rep_id` int(11) NOT NULL,
  `terms` varchar(100) NOT NULL,
  `currency` int(11) NOT NULL,
  `curr_rate` int(11) NOT NULL,
  `invoice_no` varchar(100) NOT NULL,
  `sale_date` date NOT NULL,
  `date_generated` timestamp NOT NULL DEFAULT CURRENT_TIMESTAMP,
  `status` int(11) NOT NULL,
  `sale_type` varchar(1) NOT NULL,
  `display` int(11) NOT NULL,
  PRIMARY KEY (`sales_code_id`)
) ENGINE=InnoDB DEFAULT CHARSET=latin1 AUTO_INCREMENT=1 ;

--
-- Dumping data for table `sales_code`
--


-- --------------------------------------------------------

--
-- Table structure for table `sales_code_get`
--

CREATE TABLE IF NOT EXISTS `sales_code_get` (
  `sales_code_id` int(11) NOT NULL AUTO_INCREMENT,
  PRIMARY KEY (`sales_code_id`)
) ENGINE=MyISAM DEFAULT CHARSET=latin1 AUTO_INCREMENT=1 ;

--
-- Dumping data for table `sales_code_get`
--


-- --------------------------------------------------------

--
-- Table structure for table `sales_ledger`
--

CREATE TABLE IF NOT EXISTS `sales_ledger` (
  `transaction_id` int(10) NOT NULL AUTO_INCREMENT,
  `transactions` varchar(100) NOT NULL,
  `amount` varchar(100) NOT NULL,
  `debit` varchar(100) NOT NULL,
  `credit` varchar(100) NOT NULL,
  `currency_code` int(10) NOT NULL,
  `curr_rate` varchar(100) NOT NULL,
  `date_recorded` timestamp NOT NULL DEFAULT CURRENT_TIMESTAMP,
  `sales_code` varchar(100) NOT NULL,
  PRIMARY KEY (`transaction_id`)
) ENGINE=MyISAM  DEFAULT CHARSET=latin1 AUTO_INCREMENT=83 ;

--
-- Dumping data for table `sales_ledger`
--

INSERT INTO `sales_ledger` (`transaction_id`, `transactions`, `amount`, `debit`, `credit`, `currency_code`, `curr_rate`, `date_recorded`, `sales_code`) VALUES
(1, 'Labour Sales Inv No:53 To Long term view capital ltd', '230', '', '230', 6, '1', '2015-01-14 03:26:40', 'inv53'),
(2, 'Labour Sales Inv No:36 To Team Fergie Transporters Ltd', '4025', '', '4025', 6, '1', '2015-01-14 03:59:25', 'inv36'),
(3, 'Labour Sales Inv No:48 To Long term view capital ltd', '575', '', '575', 6, '1', '2015-01-14 04:00:50', 'inv48'),
(4, 'Labour Sales Inv No:26 To Joel Njuguna', '1380', '', '1380', 6, '1', '2015-01-14 04:04:09', 'inv26'),
(5, 'Labour Sales Inv No:35 To Team Fergie Transporters Ltd', '4025', '', '4025', 6, '1', '2015-01-14 04:05:22', 'inv35'),
(6, 'Labour Sales Inv No:59 To Long term view capital ltd', '4600', '', '4600', 6, '1', '2015-01-14 04:06:43', 'inv59'),
(7, 'Labour Sales Inv No:57 To Long term view capital ltd', '2070', '', '2070', 6, '1', '2015-01-14 04:17:23', 'inv57'),
(8, 'Labour Sales Inv No:77 To Patch Osodo', '4600', '', '4600', 6, '1', '2015-01-14 22:59:19', 'inv77'),
(9, 'Labour Sales Inv No:55 To Long term view capital ltd', '575', '', '575', 6, '1', '2015-01-15 02:21:14', 'inv55'),
(10, 'Labour Sales Inv No:56 To Long term view capital ltd', '2300', '', '2300', 6, '1', '2015-01-15 02:22:48', 'inv56'),
(11, 'Labour Sales Inv No:46 To Team Fergie Transporters Ltd', '5175', '', '5175', 6, '1', '2015-01-15 02:23:57', 'inv46'),
(12, 'Labour Sales Inv No:43 To Long term view capital ltd', '7475', '', '7475', 6, '1', '2015-01-15 02:24:32', 'inv43'),
(13, 'Labour Sales Inv No:45 To Long term view capital ltd', '9420', '', '9420', 6, '1', '2015-01-15 02:25:32', 'inv45'),
(14, 'Labour Sales Inv No:50 To Team Fergie Transporters Ltd', '1150', '', '1150', 6, '1', '2015-01-15 02:26:00', 'inv50'),
(15, 'Labour Sales Inv No:52 To Long term view capital ltd', '1495', '', '1495', 6, '1', '2015-01-15 02:26:50', 'inv52'),
(16, 'Labour Sales Inv No:79 To Joyce Nyanamba', '4885', '', '4885', 6, '1', '2015-01-15 02:26:54', 'inv79'),
(17, 'Labour Sales Inv No:44 To Long term view capital ltd', '2875', '', '2875', 6, '1', '2015-01-15 02:28:29', 'inv44'),
(18, 'Labour Sales Inv No:51 To Long term view capital ltd', '575', '', '575', 6, '1', '2015-01-15 02:29:34', 'inv51'),
(19, 'Labour Sales Inv No:94 To Bonface Kuria', '400.2', '', '400.2', 6, '1', '2015-01-19 21:37:36', 'inv94'),
(20, 'Labour Sales Inv No:88 To Alice Waweru', '200.1', '', '200.1', 6, '1', '2015-01-19 21:38:12', 'inv88'),
(21, 'Labour Sales Inv No:87 To Mr./Mrs', '200.1', '', '200.1', 6, '1', '2015-01-19 21:39:10', 'inv87'),
(22, 'Labour Sales Inv No:66 To Omwanza Ombati', '5680', '', '5680', 6, '1', '2015-01-19 21:42:04', 'inv66'),
(23, 'Labour Sales Inv No:42 To  Mr. Beutah Maroko', '5725', '', '5725', 6, '1', '2015-01-19 21:43:12', 'inv42'),
(24, 'Labour Sales Inv No:104 To Joseph Kirigi', '400.2', '', '400.2', 6, '1', '2015-01-22 00:18:37', 'inv104'),
(25, 'Labour Sales Inv No:71 To Team Fergie Transporters ', '21590', '', '21590', 6, '1', '2015-01-22 02:20:02', 'inv71'),
(26, 'Labour Sales Inv No:72 To Team Fergie Transporters ', '12860', '', '12860', 6, '1', '2015-01-22 02:21:16', 'inv72'),
(27, 'Labour Sales Inv No:73 To Team Fergie Transporters ', '12860', '', '12860', 6, '1', '2015-01-22 02:22:22', 'inv73'),
(28, 'Labour Sales Inv No:68 To Team Fergie Transporters ', '12860', '', '12860', 6, '1', '2015-01-22 02:23:22', 'inv68'),
(29, 'Labour Sales Inv No:60 To Team Fergie Transporters ', '575', '', '575', 6, '1', '2015-01-22 02:24:13', 'inv60'),
(30, 'Labour Sales Inv No:105 To Silas Ringera', '200.1', '', '200.1', 6, '1', '2015-01-22 02:51:28', 'inv105'),
(31, 'Labour Sales Inv No:65 To Team Fergie Transporters ', '10350', '', '10350', 6, '1', '2015-01-22 03:10:27', 'inv65'),
(32, 'Labour Sales Inv No:49 To Team Fergie Transporters  ', '920', '', '920', 6, '1', '2015-01-22 03:11:00', 'inv49'),
(33, 'Labour Sales Inv No:25 To Joel Njuguna', '1600.8', '', '1600.8', 6, '1', '2015-01-22 03:18:43', 'inv25'),
(34, 'Labour Sales Inv No:17 To Njuguna', '7320.064', '', '7320.064', 6, '1', '2015-01-22 03:29:26', 'inv17'),
(35, 'Labour Sales Inv No:106 To Francis Kambo', '200.1', '', '200.1', 6, '1', '2015-01-22 21:14:20', 'inv106'),
(36, 'Labour Sales Inv No:108 To Miss', '200.1', '', '200.1', 6, '1', '2015-01-23 00:34:40', 'inv108'),
(37, 'Labour Sales Inv No:20 To Team Fergie Transporters ', '6325', '', '6325', 6, '1', '2015-01-23 01:08:43', 'inv20'),
(38, 'Labour Sales Inv No:34 To Team Fergie Transporters ', '690', '', '690', 6, '1', '2015-01-23 01:09:13', 'inv34'),
(39, 'Labour Sales Inv No:23 To Team Fergie Transporters ', '57.5', '', '57.5', 6, '1', '2015-01-23 01:10:10', 'inv23'),
(40, 'Labour Sales Inv No:54 To Team Fergie Transporters ', '2300', '', '2300', 6, '1', '2015-01-23 01:10:45', 'inv54'),
(41, 'Labour Sales Inv No:61 To Team Fergie Transporters ', '1725', '', '1725', 6, '1', '2015-01-23 01:11:06', 'inv61'),
(42, 'Labour Sales Inv No:38 To Team Fergie Transporters ', '9468', '', '9468', 6, '1', '2015-01-23 01:11:31', 'inv38'),
(43, 'Labour Sales Inv No:58 To Team Fergie Transporters ', '57.5', '', '57.5', 6, '1', '2015-01-23 01:11:59', 'inv58'),
(44, 'Labour Sales Inv No:93 To Team Fergie Transporters ', '1150', '', '1150', 6, '1', '2015-01-23 01:13:44', 'inv93'),
(45, 'Labour Sales Inv No:82 To Team Fergie Transporters ', '1725', '', '1725', 6, '1', '2015-01-23 01:14:40', 'inv82'),
(46, 'Labour Sales Inv No:102 To Team Fergie Transporters ', '4456', '', '4456', 6, '1', '2015-01-23 01:15:47', 'inv102'),
(47, 'Labour Sales Inv No:100 To Team Fergie Transporters ', '9390', '', '9390', 6, '1', '2015-01-23 01:16:21', 'inv100'),
(48, 'Labour Sales Inv No:97 To Team Fergie Transporters ', '1443', '', '1443', 6, '1', '2015-01-23 01:17:18', 'inv97'),
(49, 'Labour Sales Inv No:96 To Team Fergie Transporters ', '920', '', '920', 6, '1', '2015-01-23 01:17:36', 'inv96'),
(50, 'Labour Sales Inv No:95 To Team Fergie Transporters ', '6900', '', '6900', 6, '1', '2015-01-23 01:18:02', 'inv95'),
(51, 'Labour Sales Inv No:70 To Team Fergie Transporters ', '12687.5', '', '12687.5', 6, '1', '2015-01-23 01:25:15', 'inv70'),
(52, 'Labour Sales Inv No:69 To Team Fergie Transporters ', '12860', '', '12860', 6, '1', '2015-01-23 01:27:24', 'inv69'),
(53, 'Labour Sales Inv No:29 To Team Fergie Transporters ', '575', '', '575', 6, '1', '2015-01-23 01:28:26', 'inv29'),
(54, 'Labour Sales Inv No:22 To Team Fergie Transporters ', '3450', '', '3450', 6, '1', '2015-01-23 01:28:44', 'inv22'),
(55, 'Labour Sales Inv No:21 To Team Fergie Transporters ', '2875', '', '2875', 6, '1', '2015-01-23 01:29:03', 'inv21'),
(56, 'Labour Sales Inv No:19 To Team Fergie Transporters ', '4025', '', '4025', 6, '1', '2015-01-23 01:29:21', 'inv19'),
(57, 'Labour Sales Inv No:12 To Team Fergie Transporters ', '4025', '', '4025', 6, '1', '2015-01-23 01:29:39', 'inv12'),
(58, 'Labour Sales Inv No:11 To Team Fergie Transporters ', '5175', '', '5175', 6, '1', '2015-01-23 01:33:13', 'inv11'),
(59, 'Labour Sales Inv No:10 To Team Fergie Transporters ', '2875', '', '2875', 6, '1', '2015-01-23 01:33:31', 'inv10'),
(60, 'Labour Sales Inv No:64 To Engen petrol station', '1150', '', '1150', 6, '1', '2015-01-23 01:55:11', 'inv64'),
(61, 'Labour Sales Inv No:86 To Murimi', '575', '', '575', 6, '1', '2015-01-23 02:02:09', 'inv86'),
(62, 'Labour Sales Inv No:107 To Moses Okumu', '1725', '', '1725', 6, '1', '2015-01-23 03:34:53', 'inv107'),
(63, 'Labour Sales Inv No:109 To Mr./Mrs Others', '1050.449307', '', '1050.449307', 6, '1', '2015-01-23 03:35:10', 'inv109'),
(64, 'Labour Sales Inv No:111 To Joseph Tororei', '200.1', '', '200.1', 6, '1', '2015-01-23 19:38:10', 'inv111'),
(65, 'Labour Sales Inv No:110 To MR.Benz', '7203.83805', '', '7203.83805', 6, '1', '2015-01-23 19:38:23', 'inv110'),
(66, 'Labour Sales Inv No:112 To Cunningham Mwathi ', '400.2', '', '400.2', 6, '1', '2015-01-23 21:31:39', 'inv112'),
(67, 'Labour Sales Inv No:117 To Njuguna ', '1725', '', '1725', 6, '1', '2015-01-23 23:17:55', 'inv117'),
(68, 'Labour Sales Inv No:116 To Team Fergie Transporters ', '575', '', '575', 6, '1', '2015-01-23 23:18:11', 'inv116'),
(69, 'Labour Sales Inv No:115 To Team Fergie Transporters ', '5261', '', '5261', 6, '1', '2015-01-23 23:19:36', 'inv115'),
(70, 'Labour Sales Inv No:114 To Team Fergie Transporters ', '3950', '', '3950', 6, '1', '2015-01-23 23:19:54', 'inv114'),
(71, 'Labour Sales Inv No:118 To Joyce Nyanamba ', '5980', '', '5980', 6, '1', '2015-01-24 02:42:17', 'inv118'),
(72, 'Labour Sales Inv No:119 To Mr.', '100.05', '', '100.05', 6, '1', '2015-01-24 22:00:32', 'inv119'),
(73, 'Labour Sales Inv No:120 To Mrs.I', '200.1', '', '200.1', 6, '1', '2015-01-24 23:24:07', 'inv120'),
(74, 'Labour Sales Inv No:121 To Snowball Sacco', '1610', '', '1610', 6, '1', '2015-01-24 23:28:18', 'inv121'),
(75, 'Labour Sales Inv No:92 To Dennis Mate', '2231', '', '2231', 6, '1', '2015-01-28 02:36:43', 'inv92'),
(76, 'Labour Sales Inv No:123 To Njuguna ', '9905.00049', '', '9905.00049', 6, '1', '2015-01-28 02:42:36', 'inv123'),
(77, 'Labour Sales Inv No:133 To Francis Kambo', '300.15', '', '300.15', 6, '1', '2015-01-28 21:12:33', 'inv133'),
(78, 'Labour Sales Inv No:136 To Mustapha Musa ', '575', '', '575', 6, '1', '2015-01-29 04:01:47', 'inv136'),
(79, 'Labour Sales Inv No:131 To Philip Baptiste', '6009.075', '', '6009.075', 6, '1', '2015-01-30 15:21:53', 'inv131'),
(80, 'Cancelation of Sales Inv No:116 of client Team Fergie Transporters  ', '-575', '575', '', 6, '1', '2015-01-30 23:15:38', 'cai116'),
(81, 'Labour Sales Inv No:141 To Anna Waithera ', '32545', '', '32545', 6, '1', '2015-02-05 06:25:27', 'inv141'),
(82, 'Labour Sales Inv No:142 To  Mr. Beutah Maroko ', '6999.498', '', '6999.498', 6, '1', '2015-02-05 06:34:16', 'inv142');

-- --------------------------------------------------------

--
-- Table structure for table `sales_receipt`
--

CREATE TABLE IF NOT EXISTS `sales_receipt` (
  `sales_rep_id` int(10) NOT NULL AUTO_INCREMENT,
  `receipt_no` varchar(100) NOT NULL,
  `amnt_rec` varchar(100) NOT NULL,
  `currency_code` varchar(100) NOT NULL,
  `curr_rate` varchar(100) NOT NULL,
  `mop` varchar(100) NOT NULL,
  `cheque_no` varchar(100) NOT NULL,
  `sales_code_id` int(10) NOT NULL,
  `user_id` int(10) NOT NULL,
  `date_generated` timestamp NOT NULL DEFAULT CURRENT_TIMESTAMP ON UPDATE CURRENT_TIMESTAMP,
  `status` int(1) NOT NULL,
  PRIMARY KEY (`sales_rep_id`)
) ENGINE=MyISAM DEFAULT CHARSET=latin1 AUTO_INCREMENT=1 ;

--
-- Dumping data for table `sales_receipt`
--


-- --------------------------------------------------------

--
-- Table structure for table `sales_returns`
--

CREATE TABLE IF NOT EXISTS `sales_returns` (
  `sales_returns_id` int(10) NOT NULL AUTO_INCREMENT,
  `product_id` int(10) NOT NULL,
  `selling_price` varchar(100) NOT NULL,
  `sales_return_code_id` int(11) NOT NULL,
  `sales_code_id` int(10) NOT NULL,
  `sales_return_quantity` varchar(100) NOT NULL,
  `desc` varchar(100) NOT NULL,
  `date_returned` timestamp NOT NULL DEFAULT CURRENT_TIMESTAMP,
  PRIMARY KEY (`sales_returns_id`)
) ENGINE=MyISAM DEFAULT CHARSET=latin1 AUTO_INCREMENT=1 ;

--
-- Dumping data for table `sales_returns`
--


-- --------------------------------------------------------

--
-- Table structure for table `sales_returns_code`
--

CREATE TABLE IF NOT EXISTS `sales_returns_code` (
  `sales_return_code_id` int(11) NOT NULL AUTO_INCREMENT,
  `sales_code_id` int(11) NOT NULL,
  `credit_note_no` varchar(100) NOT NULL,
  `date_recorded` timestamp NOT NULL DEFAULT CURRENT_TIMESTAMP,
  `user_id` int(11) NOT NULL,
  `status` int(1) NOT NULL,
  PRIMARY KEY (`sales_return_code_id`)
) ENGINE=MyISAM DEFAULT CHARSET=latin1 AUTO_INCREMENT=1 ;

--
-- Dumping data for table `sales_returns_code`
--


-- --------------------------------------------------------

--
-- Table structure for table `sales_return_ledger`
--

CREATE TABLE IF NOT EXISTS `sales_return_ledger` (
  `transaction_id` int(10) NOT NULL AUTO_INCREMENT,
  `transactions` varchar(100) NOT NULL,
  `amount` varchar(100) NOT NULL,
  `debit` varchar(100) NOT NULL,
  `credit` varchar(100) NOT NULL,
  `currency_code` int(10) NOT NULL,
  `curr_rate` varchar(100) NOT NULL,
  `date_recorded` timestamp NOT NULL DEFAULT CURRENT_TIMESTAMP,
  `sales_code` varchar(100) NOT NULL,
  PRIMARY KEY (`transaction_id`)
) ENGINE=MyISAM DEFAULT CHARSET=latin1 AUTO_INCREMENT=1 ;

--
-- Dumping data for table `sales_return_ledger`
--


-- --------------------------------------------------------

--
-- Table structure for table `sale_fixed_asset_payment`
--

CREATE TABLE IF NOT EXISTS `sale_fixed_asset_payment` (
  `sale_fixed_asset_payment_id` int(10) NOT NULL AUTO_INCREMENT,
  `fixed_asset_id` int(10) NOT NULL,
  `current_value` varchar(100) NOT NULL,
  `amount_received` varchar(100) NOT NULL,
  `currency_code` varchar(100) NOT NULL,
  `curr_rate` varchar(100) NOT NULL,
  `mop` varchar(11) NOT NULL,
  `date_received` timestamp NOT NULL DEFAULT CURRENT_TIMESTAMP ON UPDATE CURRENT_TIMESTAMP,
  `status` int(1) NOT NULL,
  PRIMARY KEY (`sale_fixed_asset_payment_id`)
) ENGINE=MyISAM DEFAULT CHARSET=latin1 AUTO_INCREMENT=1 ;

--
-- Dumping data for table `sale_fixed_asset_payment`
--


-- --------------------------------------------------------

--
-- Table structure for table `savings`
--

CREATE TABLE IF NOT EXISTS `savings` (
  `savings_id` int(10) NOT NULL AUTO_INCREMENT,
  `savings_name` varchar(100) COLLATE latin1_general_ci DEFAULT NULL,
  `savings_amount` varchar(20) COLLATE latin1_general_ci DEFAULT NULL,
  PRIMARY KEY (`savings_id`)
) ENGINE=MyISAM DEFAULT CHARSET=latin1 COLLATE=latin1_general_ci AUTO_INCREMENT=1 ;

--
-- Dumping data for table `savings`
--


-- --------------------------------------------------------

--
-- Table structure for table `savings_log`
--

CREATE TABLE IF NOT EXISTS `savings_log` (
  `savings_log_id` int(10) NOT NULL AUTO_INCREMENT,
  `payrol_basic_log_id` int(10) NOT NULL,
  `emp_id` int(10) NOT NULL,
  `saving_name` varchar(100) NOT NULL,
  `savings_amount` varchar(100) NOT NULL,
  `savings_date` timestamp NOT NULL DEFAULT CURRENT_TIMESTAMP ON UPDATE CURRENT_TIMESTAMP,
  PRIMARY KEY (`savings_log_id`)
) ENGINE=MyISAM DEFAULT CHARSET=latin1 AUTO_INCREMENT=1 ;

--
-- Dumping data for table `savings_log`
--


-- --------------------------------------------------------

--
-- Table structure for table `shareholder_transactions`
--

CREATE TABLE IF NOT EXISTS `shareholder_transactions` (
  `transaction_id` int(10) NOT NULL AUTO_INCREMENT,
  `shareholder_id` int(10) NOT NULL,
  `order_code` varchar(100) NOT NULL,
  `transaction` varchar(100) NOT NULL,
  `currency` int(11) NOT NULL,
  `curr_rate` varchar(11) NOT NULL,
  `amount` varchar(100) NOT NULL,
  `date_recorded` timestamp NOT NULL DEFAULT CURRENT_TIMESTAMP,
  PRIMARY KEY (`transaction_id`)
) ENGINE=MyISAM DEFAULT CHARSET=latin1 AUTO_INCREMENT=1 ;

--
-- Dumping data for table `shareholder_transactions`
--


-- --------------------------------------------------------

--
-- Table structure for table `shares`
--

CREATE TABLE IF NOT EXISTS `shares` (
  `shares_id` int(10) NOT NULL AUTO_INCREMENT,
  `share_holder_name` varchar(100) COLLATE latin1_general_ci NOT NULL,
  `contact_person` varchar(100) COLLATE latin1_general_ci NOT NULL,
  `next_of_kin` varchar(100) COLLATE latin1_general_ci NOT NULL,
  `perc_shares` varchar(100) COLLATE latin1_general_ci NOT NULL,
  `shares_amount` varchar(100) COLLATE latin1_general_ci NOT NULL,
  `currency` int(10) NOT NULL,
  `curr_rate` varchar(100) COLLATE latin1_general_ci NOT NULL,
  `mop` int(11) NOT NULL,
  `cheque_no` varchar(100) COLLATE latin1_general_ci NOT NULL,
  `ref_no` varchar(100) COLLATE latin1_general_ci NOT NULL,
  `date_paid` datetime NOT NULL,
  `client_bank` varchar(100) COLLATE latin1_general_ci NOT NULL,
  `our_bank` int(11) NOT NULL,
  `date_received` timestamp NOT NULL DEFAULT CURRENT_TIMESTAMP,
  `remarks` varchar(100) COLLATE latin1_general_ci NOT NULL,
  `status` int(1) NOT NULL DEFAULT '0',
  PRIMARY KEY (`shares_id`)
) ENGINE=MyISAM DEFAULT CHARSET=latin1 COLLATE=latin1_general_ci AUTO_INCREMENT=1 ;

--
-- Dumping data for table `shares`
--


-- --------------------------------------------------------

--
-- Table structure for table `shares_ledger`
--

CREATE TABLE IF NOT EXISTS `shares_ledger` (
  `transaction_id` int(10) NOT NULL AUTO_INCREMENT,
  `transactions` varchar(100) NOT NULL,
  `amount` varchar(100) NOT NULL,
  `debit` varchar(100) NOT NULL,
  `credit` varchar(100) NOT NULL,
  `currency_code` int(10) NOT NULL,
  `curr_rate` varchar(100) NOT NULL,
  `date_recorded` timestamp NOT NULL DEFAULT CURRENT_TIMESTAMP,
  `order_code` varchar(100) NOT NULL,
  PRIMARY KEY (`transaction_id`)
) ENGINE=MyISAM DEFAULT CHARSET=latin1 AUTO_INCREMENT=1 ;

--
-- Dumping data for table `shares_ledger`
--


-- --------------------------------------------------------

--
-- Table structure for table `shares_withdrawal`
--

CREATE TABLE IF NOT EXISTS `shares_withdrawal` (
  `shares_withdrawal_id` int(10) NOT NULL AUTO_INCREMENT,
  `receipt_no` varchar(100) NOT NULL,
  `shareholder_id` int(10) NOT NULL,
  `amount_received` varchar(100) NOT NULL,
  `decription` longtext NOT NULL,
  `currency_code` varchar(100) NOT NULL,
  `curr_rate` varchar(100) NOT NULL,
  `mop` varchar(11) NOT NULL,
  `ref_no` varchar(100) NOT NULL,
  `date_paid` date NOT NULL,
  `client_bank` varchar(100) NOT NULL,
  `our_bank` int(11) NOT NULL,
  `date_received` timestamp NOT NULL DEFAULT CURRENT_TIMESTAMP,
  `status` int(1) NOT NULL,
  PRIMARY KEY (`shares_withdrawal_id`)
) ENGINE=MyISAM DEFAULT CHARSET=latin1 AUTO_INCREMENT=1 ;

--
-- Dumping data for table `shares_withdrawal`
--


-- --------------------------------------------------------

--
-- Table structure for table `shippers`
--

CREATE TABLE IF NOT EXISTS `shippers` (
  `shipper_id` int(10) NOT NULL AUTO_INCREMENT,
  `shipper_name` varchar(100) NOT NULL,
  `address` varchar(100) NOT NULL,
  `town` varchar(10) NOT NULL,
  `phone` varchar(100) NOT NULL,
  `email` varchar(100) NOT NULL,
  `status` int(1) NOT NULL,
  PRIMARY KEY (`shipper_id`)
) ENGINE=MyISAM  DEFAULT CHARSET=latin1 AUTO_INCREMENT=6 ;

--
-- Dumping data for table `shippers`
--

INSERT INTO `shippers` (`shipper_id`, `shipper_name`, `address`, `town`, `phone`, `email`, `status`) VALUES
(1, 'Taran Agencis Limited', 'Yuwu, China', 'Yiwu', '+8615067914472', 'ismaciil207@hotmail.com', 0),
(2, 'By Air to JKIA', 'Nairobi', 'Nairobi, K', 'N/A', 'hhassan@briskdiagnostics.com', 0),
(5, 'Shipped By Supplier', 'n/a', 'n/a', 'n/a', 'na@y.com', 0),
(4, 'Local Purchase', 'Local Purchase', 'Nairobi, K', 'N/A', 'info@briskdiagnostics.com', 0);

-- --------------------------------------------------------

--
-- Table structure for table `shippers_transactions`
--

CREATE TABLE IF NOT EXISTS `shippers_transactions` (
  `transaction_id` int(10) NOT NULL AUTO_INCREMENT,
  `shipper_id` int(10) NOT NULL,
  `order_code` varchar(10) NOT NULL,
  `transaction` varchar(100) NOT NULL,
  `amount` varchar(100) NOT NULL,
  `currency` int(11) NOT NULL,
  `curr_rate` varchar(100) NOT NULL,
  `date_recorded` timestamp NOT NULL DEFAULT CURRENT_TIMESTAMP,
  PRIMARY KEY (`transaction_id`)
) ENGINE=MyISAM  DEFAULT CHARSET=latin1 AUTO_INCREMENT=27 ;

--
-- Dumping data for table `shippers_transactions`
--

INSERT INTO `shippers_transactions` (`transaction_id`, `shipper_id`, `order_code`, `transaction`, `amount`, `currency`, `curr_rate`, `date_recorded`) VALUES
(1, 4, 'fc2', 'Freight Charges for Goods Supplied By:Local Purchase', '0', 6, '1', '2014-12-20 23:42:22'),
(2, 4, 'fc6', 'Freight Charges for Goods Supplied By:Local Purchase', '0', 6, '1', '2015-01-03 20:26:07'),
(3, 4, 'fc24', 'Freight Charges for Goods Supplied By:Local Purchase', '0', 6, '1', '2015-01-08 01:12:02'),
(4, 4, 'fc19', 'Freight Charges for Goods Supplied By:Local Purchase', '0', 6, '1', '2015-01-08 01:13:32'),
(5, 4, 'fc17', 'Freight Charges for Goods Supplied By:Local Purchase', '0', 6, '1', '2015-01-08 01:13:58'),
(6, 4, 'fc16', 'Freight Charges for Goods Supplied By:Local Purchase', '0', 6, '1', '2015-01-08 01:14:23'),
(7, 4, 'fc15', 'Freight Charges for Goods Supplied By:Local Purchase', '0', 6, '1', '2015-01-08 01:15:06'),
(8, 4, 'fc23', 'Freight Charges for Goods Supplied By:Local Purchase', '0', 6, '1', '2015-01-08 01:15:42'),
(9, 4, 'fc34', 'Freight Charges for Goods Supplied By:Local Purchase', '0', 6, '1', '2015-01-11 20:17:19'),
(10, 4, 'fc33', 'Freight Charges for Goods Supplied By:Local Purchase', '0', 6, '1', '2015-01-11 20:17:33'),
(11, 4, 'fc37', 'Freight Charges for Goods Supplied By:Local Purchase', '0', 6, '1', '2015-01-14 23:56:48'),
(12, 4, 'fc39', 'Freight Charges for Goods Supplied By:Local Purchase', '0', 6, '1', '2015-01-15 03:22:59'),
(13, 4, 'fc40', 'Freight Charges for Goods Supplied By:Local Purchase', '0', 6, '1', '2015-01-15 03:25:31'),
(14, 4, 'fc36', 'Freight Charges for Goods Supplied By:Local Purchase', '', 6, '1', '2015-01-15 03:52:48'),
(15, 4, 'fc35', 'Freight Charges for Goods Supplied By:Local Purchase', '0', 6, '1', '2015-01-15 03:53:15'),
(16, 4, 'fc41', 'Freight Charges for Goods Supplied By:Local Purchase', '0', 6, '1', '2015-01-15 22:18:14'),
(17, 4, 'fc42', 'Freight Charges for Goods Supplied By:Local Purchase', '0', 6, '1', '2015-01-15 22:18:31'),
(18, 4, 'fc44', 'Freight Charges for Goods Supplied By:Local Purchase', '0', 6, '1', '2015-01-16 01:20:18'),
(19, 4, 'fc43', 'Freight Charges for Goods Supplied By:Local Purchase', '0', 6, '1', '2015-01-16 01:20:36'),
(20, 4, 'fc46', 'Freight Charges for Goods Supplied By:Local Purchase', '0', 6, '1', '2015-01-18 00:33:00'),
(21, 4, 'fc49', 'Freight Charges for Goods Supplied By:Local Purchase', '0', 6, '1', '2015-01-21 19:45:59'),
(22, 4, 'fc51', 'Freight Charges for Goods Supplied By:Local Purchase', '0', 6, '1', '2015-01-21 19:46:30'),
(23, 4, 'fc50', 'Freight Charges for Goods Supplied By:Local Purchase', '0', 6, '1', '2015-01-21 19:47:36'),
(24, 4, 'fc53', 'Freight Charges for Goods Supplied By:Local Purchase', '0', 6, '1', '2015-01-26 23:45:30'),
(25, 4, 'fc54', 'Freight Charges for Goods Supplied By:Local Purchase', '0', 6, '1', '2015-01-29 01:51:15'),
(26, 4, 'fc55', 'Freight Charges for Goods Supplied By:Local Purchase', '0', 6, '1', '2015-01-29 01:53:50');

-- --------------------------------------------------------

--
-- Table structure for table `staff_advance`
--

CREATE TABLE IF NOT EXISTS `staff_advance` (
  `staff_advance_id` int(10) NOT NULL AUTO_INCREMENT,
  `receipt_no` varchar(100) NOT NULL,
  `emp_id` int(10) NOT NULL,
  `amount_received` varchar(100) NOT NULL,
  `install` varchar(100) NOT NULL,
  `decription` longtext NOT NULL,
  `currency_code` varchar(100) NOT NULL,
  `curr_rate` varchar(100) NOT NULL,
  `mop` varchar(11) NOT NULL,
  `ref_no` varchar(100) NOT NULL,
  `date_paid` date NOT NULL,
  `month_paid` varchar(100) NOT NULL,
  `client_bank` varchar(100) NOT NULL,
  `our_bank` int(11) NOT NULL,
  `date_received` timestamp NOT NULL DEFAULT CURRENT_TIMESTAMP,
  `status` int(1) NOT NULL,
  PRIMARY KEY (`staff_advance_id`)
) ENGINE=MyISAM  DEFAULT CHARSET=latin1 AUTO_INCREMENT=25 ;

--
-- Dumping data for table `staff_advance`
--

INSERT INTO `staff_advance` (`staff_advance_id`, `receipt_no`, `emp_id`, `amount_received`, `install`, `decription`, `currency_code`, `curr_rate`, `mop`, `ref_no`, `date_paid`, `month_paid`, `client_bank`, `our_bank`, `date_received`, `status`) VALUES
(24, 'BRSP0024/2015', 33, '11000', '11000', 'Days not worked', '6', '1', '1', '', '0000-00-00', 'January 2015', '', 0, '2015-01-29 21:39:53', 0),
(23, 'BRSP0023/2015', 32, '10267', '10267', 'Days not worked', '6', '1', '1', '', '0000-00-00', 'January 2015', '', 0, '2015-01-29 21:36:28', 0),
(3, 'BRSP0003/2015', 16, '7082', '2361', 'Shortages', '6', '1', '1', '', '0000-00-00', 'January 2015', '', 0, '2015-01-29 20:38:52', 0),
(4, 'BRSP0004/2015', 19, '12569', '2513', 'Shortage', '6', '1', '1', '', '0000-00-00', 'January 2015', '', 0, '2015-01-29 20:41:35', 0),
(5, 'BRSP0005/2015', 21, '6928', '2309', 'Shortages', '6', '1', '1', '', '0000-00-00', 'January 2015', '', 0, '2015-01-29 20:42:55', 0),
(6, 'BRSP0006/2015', 8, '4758', '2379', 'shortage', '6', '1', '1', '', '0000-00-00', 'January 2015', '', 0, '2015-01-29 20:44:56', 0),
(7, 'BRSP0007/2015', 11, '500', '500', 'Shortage', '6', '1', '1', '', '0000-00-00', 'January 2015', '', 0, '2015-01-29 20:45:45', 0),
(8, 'BRSP0008/2015', 9, '800', '800', 'Shortage', '6', '1', '1', '', '0000-00-00', 'January 2015', '', 0, '2015-01-29 20:46:16', 0),
(10, 'BRSP0010/2015', 24, '900', '900', 'Shortage', '6', '1', '1', '', '0000-00-00', 'January 2015', '', 0, '2015-01-29 20:49:10', 0),
(11, 'BRSP0011/2015', 25, '900', '900', 'Shortage', '6', '1', '1', '', '0000-00-00', 'January 2015', '', 0, '2015-01-29 20:49:52', 0),
(12, 'BRSP0012/2015', 12, '300', '300', 'Shortage', '6', '1', '1', '', '0000-00-00', 'January 2015', '', 0, '2015-01-29 20:51:13', 0),
(13, 'BRSP0013/2015', 7, '970', '970', 'shortage', '6', '1', '1', '', '0000-00-00', 'January 2015', '', 0, '2015-01-29 20:51:43', 0),
(14, 'BRSP0014/2015', 15, '268', '268', 'Shortage', '6', '1', '1', '', '0000-00-00', 'January 2015', '', 0, '2015-01-29 20:52:26', 0),
(15, 'BRSP0015/2015', 10, '100', '100', 'shortage', '6', '1', '1', '', '0000-00-00', 'January 2015', '', 0, '2015-01-29 20:53:11', 0),
(16, 'BRSP0016/2015', 23, '150', '150', 'Shortage', '6', '1', '1', '', '0000-00-00', 'January 2015', '', 0, '2015-01-29 20:53:47', 0),
(17, 'BRSP0017/2015', 26, '272', '272', '', '6', '1', '1', '', '0000-00-00', 'January 2015', '', 0, '2015-01-29 20:54:28', 0),
(18, 'BRSP0018/2015', 27, '7000', '7000', 'Salary advance', '6', '1', '1', '', '0000-00-00', 'January 2015', '', 0, '2015-01-29 20:57:28', 0),
(19, 'BRSP0019/2015', 29, '6500', '6500', 'Salary advance', '6', '1', '1', '', '0000-00-00', 'January 2015', '', 0, '2015-01-29 20:58:05', 0),
(20, 'BRSP0020/2015', 28, '29530', '2460', 'Salary advance', '6', '1', '1', '', '0000-00-00', 'January 2015', '', 0, '2015-01-29 20:59:40', 0),
(21, 'BRSP0021/2015', 14, '2000', '2000', 'salary advance', '6', '1', '1', '', '0000-00-00', 'January 2015', '', 0, '2015-01-29 21:00:14', 0);

-- --------------------------------------------------------

--
-- Table structure for table `staff_advance_repayment`
--

CREATE TABLE IF NOT EXISTS `staff_advance_repayment` (
  `staff_advance_repayment_id` int(10) NOT NULL AUTO_INCREMENT,
  `emp_id` int(10) NOT NULL,
  `payroll_id` int(11) NOT NULL,
  `amount_repaid` varchar(100) NOT NULL,
  `month_paid` varchar(100) NOT NULL,
  `date_repaid` timestamp NOT NULL DEFAULT CURRENT_TIMESTAMP,
  `status` int(1) NOT NULL,
  PRIMARY KEY (`staff_advance_repayment_id`)
) ENGINE=MyISAM  DEFAULT CHARSET=latin1 AUTO_INCREMENT=35 ;

--
-- Dumping data for table `staff_advance_repayment`
--

INSERT INTO `staff_advance_repayment` (`staff_advance_repayment_id`, `emp_id`, `payroll_id`, `amount_repaid`, `month_paid`, `date_repaid`, `status`) VALUES
(17, 9, 155, '800', 'January 2015', '2015-01-29 21:42:25', 0),
(16, 8, 154, '2379', 'January 2015', '2015-01-29 21:42:25', 0),
(15, 7, 153, '970', 'January 2015', '2015-01-29 21:42:25', 0),
(18, 10, 156, '100', 'January 2015', '2015-01-29 21:42:25', 0),
(19, 11, 157, '500', 'January 2015', '2015-01-29 21:42:25', 0),
(20, 12, 158, '300', 'January 2015', '2015-01-29 21:42:25', 0),
(21, 14, 160, '2000', 'January 2015', '2015-01-29 21:42:25', 0),
(22, 15, 161, '268', 'January 2015', '2015-01-29 21:42:25', 0),
(23, 16, 162, '2361', 'January 2015', '2015-01-29 21:42:25', 0),
(24, 19, 165, '2513', 'January 2015', '2015-01-29 21:42:25', 0),
(25, 21, 167, '2309', 'January 2015', '2015-01-29 21:42:25', 0),
(26, 23, 168, '150', 'January 2015', '2015-01-29 21:42:25', 0),
(27, 24, 169, '900', 'January 2015', '2015-01-29 21:42:25', 0),
(28, 25, 170, '900', 'January 2015', '2015-01-29 21:42:25', 0),
(29, 26, 171, '272', 'January 2015', '2015-01-29 21:42:25', 0),
(30, 27, 172, '7000', 'January 2015', '2015-01-29 21:42:25', 0),
(31, 28, 173, '2460', 'January 2015', '2015-01-29 21:42:25', 0),
(32, 29, 174, '6500', 'January 2015', '2015-01-29 21:42:25', 0),
(33, 32, 176, '10267', 'January 2015', '2015-01-29 21:42:25', 0),
(34, 33, 177, '11000', 'January 2015', '2015-01-29 21:42:25', 0);

-- --------------------------------------------------------

--
-- Table structure for table `staff_transactions`
--

CREATE TABLE IF NOT EXISTS `staff_transactions` (
  `transaction_id` int(10) NOT NULL AUTO_INCREMENT,
  `emp_id` int(10) NOT NULL,
  `order_code` varchar(10) NOT NULL,
  `transaction` varchar(100) NOT NULL,
  `amount` varchar(100) NOT NULL,
  `currency` int(11) NOT NULL,
  `curr_rate` varchar(100) NOT NULL,
  `date_recorded` timestamp NOT NULL DEFAULT CURRENT_TIMESTAMP,
  PRIMARY KEY (`transaction_id`)
) ENGINE=MyISAM  DEFAULT CHARSET=latin1 AUTO_INCREMENT=38 ;

--
-- Dumping data for table `staff_transactions`
--

INSERT INTO `staff_transactions` (`transaction_id`, `emp_id`, `order_code`, `transaction`, `amount`, `currency`, `curr_rate`, `date_recorded`) VALUES
(1, 1, 'payrol1', 'Deduction of Salary Advance From Staff : Jonah  JOnah  Jonah for the month of December 2014', '- ', 6, '1', '2014-12-20 00:13:56'),
(2, 1, 'payrol1', 'Counter Commission payable to : Jonah  JOnah  Jonah for the month of December 2014', '-', 6, '1', '2014-12-20 00:13:56'),
(3, 1, 'payrol1', 'Counter Previous Balance for staff: Jonah  JOnah  Jonah before the month of December 2014', '-0', 6, '1', '2014-12-20 00:13:56'),
(4, 1, 'payrol1', 'Net Amount payable to :Jonah  JOnah  Jonahfor the month of December 2014', '20500 ', 6, '1', '2014-12-20 00:13:56'),
(5, 1, 'payrol1', 'Salary Payment for the month of December 2014', '-20500', 6, '1', '2014-12-20 00:19:38'),
(6, 3, 'payrol1', 'Salary Payment for the month of December 2014', '-41435', 6, '1', '2015-01-16 03:48:26'),
(37, 33, 'sadv24', 'Advance Payments made on  ', '11000', 6, '1', '2015-01-29 21:39:53'),
(36, 32, 'sadv23', 'Advance Payments made on  ', '10267', 6, '1', '2015-01-29 21:36:28'),
(10, 7, 'payrol7', 'Salary Payment for the month of January 2015', '-14230 ', 0, '', '2015-01-21 23:17:29'),
(11, 14, 'payrol3', 'Salary Payment for the month of January 2015', '-28610 ', 0, '', '2015-01-21 23:17:29'),
(12, 19, 'payrol2', 'Salary Payment for the month of January 2015', '-14380 ', 0, '', '2015-01-21 23:17:29'),
(13, 8, 'payrol1', 'Salary Payment for the month of January 2015', '-11230 ', 0, '', '2015-01-21 23:17:29'),
(14, 8, 'payrol1', 'Salary Payment for the month of January 2015', '-11230 ', 0, '', '2015-01-21 23:17:29'),
(15, 8, 'payrol1', 'Salary Payment for the month of January 2015', '-11230 ', 0, '', '2015-01-21 23:17:29'),
(16, 16, 'sadv3', 'Advance Payments made on  ', '7082', 6, '1', '2015-01-29 20:38:52'),
(17, 19, 'sadv4', 'Advance Payments made on  ', '12569', 6, '1', '2015-01-29 20:41:35'),
(18, 21, 'sadv5', 'Advance Payments made on  ', '6928', 6, '1', '2015-01-29 20:42:55'),
(19, 8, 'sadv6', 'Advance Payments made on  ', '4758', 6, '1', '2015-01-29 20:44:56'),
(20, 11, 'sadv7', 'Advance Payments made on  ', '500', 6, '1', '2015-01-29 20:45:45'),
(21, 9, 'sadv8', 'Advance Payments made on  ', '800', 6, '1', '2015-01-29 20:46:16'),
(23, 24, 'sadv10', 'Advance Payments made on  ', '900', 6, '1', '2015-01-29 20:49:10'),
(24, 25, 'sadv11', 'Advance Payments made on  ', '900', 6, '1', '2015-01-29 20:49:52'),
(25, 12, 'sadv12', 'Advance Payments made on  ', '300', 6, '1', '2015-01-29 20:51:13'),
(26, 7, 'sadv13', 'Advance Payments made on  ', '970', 6, '1', '2015-01-29 20:51:43'),
(27, 15, 'sadv14', 'Advance Payments made on  ', '268', 6, '1', '2015-01-29 20:52:26'),
(28, 10, 'sadv15', 'Advance Payments made on  ', '100', 6, '1', '2015-01-29 20:53:11'),
(29, 23, 'sadv16', 'Advance Payments made on  ', '150', 6, '1', '2015-01-29 20:53:47'),
(30, 26, 'sadv17', 'Advance Payments made on  ', '272', 6, '1', '2015-01-29 20:54:28'),
(31, 27, 'sadv18', 'Advance Payments made on  ', '7000', 6, '1', '2015-01-29 20:57:28'),
(32, 29, 'sadv19', 'Advance Payments made on  ', '6500', 6, '1', '2015-01-29 20:58:05'),
(33, 28, 'sadv20', 'Advance Payments made on  ', '29530', 6, '1', '2015-01-29 20:59:40'),
(34, 14, 'sadv21', 'Advance Payments made on  ', '2000', 6, '1', '2015-01-29 21:00:14');

-- --------------------------------------------------------

--
-- Table structure for table `station`
--

CREATE TABLE IF NOT EXISTS `station` (
  `station_id` int(11) NOT NULL AUTO_INCREMENT,
  `station_name` varchar(100) NOT NULL,
  PRIMARY KEY (`station_id`)
) ENGINE=InnoDB  DEFAULT CHARSET=latin1 AUTO_INCREMENT=10 ;

--
-- Dumping data for table `station`
--

INSERT INTO `station` (`station_id`, `station_name`) VALUES
(3, 'Garage Station'),
(4, 'Restaurant Section'),
(5, 'Patrol Station'),
(6, 'Administration'),
(7, 'Convenient Store'),
(8, 'Team Fergie Transporters'),
(9, 'Capital Water Supply');

-- --------------------------------------------------------

--
-- Table structure for table `stockreturns_code_gen`
--

CREATE TABLE IF NOT EXISTS `stockreturns_code_gen` (
  `stockreturn_code_gen_id` int(11) NOT NULL AUTO_INCREMENT,
  `order_code` int(10) NOT NULL,
  PRIMARY KEY (`stockreturn_code_gen_id`)
) ENGINE=MyISAM DEFAULT CHARSET=latin1 AUTO_INCREMENT=1 ;

--
-- Dumping data for table `stockreturns_code_gen`
--


-- --------------------------------------------------------

--
-- Table structure for table `stock_payments`
--

CREATE TABLE IF NOT EXISTS `stock_payments` (
  `stock_payments_id` int(10) NOT NULL AUTO_INCREMENT,
  `lpo_no` varchar(100) NOT NULL,
  `receipt_no` varchar(100) NOT NULL,
  `cost_of_stock` varchar(100) NOT NULL,
  `amnt_paid` varchar(100) NOT NULL,
  `currency` varchar(100) NOT NULL,
  `exchange_rate` varchar(100) NOT NULL,
  `mop` varchar(100) NOT NULL,
  `cheque_no` varchar(100) NOT NULL,
  `ref_no` varchar(100) NOT NULL,
  `client_bank` varchar(100) NOT NULL,
  `our_bank` int(11) NOT NULL,
  `date_drawn` date NOT NULL,
  `supplier_id` int(10) NOT NULL,
  `order_code` int(10) NOT NULL,
  `user_id` int(10) NOT NULL,
  `date_paid` timestamp NOT NULL DEFAULT CURRENT_TIMESTAMP ON UPDATE CURRENT_TIMESTAMP,
  `status` int(1) NOT NULL,
  PRIMARY KEY (`stock_payments_id`)
) ENGINE=MyISAM DEFAULT CHARSET=latin1 AUTO_INCREMENT=1 ;

--
-- Dumping data for table `stock_payments`
--


-- --------------------------------------------------------

--
-- Table structure for table `stock_returns`
--

CREATE TABLE IF NOT EXISTS `stock_returns` (
  `stock_returns_id` int(10) NOT NULL AUTO_INCREMENT,
  `product_code` varchar(10) NOT NULL,
  `purchase_order_id` int(10) NOT NULL,
  `product_id` int(10) NOT NULL,
  `vendor_price` varchar(100) NOT NULL,
  `currency` varchar(100) NOT NULL,
  `curr_rate` varchar(100) NOT NULL,
  `supplier_id` int(10) NOT NULL,
  `stockreturn_code` int(10) NOT NULL,
  `order_code` int(10) NOT NULL,
  `user_id` int(10) NOT NULL,
  `stock_return_quantity` varchar(100) NOT NULL,
  `reason` varchar(100) NOT NULL,
  `date_returned` timestamp NOT NULL DEFAULT CURRENT_TIMESTAMP,
  PRIMARY KEY (`stock_returns_id`)
) ENGINE=MyISAM DEFAULT CHARSET=latin1 AUTO_INCREMENT=1 ;

--
-- Dumping data for table `stock_returns`
--


-- --------------------------------------------------------

--
-- Table structure for table `sub_cat_terminologies`
--

CREATE TABLE IF NOT EXISTS `sub_cat_terminologies` (
  `sub_cat_terminology_id` int(10) NOT NULL AUTO_INCREMENT,
  `minor_terminology_id` int(11) NOT NULL,
  `sub_cat_teminology` varchar(100) NOT NULL,
  PRIMARY KEY (`sub_cat_terminology_id`)
) ENGINE=MyISAM DEFAULT CHARSET=latin1 AUTO_INCREMENT=1 ;

--
-- Dumping data for table `sub_cat_terminologies`
--


-- --------------------------------------------------------

--
-- Table structure for table `sub_module`
--

CREATE TABLE IF NOT EXISTS `sub_module` (
  `sub_module_id` int(10) NOT NULL AUTO_INCREMENT,
  `module_id` int(10) NOT NULL,
  `sub_module_name` varchar(200) NOT NULL,
  `sort_order` int(10) NOT NULL,
  `sublink` longtext NOT NULL,
  `description` varchar(100) NOT NULL,
  `status` int(10) NOT NULL,
  PRIMARY KEY (`sub_module_id`)
) ENGINE=MyISAM  DEFAULT CHARSET=latin1 AUTO_INCREMENT=234 ;

--
-- Dumping data for table `sub_module`
--

INSERT INTO `sub_module` (`sub_module_id`, `module_id`, `sub_module_name`, `sort_order`, `sublink`, `description`, `status`) VALUES
(1, 3, 'View All Bookings', 2, '<li><a href="home.php?viewhrforms=viewhrforms">View Bookings</a></li>', 'View Bookings', 0),
(2, 3, 'Vehicle Make and Models', 2, '<li><a href="home.php?viewuniversity=viewuniversity">Vehicle Make and Models</a></li>', 'Create Vehicle Make', 0),
(3, 3, 'Customer Database', 3, '<li><a href="home.php?viewproject=viewproject">Customer Database</a></li>', 'Customer Database', 0),
(4, 3, 'Project Implementation Location', 2, '<li><a href="home.php?viewlocation=viewlocation">Project Implementation Location</a></li>	', 'good', 0),
(5, 3, 'Items Categories', 8, '<li><a href="home.php?viewsubproject=viewsubproject">Items Categories</a></li>', 'Items Categories', 0),
(6, 3, 'List Of Pending Estimates', 89, '<li><a href="home.php?editsettlements=editsettlements">List Of Pending Estimates</a></li>', '', 0),
(7, 4, 'User Group Management', 10, '<li><a href="home.php?newusergroup=newusergroup">User Group Management</a></li>', 'vbvb', 0),
(8, 4, 'Modules and Submodules', 11, '<li><a href="home.php?modules=modules">Modules and Submodules</a></li>', '', 0),
(9, 4, 'Modules User Group Relation', 12, '<li><a href="home.php?modulesusergroup=modulesusergroup">Modules User Group Relation</a></li>', '', 0),
(10, 4, 'Users Management', 14, '<li><a href="home.php?users=users">Users Management</a></li>', '', 0),
(12, 5, 'Receive Items To The Inventory', 16, '<li><a href="home.php?viewsubprojectcountry=viewsubprojectcountry">Receive Items To The Inventory</a></li>', '', 0),
(133, 3, 'Accounts Ledgers', 3, '<li><a href="#"><span>Accounts Ledgers</span></a>\r\n						<div><ul>\r\n                        <li><a href="general_ledger.php"><span>General Ledger</span></a></li>\r\n						<li><a href="sales_ledger.php"><span>Sales Revenue Ledger</span></a></li>\r\n<li><a href="inventory_ledger.php"><span>Stock Inventoty Ledger</span></a></li>\r\n\r\n<li><a href="sales_return_ledger.php"><span>Sales Returns Ledger</span></a></li>\r\n\r\n\r\n						<li><a href="purchases_ledger.php"><span>Purchases Ledger</span></a></li>\r\n\r\n<li><a href="purchase_returns_ledger.php"><span>Purchases Returns Ledger</span></a></li>\r\n						<li><a href="view_cash_ledger.php"><span>Cash Ledger</span></a></li>\r\n<li><a href="view_bank_ledger.php"><span>Bank  Ledger</span></a></li>\r\n						<li><a href="view_expenses_ledger.php"><span>All Expenses Ledger</span></a></li>\r\n\r\n<li><a href="custom_clearance_ledger.php"><span>Custom And Clearance Ledger</span></a></li>\r\n\r\n<li><a href="salaries_ledger.php"><span>Salaries and Commission Ledger</span></a></li>\r\n\r\n<li><a href="com_payables_ledger.php"><span>Salary and Commision Payable</span></a></li>\r\n						<li><a href="accounts_receivables_ledger.php"><span>Accounts Receivable Ledger</span></a></li>\r\n<li><a href="notes_receivables_ledger.php"><span>Notes Receivable Ledger</span></a></li>\r\n<li><a href="notes_payable_ledger.php"><span>Notes Payables Ledger</span></a></li>\r\n						<li><a href="accounts_payables_ledger.php"><span>Accounts Payables Ledger</span></a></li>\r\n						<li><a href="view_loan_ledger.php"><span>Loan Ledger</span></a></li>\r\n<li><a href="view_shares_ledger.php"><span>Shares Capital Ledger</span></a></li>\r\n<li><a href="view_additional_investments_ledger.php"><span>Additional Investments Ledger</span></a></li>\r\n						<li><a href="doubtful_debts_ledger.php"><span>Doubtful Debts Ledger</span></a></li>\r\n						<li><a href="bad_debts_ledger.php"><span>Bad Debts Ledger</span></a></li>\r\n						<li><a href="view_petty_cash_ledger.php"><span>Petty Cash Ledger</span></a></li>\r\n\r\n\r\n						<li><a href="fixed_asset_ledger.php"><span>Fixed Asset Ledger</span></a></li>\r\n                        </ul></div>', '', 0),
(15, 5, 'Technician Efficiency Reports', 1, '<li><a href="home.php?benefitded=benefitded">Technician Efficiency Reports</a></li>', 'Technician Efficiency Reports', 0),
(16, 5, 'Invoice Generation', 23, '<li><a href="#">Invoice Generation</a>\r\n			<ul class="fly">\r\n			<li><a href="home.php?generateinvoice=generateinvoice">SIPET Projects Invoice to Client</a></li>\r\n			<li><a href="home.php?subconinvoices=subconinvoices">Record Subcontractor''s Invoice</a></li>\r\n<li><a href="home.php?subconinvoicestoclient=subconinvoicestoclient"><span>Subcontractors Invoices To Client</span></a></li>\r\n			</ul></li>\r\n			\r\n			', '', 0),
(129, 8, 'Record Fixed Assets', 39, '<li><a href="add_fixed_asset.php"><span>Record Fixed Assets</span></a></li>', '', 0),
(130, 8, 'Record Depreciation', 40, '<li><a href="depreciation.php"><span>Record Depreciation</span></a></li>', '', 0),
(131, 9, 'Setup Financial Year', 1, '<li><a href="add_fyear.php"><span>Setup Financial Year</span></a></li>', '', 0),
(132, 1, 'Approve Payroll', 10, '<li><a href="approve_payroll.php"><span>Approve Payroll</span></a></li>', '', 0),
(18, 6, 'Overall Productivity', 3, '<li><a href="home.php?postgraduate=postgraduate">Overall Productivity</a></li>', 'Overall Productivity', 0),
(123, 7, 'Cash Sales', 9, '<li><a href="begin_cash_sales.php"><span>Cash Sales</span></a></li>', '', 0),
(124, 9, 'Staff Deductions Reports', 33, '<li><a href="view_comm_payments.php"><span>Staff Deductions Reports</span></a></li>', '', 0),
(125, 8, 'Record General Expenses', 34, '<li><a href="view_expenses.php"><span>Record General Expenses</span></a></li>', '', 0),
(126, 8, 'Record General Income', 35, '<li><a href="view_income.php"><span>Record General Income</span></a></li>', '', 0),
(127, 8, 'Petty Cash Transactions', 36, '<li><a href="add_petty_cash_expense.php"><span>Petty Cash Transactions</span></a></li>', '', 0),
(128, 8, 'Record Loan Received', 37, '<li><a href="add_loan.php"><span>Record Loan Received</span></a></li>', '', 0),
(20, 7, 'Labour Utilization Report', 2, '<li><a href="home.php?viewdeduction=viewdeduction">Labour Utilization Report</a></li>', 'Labour Utilization Report', 0),
(122, 7, 'Bad Debts Transactions', 31, '<li><a href="bad_debts.php"><span>Bad Debts Transactions</span></a></li>', '', 0),
(121, 7, 'Sales Returns', 30, '<li><a href="view_sales_returns.php"><span>Sales Returns</span></a></li>', '', 0),
(25, 8, 'Vehicles Bookings', 35, '<li><a href="home.php?viewhrforms=viewhrforms"><span>Vehicles Bookings</span></a>					   </li>\r\n						\r\n						', '', 0),
(27, 8, 'Job Cards Created', 37, '<li><a href="home.php?areareportc=areareportc"><span>Job Cards Created</span></a></li>', 'Job Cards Created', 0),
(29, 8, 'Invoices Generated', 40, '<li><a href="home.php?view_biweekly=view_biweekly"><span>Invoices Generated</span></a></li>', '', 0),
(101, 3, 'Shares Capital', 3, '<li><a href="#"><span>Capital Account</span></a>\r\n						<div><ul>\r\n                        <li><a href="view_shares.php"><span>Shares Capital</span></a></li>\r\n						<li><a href="equity1.php"><span>Statement of Owners Equity</span></a></li>\r\n<li><a href="adjust_shares.php"><span>Adjust Share Holders Balance</span></a></li>\r\n\r\n<li><a href="exit_shareholder.php"><span>Exit Share Holder</span></a></li>\r\n						\r\n						\r\n                         </ul></div>', '', 0),
(102, 3, 'View Stock Availlability', 1, '<li><a href="all_stock.php"><span>View Stock Availlability</span></a></li>', '', 0),
(103, 3, 'Opening Balances', 3, ' <li><a href="#"><span>Opening Balances</span></a>\r\n				\r\n				<div><ul id="fly">\r\n				<!--<li><a href="add_inventory_opening_balance.php"><span>Accounting Balance</span></a></li>-->\r\n				<li><a href="add_client_opening_balance.php"><span>Customers Balance</span></a></li>\r\n\r\n\r\n            </ul></div>\r\n				\r\n				\r\n				</li>', '', 0),
(104, 3, 'Product Categories Management', 69, '<li><a href="view_mach_cat.php"><span>Product Categories Management</span></a></li>', '', 0),
(105, 3, 'General Settings', 8, '<li><a href="view_currency.php"><span>General Settings</span></a></li>', '', 0),
(106, 3, 'Company Settings', 9, '<li><a href="add_contacts.php"><span>Company Settings</span></a></li>', '', 0),
(107, 3, 'Stock in Warehouse', 15, '<li><a href="closing_stock.php"><span>Stock in Warehouse</span></a></li>', '', 0),
(108, 5, 'Price List', 40, '<li><a href="price_list.php"><span>Price List</span></a></li>', '', 0),
(109, 5, 'Purchases Returns', 24, '<li><a href="view_debit_notes.php"><span>Purchases Returns</span></a></li>', '', 0),
(110, 3, 'Payroll Reports', 34, '<li><a href="view_approved_payroll.php"><span>Payroll Reports</span></a>	\r\n						\r\n						</li>', '', 0),
(111, 5, 'Purchases Transactions', 19, '<li><a href="receive_stock.php"><span>Purchases Transactions</span></a></li>', '', 0),
(112, 5, 'Stock Procurement', 1, '<li><a href=""><span>Stock Procurement</span></a>\r\n				<div><ul>\r\n                \r\n				\r\n				<li><a href="begin_order.php"><span>Create Purchase Order</span></a></li>\r\n				<li><a href="begin_rfq.php"><span>Request for Quotation</span></a></li>\r\n\r\n\r\n            </ul></div>', '', 0),
(113, 5, 'Products Management', 23, '<li><a href="view_prod.php"><span>Products Management</span></a></li>\r\n			\r\n			', '', 0),
(114, 6, 'Invoice Generation', 1, '<li><a href="begin_invoice.php"><span>Invoice Generation</span></a></li>', '', 0),
(115, 6, 'Generate Quotation', 8, '<li><a href="begin_quote.php"><span>Generate Quotation</span></a></li>', '', 0),
(116, 12, 'Manage Employees', 1, '<li><a href="view_employees.php"><span>Manage Employees</a></li>', '', 0),
(117, 6, 'Balance Sheets', 109, '<li><a href="view_balance_sheet.php"><span>Balance Sheet</span></a></li>', '', 0),
(118, 3, 'Chart Of Accounts', 10, '<li><a href="view_terminology.php">Chart Of Accounts</a></li>', '', 0),
(119, 6, 'Sales Transactions', 28, '<li><a href="pay_invoice.php"><span>Sales Transactions</span></a></li>', '', 0),
(120, 1, 'Staff Benefits Report', 2, '<li><a href="view_staff_benefits.php"><span>Staff Benefits Report</span></a>\r\n						\r\n						\r\n						\r\n						\r\n						</li>', '', 0),
(228, 29, 'Process Salary Payments', 12, '<li><a href="process_salary_payment.php">Process Salary Payments</a></li>', '', 0),
(229, 14, 'Approve Clients Payments', 7, '<li><a href="approve_client_payment.php">Approve Clients Payments</a></li>', '', 0),
(230, 14, 'View Approved Clients Payments', 8, '<li><a href="view_approved_client_payments.php">View Approved Clients Payments</a></li>', '', 0),
(34, 7, 'View Generated Quotations', 2, '<li><a href="home.php?viewsettlements=viewsettlements">View Generated Quotations</a></li>', 'View Generated Quotations', 0),
(35, 8, 'List Of Actulaized Estimates', 80, '<li><a href="home.php?assignsubprojectend=assignsubprojectend">List Of Actulaized Estimates</a></li>', 'List Of Actulaized Estimates', 0),
(169, 5, 'Request For Quotation', 1, '<li><a href="begin_rfq.php">Request For Quotation</a></li>', '', 0),
(170, 5, 'View Requests For Quotation', 2, '<li><a href="view_rfq.php">View Requests For Quotations</a></li>', '', 0),
(171, 5, 'Create Purchase Order', 3, '<li><a href="begin_order.php">Create Purchase Order</a></li>', '', 0),
(172, 5, 'View Purchase Orders', 4, '<li><a href="view_lpos.php">View Purchase Orders</a></li>', '', 0),
(173, 5, 'Cancel Purchase Order', 5, '<li><a href="confirmed_orders.php">Cancel Purchase Order</a></li>', '', 0),
(174, 5, 'View Canceled Purchase Order', 6, '<li><a href="view_cancelled_lpos.php">View Canceled Purchase Order</a></li>', '', 0),
(163, 3, 'Add New Product', 8, '<li><a href="add_stock.php">Add Product</a></li>', '', 0),
(164, 3, 'View All Products', 9, '<li><a href="view_prod.php">View All Products</a></li>', '', 0),
(165, 3, 'Add Bank Account', 19, '<li><a href="add_bank.php">Add Bank Account</a></li>', '', 0),
(166, 3, 'View Bank Accounts', 20, '<li><a href="view_banks.php">View Bank Accounts</a></li>', '', 0),
(167, 3, 'Add Pack Size', 9, '<li><a href="add_packsize.php">Add Pack Size</a></li>', '', 0),
(168, 3, 'View Pack Sizes', 10, '<li><a href="#">View Pack Sizes</a></li>', '', 0),
(39, 4, 'Sub Module User Group Relation', 13, '<li><a href="home.php?usergroupsm=usergroupsm">Sub Module User Group Relation</a></li>', '', 0),
(162, 3, 'View Products Categories', 7, '<li><a href="view_mach_cat.php">View Products Categories</a></li>', '', 0),
(41, 6, 'Approve Submited Invoice', 1, '<li><a href="home.php?submit_biweekly2=submit_biweekly2">Approve Submited Invoice</a></li>', '', 0),
(161, 3, 'Add Product Product Category', 6, '<li><a href="add_machine_cat.php">Add Product Product Category</a></li>', '', 0),
(43, 6, 'Labour Task Management', 58, '<li><a href="home.php?settlementreport=settlementreport">Labour Task Management</a></li>', 'Labour Task Management', 0),
(44, 6, 'Labour Cost Matrix', 67, '<li><a href="home.php?viewreneworkpermit2=viewreneworkpermit2">Labour Cost Matrix</a></li>', '', 0),
(46, 6, 'View Approved Invoices', 2, '<li><a href="home.php?view_biweekly=view_biweekly">View Approved Invoices</a></li>', '', 0),
(160, 4, 'Update Company Details', 5, '<li><a href="view_company_contacts.php">Update Company Details</a></li>', '', 0),
(159, 3, 'Set Up Company Details', 3, '<li><a href="add_contacts.php">Set Up Company Details</a></li>', '', 0),
(49, 6, 'View Stock Inventory', 59, '<li><a href="home.php?assignsubproject=assignsubproject">View Stock Inventory</a></li>', '', 0),
(158, 3, 'Update Currencies', 2, '<li><a href="view_currency.php">Update Currencies</a></li>', '', 0),
(156, 4, 'View All Users', 17, '<li><a href="view_user.php">View All Users</a></li>', '', 0),
(157, 3, 'Add Currency', 1, '<li><a href="add_currency.php">Add Currency</a></li>', '', 0),
(155, 4, 'Add User', 16, '<li><a href="add_user.php">Add User</a></li>', '', 0),
(154, 4, 'Dettach Submodule From Usergroup', 15, '<li><a href="view_usergroupsm.php">Dettach Submodule From Usergroup</a></li>', '', 0),
(54, 5, 'Jobcard Clock In And Clock Out', 104, '<li><a href="home.php?assingomstaff=assingomstaff">Technician Clock In And Clock Out</a></li>', '', 0),
(153, 4, 'Attach Submodules To Usergroup', 14, '<li><a href="usergroupsm.php">Attach Submodules To Usergroup</a></li>', '', 0),
(152, 4, 'Dettach Submodules From Modules', 13, '<li><a href="unassign_module_submodule.php">Dettach Submodules From Modules</a></li>', '', 0),
(151, 4, 'Attach Submodules To Modules', 12, '<li><a href="assign_module_submodule.php">Attach Submodules To Modules</a></li>', '', 0),
(150, 4, 'Dettach Modules from Usergroup', 11, '<li><a href="unassign_module_usergroup.php">Dettach Modules from Usergroup</a></li>', '', 0),
(60, 3, 'Customer Statement', 6, '<li><a href="home.php?viewproject=viewproject">Customer Statement</a></li>', '', 0),
(61, 6, 'Assign Job Card To Technician', 3, '<li><a href="home.php?addcompetency=addcompetency">Assign Job Card To Technician</a></li>', '', 0),
(62, 6, 'Generate Quotation', 1, '<li><a href="home.php?viewcountries=viewcountries">Generate Quotation</a></li>', '', 0),
(63, 6, 'Convert Quotation To Job Card', 2, '<li><a href="home.php?newsponsor=newsponsor">Convert Quotation To Job Card</a></li>', 'Convert Quotation To Job Card', 0),
(149, 4, 'Attach Modules To User Groups', 10, '<li><a href="assign_module_usergroup.php">Attach Modules To User Groups</a></li>', '', 0),
(65, 6, 'Book A Vehicle', 1, '<li><a href="home.php?viewcountries=viewcountries">Book A Vehicle</a></li>', '', 0),
(148, 4, 'View All Sub Modules', 8, '<li><a href="view_sub_modules.php">View All Sub Modules</a></li>', '', 0),
(147, 4, 'Add Sub-Module', 7, '<li><a href="add_sub_module.php">Add Sub-Module</a></li>', '', 0),
(145, 4, 'Add Module', 4, '<li><a href="add_module.php">Add Module</a></li>', '', 0),
(146, 4, 'View All Modules', 6, '<li><a href="view_modules.php">View All Modules</a></li>', '', 0),
(144, 4, 'View All User Groups', 2, '<li><a href="view_user_groups.php">View All User Groups</a></li>', '', 0),
(70, 17, 'Close Job Card', 5, '<li><a href="home.php?settlementreportc=settlementreportc">Close Job Card</a></li>', 'Close Job Card', 0),
(71, 17, 'Create a Job Card', 1, '<li><a href="home.php?viewcountries=viewcountries">Create a Job Card</a></li>', 'Create a Job Card', 0),
(72, 17, 'View Job Cards', 2, '<li><a href="home.php?areareportc=areareportc">View Job Cards</a></li>', 'View Job Cards', 0),
(73, 3, 'Items Managements', 9, '<li><a href="home.php?viewsetuptemplate=viewsetuptemplate">Items Managements</a></li>', '', 0),
(74, 3, 'Create Vihicle Models', 1, '<li><a href="home.php?newsponsor=newsponsor">Create Vehicle Models</a></li>', 'Create Vihicle Models', 0),
(75, 3, 'Company Details / Settings', 1, '<li><a href="home.php?viewcompetency=viewcompetency">Company Details / Settings</a></li>', '', 0),
(143, 4, 'Add User Group', 1, '<li><a href="add_user_groups.php">Add User Group</a></li>', '', 0),
(142, 3, 'Banks Accounts Management', 70, '<li><a href="add_bank.php">Banks Accounts Management</a></li>', '', 0),
(141, 6, 'Record Clients Payments', 6, '<li><a href="receive_client_payment.php">Record Clients Payments</a></li>', '', 0),
(140, 7, 'Custom Clearance Tax & Freight', 100, '<li><a href="add_transport_expenses.php">Custom Clearance Tax & Freight</a></li>', '', 0),
(139, 3, 'View Invoices Generated Accounts', 2, '<li><a href="view_invoices.php">View Invoices Generated Accounts</a></li>', '', 0),
(138, 15, 'Our Shipping Agents', 34, '<li><a href="view_ship.php"><span>Our Shipping Agents</span></a></li>', '', 0),
(137, 13, 'Our Clients', 21, '<li><a href="view_customers.php"><span>Our Clients</span></a></li>', '', 0),
(136, 12, 'Our Suppliers', 45, ' <li><a href="view_supplier.php"><span>Our Suppliers</span></a></li>', '', 0),
(135, 7, 'Debtors and Creditors', 50, '<li><a href="#"><span>Debtors and Creditors</span></a>\r\n						<div><ul>\r\n\r\n                        <li><a href="view_sales_returns.php"><span>Credit Notes</span></a></li>\r\n						<li><a href="view_debit_notes.php"><span>Debit Notes</span></a></li>\r\n						\r\n						\r\n						\r\n                         </ul></div>\r\n                        </li>', '', 0),
(134, 9, 'Profit and Loss Account', 37, '<li><a href="view_tpla.php"><span>Profit and Loss Account</span></a></li>', '', 0),
(175, 5, 'View Suppliers Receipts', 7, '<li><a href="view_supplier_receipts.php">View Suppliers Receipts</a></li>', '', 0),
(176, 5, 'View Canceled RFQ', 3, '<li><a href="view_canceled_rfq.php">View Canceled RFQ</a></li>', '', 0),
(177, 3, 'Items Availlability In The Store', 11, '<li><a href="closing_stock.php">Items Availlability In The Store</a></li>', '', 0),
(178, 5, 'View Debit Notes', 12, '<li><a href="view_debit_notes.php">View Debit Notes</a></li>', '', 0),
(179, 5, 'Products Expiry Condition', 19, '<li><a href="view_prod_condition.php">Products Expiry Condition</a></li>', '', 0),
(180, 5, 'View Payments To Suppliers', 9, '<li><a href="view_stock_payments.php">View Payments To Suppliers</a></li>', '', 0),
(181, 3, 'Receive Item To The Store', 7, '<li><a href="receive_stock.php">Receive Item To The Store</a></li>', '', 0),
(182, 14, 'Record Cheque Deposit', 1, '<li><a href="cheque_deposit.php">Record Cheque Deposit</a></li>', '', 0),
(183, 14, 'View All Cheque Deposits', 2, '<li><a href="view_cheque_deposits.php">View All Cheque Deposits</a></li>', '', 0),
(184, 14, 'Record Cash Deposit', 4, '<li><a href="cash_deposit.php">Record Cash Deposit</a></li>', '', 0),
(185, 14, 'View All Cash Deposits', 6, '<li><a href="view_cash_deposits.php">View All Cash Deposits</a></li>', '', 0),
(186, 14, 'Bank Reconcilliations', 8, '<li><a href="#">Bank Reconcilliations</a></li>', '', 0),
(187, 14, 'Record Cheque Withdrawal', 2, '<li><a href="cheque_withdrawal.php">Record Cheque Withdrawal</a></li>', '', 0),
(188, 14, 'Record Cash Withdrawals', 6, '<li><a href="cash_withdrawal.php">Record Cash Withdrawals</a></li>', '', 0),
(189, 14, 'View All Cheque Withdrawals', 2, '<li><a href="view_cheque_withdrawals.php">View All Cheque Withdrawals</a></li>', '', 0),
(190, 14, 'View All Cash Withdrawals', 6, '<li><a href="view_cash_withdrawal.php">View All Cash Withdrawals</a></li>', '', 0),
(191, 15, 'View System Bank Balance', 1, '<li><a href="view_bank_balance1.php">View System Bank Balance</a></li>', '', 0),
(192, 15, 'Reconcile System Balance', 2, '<li><a href="reconcile_system_balance1.php">Reconcile System Balance</a></li>', '', 0),
(193, 15, 'View Reconciled System Balance', 3, '<li><a href="view_reconciled_system_balance1.php">View Reconciled System Balance</a></li>', '', 0),
(194, 15, 'Reconcile Bank Balance', 4, '<li><a href="reconcile_bank_balance1.php">Reconcile Bank Balance</a></li>', '', 0),
(195, 15, 'View Reconciled Bank Balance', 5, '<li><a href="view_reconciled_bank_balance1.php">View Reconciled Bank Balance</a></li>', '', 0),
(196, 9, 'Record Staff Salary Payment', 200, '<li><a href="record_salary_payment.php">Record Staff Salary Payment</a></li>', '', 0),
(197, 7, 'Record Loan Given Out', 38, '<li><a href="add_loan_given_out.php">Record Loan Given Out</a></li>', '', 0),
(198, 6, 'Receive Payments From Clients', 100, '<li><a href="pre_bepaid.php">Receive Payments From Clients</a></li>', '', 0),
(199, 7, 'Record Prepaid Expenses', 101, '<li><a href="add_prepaid_expenses.php">Recored Prepaid Expenses</a></li>', '', 0),
(200, 6, 'Pay Supplier (Order Payment)', 7, '<li><a href="pay_supplier.php">Pay Supplier (Order Payment)</a></li>', '', 0),
(201, 3, 'New Receive Stock To Warehouse', 900, '<li><a href="new_receive_stock.php">New Receive Stock To Warehouse</a></li>', '', 0),
(202, 6, 'View All Generated Invoices', 2, '<li><a href="view_invoices.php">View All Generated Invoices</a></li>', '', 0),
(203, 6, 'View Canceled Invoices', 3, '<li><a href="home.php?viewvisarenewals=viewvisarenewals">View Canceled Invoices</a></li>', '', 0),
(204, 6, 'View Recived Invoice Payments', 7, '<li><a href="view_invoice_payments.php">View Received Invoice Payments</a></li>', '', 0),
(205, 6, 'View Generated Quotations', 9, '<li><a href="view_quotations.php">View Generated Quotations</a></li>', '', 0),
(206, 6, 'Assign Commision Rate To Sales Rep', 9, '<li><a href="assign_commision.php">Assign Commission Rate</a></li>', '', 0),
(207, 6, 'View Commission Rates', 10, '<li><a href="view_ass_commisions.php">View Commission Rates</a></li>', '', 0),
(208, 6, 'View Commissions Report', 11, '<li><a href="view_comm_payments.php">View Commissions Report</a></li>', '', 0),
(209, 6, 'Pay Staff Commission', 10, '<li><a href="pay_commission.php">Pay Staff Commission</a></li>', '', 0),
(210, 9, 'View Staff Statement', 22, '<li><a href="view_staff_statement.php">View Staff Statement</a></li>', '', 0),
(211, 9, 'Record Staff Advance', 5, '<li><a href="add_staff_advance.php">Record Staff Advance</a></li>', '', 0),
(212, 9, 'Process Payroll', 6, '<li><a href="generate_payroll.php">Process Payroll</a></li>', '', 0),
(213, 9, 'Terminate Staff', 40, '<li><a href="terminate_staff.php">Terminate Staff</a></li>', '', 0),
(214, 9, 'View Cash Sales Generated', 10, '<li><a href="view_cash_sales.php">View Cash Sales Generated</a></li>', '', 0),
(215, 6, 'Record Sales Returns', 12, '<li><a href="view_inv_sales_returns.php">Record Sales Returns</a></li>', '', 0),
(216, 6, 'View Sales Return(Credit Notes)', 13, '<li><a href="view_sales_returns.php">View Sales Return(Credit Notes)</a></li>', '', 0),
(217, 17, 'View Submited Invoice', 5, '<li><a href="home.php?processnatflight=processnatflight">View Submited Invoice</a></li>', '', 0),
(218, 16, 'Approve Purchase Order', 3, '<li><a href="approve_lpo.php">Approve Purchase Order</a></li>', '', 0),
(219, 16, 'View Approved LPOs', 4, '<li><a href="view_approved_lpo.php">View Approved LPOs</a></li>', '', 0),
(220, 17, 'Create Requisition Form', 3, '<li><a href="home.php?familystatus=familystatus">Create Requisition Form</a></li>', '', 0),
(221, 11, 'View Pending Bookings', 3, '<li><a href="home.php?pending_booking=pending_booking">View Pending Bookings</a></li>', 'View Pending Bookings', 0),
(222, 17, 'View Requisitions Created', 4, '<li><a href="home.php?viewfamilystatus=viewfamilystatus">View Requisitions Created</a></li>', '', 0),
(223, 16, 'Release Items From Store', 1, '<li><a href="home.php?adminpayrollexpreport=adminpayrollexpreport">Release Items From Store</a></li>', '', 0),
(224, 16, 'View Released Items From Store', 1, '<li><a href="view_all_released_items.php">View Released Items From Store</a></li>', '', 0),
(225, 28, 'Bank Ledger', 10, '<li><a href="view_bank_ledger.php">Cash Ledger</a></li>', '', 0),
(226, 24, 'Payroll Settings', 4, '<li><a href="add_station.php">Payroll Settings</a></li>', '', 0),
(227, 24, 'View Approved Payroll', 11, '<li><a href="view_approved_payroll.php">View Approved Payroll</a></li>', '', 0),
(231, 29, 'Print Payroll Register', 34, '<li><a href="begin_print_payroll_register.php">Print Payroll Register</a></li>', '', 0),
(232, 14, 'Cancel Approved Invoices', 2, '<li><a href="home.php?addformfields=addformfields">Cancel Approved Invoices</a></li>', '', 0),
(233, 29, 'View Canceled Approved Invoices', 2, '<li><a href="home.php?viewformfields=viewformfields">View Canceled Approved Invoices</a></li>', '', 0);

-- --------------------------------------------------------

--
-- Table structure for table `sub_module_garage`
--

CREATE TABLE IF NOT EXISTS `sub_module_garage` (
  `sub_module_id` int(10) NOT NULL AUTO_INCREMENT,
  `module_id` int(10) NOT NULL,
  `sub_module_name` varchar(200) NOT NULL,
  `sort_order` int(10) NOT NULL,
  `sublink` longtext NOT NULL,
  `description` varchar(100) NOT NULL,
  `status` int(10) NOT NULL,
  PRIMARY KEY (`sub_module_id`)
) ENGINE=MyISAM  DEFAULT CHARSET=latin1 AUTO_INCREMENT=124 ;

--
-- Dumping data for table `sub_module_garage`
--

INSERT INTO `sub_module_garage` (`sub_module_id`, `module_id`, `sub_module_name`, `sort_order`, `sublink`, `description`, `status`) VALUES
(1, 3, 'Shares Capital', 3, '<li><a href="#"><span>Capital Account</span></a>\r\n						<div><ul>\r\n                        <li><a href="view_shares.php"><span>Shares Capital</span></a></li>\r\n						<li><a href="equity1.php"><span>Statement of Owners Equity</span></a></li>\r\n<li><a href="adjust_shares.php"><span>Adjust Share Holders Balance</span></a></li>\r\n\r\n<li><a href="exit_shareholder.php"><span>Exit Share Holder</span></a></li>\r\n						\r\n						\r\n                         </ul></div>', 'Shares Capital', 1),
(2, 3, 'View Stock Availlability', 1, '<li><a href="all_stock.php"><span>View Stock Availlability</span></a></li>', 'Manage blocks', 1),
(3, 3, 'Opening Balances', 2, ' <li><a href="#"><span>Opening Balances</span></a>\r\n				\r\n				<div><ul id="fly">\r\n				<!--<li><a href="add_inventory_opening_balance.php"><span>Accounting Balance</span></a></li>-->\r\n				<li><a href="add_client_opening_balance.php"><span>Customers Balance</span></a></li>\r\n\r\n\r\n            </ul></div>\r\n				\r\n				\r\n				</li>', 'Titles', 1),
(4, 3, 'Product Categories Management', 69, '<li><a href="view_mach_cat.php"><span>Product Categories Management</span></a></li>', 'product cat', 1),
(5, 3, 'General Settings', 8, '<li><a href="view_currency.php"><span>General Settings</span></a></li>', 'Manages Clients', 1),
(6, 3, 'Company Settings', 9, '<li><a href="add_contacts.php"><span>Company Settings</span></a></li>', '', 1),
(11, 5, 'Stock in Warehouse', 15, '<li><a href="closing_stock.php"><span>Stock in Warehouse</span></a></li>', '', 0),
(12, 5, 'Price List', 40, '<li><a href="price_list.php"><span>Price List</span></a></li>', '', 1),
(13, 5, 'Purchases Returns', 24, '<li><a href="view_debit_notes.php"><span>Purchases Returns</span></a></li>', '', 0),
(41, 34, 'Payroll Reports', 24, '<li><a href="view_payslips.php"><span>Payroll Reports</span></a>	\r\n						\r\n						</li>', '', 1),
(14, 5, 'Purchases Transactions', 19, '<li><a href="receive_stock.php"><span>Purchases Transactions</span></a></li>', '', 0),
(15, 5, 'Stock Procurement', 1, '<li><a href=""><span>Stock Procurement</span></a>\r\n				<div><ul>\r\n                \r\n				\r\n				<li><a href="begin_order.php"><span>Create Purchase Order</span></a></li>\r\n				<li><a href="begin_rfq.php"><span>Request for Quotation</span></a></li>\r\n\r\n\r\n            </ul></div>', '', 0),
(16, 5, 'Products Management', 23, '<li><a href="view_prod.php"><span>Products Management</span></a></li>\r\n			\r\n			', '', 1),
(17, 6, 'Invoice Generation', 1, '<li><a href="begin_invoice.php"><span>Invoice Generation</span></a></li>', '', 1),
(18, 6, 'Generate Quotation', 8, '<li><a href="begin_quote.php"><span>Generate Quotation</span></a></li>', '', 1),
(38, 12, 'Manage Employees', 1, '<li><a href="view_employees.php"><span>Manage Employees</a></li>', '', 1),
(37, 6, 'Balance Sheets', 109, '<li><a href="view_balance_sheet.php"><span>Balance Sheet</span></a></li>', '', 1),
(46, 3, 'Chart Of Accounts', 10, '<li><a href="view_terminology.php">Chart Of Accounts</a></li>', '', 1),
(19, 6, 'Sales Transactions', 28, '<li><a href="pay_invoice.php"><span>Sales Transactions</span></a></li>', '', 0),
(39, 12, 'Payroll Master', 23, '<li><a href="#"><span>Payroll Master</span></a>\r\n						<div><ul>\r\n                       <!--<li><a href="view_banks.php"><span>Banks and Branches</span></a></li>-->\r\n						<li><a href="view_nhif.php"><span>NHIF Rates</span></a></li>\r\n						<li><a href="view_paye.php"><span>PAYE Tax Blocks</span></a></li>\r\n						<li><a href="add_deductions.php"><span>Benefits and Deductions</span></a></li>\r\n						<!--<li><a href="add_loan_type.php"><span>Loans and Savings</span></a></li>-->\r\n						\r\n						\r\n                         </ul></div>\r\n						\r\n						\r\n						\r\n						</li>', '', 1),
(20, 7, 'Sales Returns', 30, '<li><a href="view_sales_returns.php"><span>Sales Returns</span></a></li>', '', 0),
(21, 7, 'Bad Debts Transactions', 31, '<li><a href="bad_debts.php"><span>Bad Debts Transactions</span></a></li>', '', 1),
(22, 7, 'Cash Sales', 9, '<li><a href="begin_cash_sales.php"><span>Cash Sales</span></a></li>', '', 1),
(23, 7, 'Sales Commission', 33, '<li><a href="view_comm_payments.php"><span>Sales Commission</span></a></li>', '', 0),
(24, 8, 'Record General Expenses', 34, '<li><a href="view_expenses.php"><span>Record General Expenses</span></a></li>', '', 1),
(25, 8, 'Record General Income', 35, '<li><a href="view_income.php"><span>Record General Income</span></a></li>', '', 1),
(26, 8, 'Petty Cash Transactions', 36, '<li><a href="add_petty_cash_expense.php"><span>Petty Cash Transactions</span></a></li>', '', 1),
(27, 8, 'Record Loan Received', 37, '<li><a href="add_loan.php"><span>Record Loan Received</span></a></li>', '', 1),
(28, 8, 'Record Fixed Assets', 39, '<li><a href="add_fixed_asset.php"><span>Record Fixed Assets</span></a></li>', '', 1),
(29, 8, 'Record Depreciation', 40, '<li><a href="depreciation.php"><span>Record Depreciation</span></a></li>', '', 1),
(30, 9, 'Setup Financial Year', 1, '<li><a href="add_fyear.php"><span>Setup Financial Year</span></a></li>', '', 1),
(31, 9, 'Exchange Rate Variations', 43, '<li><a href="exchange_rate_variations.php"><span>Exchange Rate Variations</span></a></li>', '', 1),
(32, 9, 'Accounts Ledgers', 3, '<li><a href="#"><span>Accounts Ledgers</span></a>\r\n						<div><ul>\r\n                        <li><a href="general_ledger.php"><span>General Ledger</span></a></li>\r\n						<li><a href="sales_ledger.php"><span>Sales Revenue Ledger</span></a></li>\r\n<li><a href="inventory_ledger.php"><span>Stock Inventoty Ledger</span></a></li>\r\n\r\n<li><a href="sales_return_ledger.php"><span>Sales Returns Ledger</span></a></li>\r\n\r\n\r\n						<li><a href="purchases_ledger.php"><span>Purchases Ledger</span></a></li>\r\n\r\n<li><a href="purchase_returns_ledger.php"><span>Purchases Returns Ledger</span></a></li>\r\n						<li><a href="view_cash_ledger.php"><span>Cash Ledger</span></a></li>\r\n						<li><a href="view_expenses_ledger.php"><span>All Expenses Ledger</span></a></li>\r\n\r\n<li><a href="custom_clearance_ledger.php"><span>Custom And Clearance Ledger</span></a></li>\r\n\r\n<li><a href="salaries_ledger.php"><span>Salaries and Commission Ledger</span></a></li>\r\n\r\n<li><a href="com_payables_ledger.php"><span>Salary and Commision Payable</span></a></li>\r\n						<li><a href="accounts_receivables_ledger.php"><span>Accounts Receivable Ledger</span></a></li>\r\n<li><a href="notes_receivables_ledger.php"><span>Notes Receivable Ledger</span></a></li>\r\n<li><a href="notes_payable_ledger.php"><span>Notes Payables Ledger</span></a></li>\r\n						<li><a href="accounts_payables_ledger.php"><span>Accounts Payables Ledger</span></a></li>\r\n						<li><a href="view_loan_ledger.php"><span>Loan Ledger</span></a></li>\r\n						<li><a href="doubtful_debts_ledger.php"><span>Doubtful Debts Ledger</span></a></li>\r\n						<li><a href="bad_debts_ledger.php"><span>Bad Debts Ledger</span></a></li>\r\n						<li><a href="view_petty_cash_ledger.php"><span>Petty Cash Ledger</span></a></li>\r\n						<li><a href="fixed_asset_ledger.php"><span>Fixed Asset Ledger</span></a></li>\r\n                        </ul></div>', '', 1),
(33, 9, 'Profit and Loss Account', 37, '<li><a href="view_tpla.php"><span>Profit and Loss Account</span></a></li>', '', 1),
(34, 7, 'Debtors and Creditors', 50, '<li><a href="#"><span>Debtors and Creditors</span></a>\r\n						<div><ul>\r\n\r\n                        <li><a href="view_sales_returns.php"><span>Credit Notes</span></a></li>\r\n						<li><a href="view_debit_notes.php"><span>Debit Notes</span></a></li>\r\n						\r\n						\r\n						\r\n                         </ul></div>\r\n                        </li>', 'Manages fixed asset management', 1),
(42, 12, 'Our Suppliers', 45, ' <li><a href="view_supplier.php"><span>Our Suppliers</span></a></li>', '', 1),
(43, 13, 'Our Clients', 21, '<li><a href="view_customers.php"><span>Our Clients</span></a></li>', '', 1),
(44, 15, 'Our Shipping Agents', 34, '<li><a href="view_ship.php"><span>Our Shipping Agents</span></a></li>', '', 1),
(45, 3, 'View Invoices Generated Accounts', 2, '<li><a href="view_invoices.php">View Invoices Generated Accounts</a></li>', '', 1),
(47, 7, 'Custom Clearance Tax & Freight', 100, '<li><a href="add_transport_expenses.php">Custom Clearance Tax & Freight</a></li>', '', 1),
(48, 6, 'Receive Invoice Payments', 6, '<li><a href="pre_bepaid.php">Receive Invoice Payments</a></li>', '', 1),
(49, 3, 'Banks Accounts Management', 70, '<li><a href="add_bank.php">Banks Accounts Management</a></li>', '', 1),
(50, 4, 'Add User Group', 1, '<li><a href="add_user_groups.php">Add User Group</a></li>', '', 1),
(51, 4, 'View All User Groups', 2, '<li><a href="view_user_groups.php">View All User Groups</a></li>', '', 1),
(52, 4, 'Add Module', 4, '<li><a href="add_module.php">Add Module</a></li>', '', 1),
(53, 4, 'View All Modules', 6, '<li><a href="view_modules.php">View All Modules</a></li>', '', 1),
(54, 4, 'Add Sub-Module', 7, '<li><a href="add_sub_module.php">Add Sub-Module</a></li>', '', 1),
(55, 4, 'View All Sub Modules', 8, '<li><a href="view_sub_modules.php">View All Sub Modules</a></li>', '', 1),
(56, 4, 'Attach Modules To User Groups', 10, '<li><a href="assign_module_usergroup.php">Attach Modules To User Groups</a></li>', '', 1),
(57, 4, 'Dettach Modules from Usergroup', 11, '<li><a href="unassign_module_usergroup.php">Dettach Modules from Usergroup</a></li>', '', 1),
(58, 4, 'Attach Submodules To Modules', 12, '<li><a href="assign_module_submodule.php">Attach Submodules To Modules</a></li>', '', 1),
(59, 4, 'Dettach Submodules From Modules', 13, '<li><a href="unassign_module_submodule.php">Dettach Submodules From Modules</a></li>', '', 1),
(60, 4, 'Attach Submodules To Usergroup', 14, '<li><a href="usergroupsm.php">Attach Submodules To Usergroup</a></li>', '', 1),
(61, 4, 'Dettach Submodule From Usergroup', 15, '<li><a href="view_usergroupsm.php">Dettach Submodule From Usergroup</a></li>', '', 1),
(62, 4, 'Add User', 16, '<li><a href="add_user.php">Add User</a></li>', '', 1),
(63, 4, 'View All Users', 17, '<li><a href="view_user.php">View All Users</a></li>', '', 1),
(64, 3, 'Add Currency', 1, '<li><a href="add_currency.php">Add Currency</a></li>', '', 1),
(65, 3, 'Update Currencies', 2, '<li><a href="view_currency.php">Update Currencies</a></li>', '', 1),
(66, 3, 'Set Up Company Details', 3, '<li><a href="add_contacts.php">Set Up Company Details</a></li>', '', 0),
(67, 4, 'Update Company Details', 5, '<li><a href="view_company_contacts.php">Update Company Details</a></li>', '', 0),
(68, 3, 'Add Product Product Category', 6, '<li><a href="add_machine_cat.php">Add Product Product Category</a></li>', '', 1),
(69, 3, 'View Products Categories', 7, '<li><a href="view_mach_cat.php">View Products Categories</a></li>', '', 0),
(70, 3, 'Add New Product', 8, '<li><a href="add_stock.php">Add Product</a></li>', '', 1),
(71, 3, 'View All Products', 9, '<li><a href="view_prod.php">View All Products</a></li>', '', 0),
(72, 3, 'Add Bank Account', 19, '<li><a href="add_bank.php">Add Bank Account</a></li>', '', 1),
(73, 3, 'View Bank Accounts', 20, '<li><a href="view_banks.php">View Bank Accounts</a></li>', '', 1),
(74, 3, 'Add Pack Size', 9, '<li><a href="add_packsize.php">Add Pack Size</a></li>', '', 0),
(75, 3, 'View Pack Sizes', 10, '<li><a href="#">View Pack Sizes</a></li>', '', 0),
(76, 5, 'Request For Quotation', 1, '<li><a href="begin_rfq.php">Request For Quotation</a></li>', '', 1),
(77, 5, 'View Requests For Quotation', 2, '<li><a href="view_rfq.php">View Requests For Quotations</a></li>', '', 1),
(78, 5, 'Create Purchase Order', 3, '<li><a href="begin_order.php">Create Purchase Order</a></li>', '', 1),
(79, 5, 'View Purchase Orders', 4, '<li><a href="view_lpos.php">View Purchase Orders</a></li>', '', 1),
(80, 5, 'Cancel Purchase Order', 5, '<li><a href="confirmed_orders.php">Cancel Purchase Order</a></li>', '', 1),
(81, 5, 'View Canceled Purchase Order', 6, '<li><a href="view_cancelled_lpos.php">View Canceled Purchase Order</a></li>', '', 1),
(82, 5, 'View Suppliers Receipts', 7, '<li><a href="view_supplier_receipts.php">View Suppliers Receipts</a></li>', '', 1),
(83, 5, 'View Canceled RFQ', 3, '<li><a href="view_canceled_rfq.php">View Canceled RFQ</a></li>', '', 1),
(84, 5, 'View stock in the warehouse', 11, '<li><a href="closing_stock.php">View stock in the Warehouse</a></li>', '', 1),
(85, 5, 'View Debit Notes', 12, '<li><a href="view_debit_notes.php">View Debit Notes</a></li>', '', 1),
(86, 5, 'Products Expiry Condition', 19, '<li><a href="view_prod_condition.php">Products Expiry Condition</a></li>', '', 0),
(88, 5, 'View Payments To Suppliers', 9, '<li><a href="view_stock_payments.php">View Payments To Suppliers</a></li>', '', 1),
(87, 5, 'Receive Stock To Warehouse', 7, '<li><a href="receive_stock.php">Receive Stock To Warehouse</a></li>', '', 1),
(89, 14, 'Record Cheque Deposit', 1, '<li><a href="cheque_deposit.php">Record Cheque Deposit</a></li>', '', 1),
(90, 14, 'View All Cheque Deposits', 2, '<li><a href="view_cheque_deposits.php">View All Cheque Deposits</a></li>', '', 1),
(91, 14, 'Record Cash Deposit', 4, '<li><a href="cash_deposit.php">Record Cash Deposit</a></li>', '', 1),
(92, 14, 'View All Cash Deposits', 6, '<li><a href="view_cash_deposits.php">View All Cash Deposits</a></li>', '', 1),
(93, 14, 'Bank Reconcilliations', 8, '<li><a href="#">Bank Reconcilliations</a></li>', '', 0),
(94, 14, 'Record Cheque Withdrawal', 2, '<li><a href="cheque_withdrawal.php">Record Cheque Withdrawal</a></li>', '', 1),
(95, 14, 'Record Cash Withdrawals', 6, '<li><a href="cash_withdrawal.php">Record Cash Withdrawals</a></li>', '', 1),
(96, 14, 'View All Cheque Withdrawals', 2, '<li><a href="view_cheque_withdrawals.php">View All Cheque Withdrawals</a></li>', '', 1),
(97, 14, 'View All Cash Withdrawals', 6, '<li><a href="view_cash_withdrawal.php">View All Cash Withdrawals</a></li>', '', 1),
(98, 15, 'View System Bank Balance', 1, '<li><a href="view_bank_balance1.php">View System Bank Balance</a></li>', '', 1),
(99, 15, 'Reconcile System Balance', 2, '<li><a href="reconcile_system_balance1.php">Reconcile System Balance</a></li>', '', 1),
(100, 15, 'View Reconciled System Balance', 3, '<li><a href="view_reconciled_system_balance1.php">View Reconciled System Balance</a></li>', '', 1),
(101, 15, 'Reconcile Bank Balance', 4, '<li><a href="reconcile_bank_balance1.php">Reconcile Bank Balance</a></li>', '', 1),
(102, 15, 'View Reconciled Bank Balance', 5, '<li><a href="view_reconciled_bank_balance1.php">View Reconciled Bank Balance</a></li>', '', 1),
(103, 9, 'Record Staff Salary Payment', 200, '<li><a href="record_salary_payment.php">Record Staff Salary Payment</a></li>', '', 1),
(104, 7, 'Record Loan Given Out', 38, '<li><a href="add_loan_given_out.php">Record Loan Given Out</a></li>', '', 1),
(105, 6, 'Receive Payments From Clients', 100, '<li><a href="pre_bepaid.php">Receive Payments From Clients</a></li>', '', 1),
(106, 7, 'Record Prepaid Expenses', 101, '<li><a href="add_prepaid_expenses.php">Recored Prepaid Expenses</a></li>', '', 1),
(107, 6, 'Pay Supplier (Order Payment)', 7, '<li><a href="pay_supplier.php">Pay Supplier (Order Payment)</a></li>', '', 1),
(108, 5, 'New Receive Stock To Warehouse', 900, '<li><a href="new_receive_stock.php">New Receive Stock To Warehouse</a></li>', '', 0),
(109, 6, 'View All Generated Invoices', 2, '<li><a href="view_invoices.php">View All Generated Invoices</a></li>', '', 1),
(110, 6, 'View Canceled Invoices', 3, '<li><a href="view_cancelled_invoices.php">View Canceled Invoices</a></li>', '', 1),
(111, 6, 'View Recived Invoice Payments', 7, '<li><a href="view_invoice_payments.php">View Received Invoice Payments</a></li>', '', 1),
(112, 6, 'View Generated Quotations', 9, '<li><a href="view_quotations.php">View Generated Quotations</a></li>', '', 1),
(113, 6, 'Assign Commision Rate To Sales Rep', 9, '<li><a href="assign_commision.php">Assign Commission Rate</a></li>', '', 1),
(114, 6, 'View Commission Rates', 10, '<li><a href="view_ass_commisions.php">View Commission Rates</a></li>', '', 1),
(115, 6, 'View Commissions Report', 11, '<li><a href="view_comm_payments.php">View Commissions Report</a></li>', '', 1),
(116, 6, 'Pay Staff Commission', 10, '<li><a href="pay_commission.php">Pay Staff Commission</a></li>', '', 0),
(117, 9, 'View Staff Statement', 22, '<li><a href="view_staff_statement.php">View Staff Statement</a></li>', '', 1),
(118, 9, 'Record Staff Advance', 5, '<li><a href="add_staff_advance.php">Record Staff Advance</a></li>', '', 1),
(119, 9, 'Process Payroll', 6, '<li><a href="generate_payroll.php">Process Payroll</a></li>', '', 1),
(120, 9, 'Terminate Staff', 25, '<li><a href="terminate_staff.php">Terminate Staff</a></li>', '', 1),
(121, 9, 'View Cash Sales Generated', 10, '<li><a href="view_cash_sales.php">View Cash Sales Generated</a></li>', '', 1),
(122, 6, 'Record Sales Returns', 12, '<li><a href="view_inv_sales_returns.php">Record Sales Returns</a></li>', '', 1),
(123, 6, 'View Sales Return(Credit Notes)', 13, '<li><a href="view_sales_returns.php">View Sales Return(Credit Notes)</a></li>', '', 1);

-- --------------------------------------------------------

--
-- Table structure for table `sub_module_old`
--

CREATE TABLE IF NOT EXISTS `sub_module_old` (
  `sub_module_id` int(10) NOT NULL AUTO_INCREMENT,
  `module_id` int(10) NOT NULL,
  `sub_module_name` varchar(200) NOT NULL,
  `sort_order` int(10) NOT NULL,
  `sublink` longtext NOT NULL,
  `description` varchar(100) NOT NULL,
  `status` int(10) NOT NULL,
  PRIMARY KEY (`sub_module_id`)
) ENGINE=MyISAM  DEFAULT CHARSET=latin1 AUTO_INCREMENT=226 ;

--
-- Dumping data for table `sub_module_old`
--

INSERT INTO `sub_module_old` (`sub_module_id`, `module_id`, `sub_module_name`, `sort_order`, `sublink`, `description`, `status`) VALUES
(1, 3, 'View All Bookings', 2, '<li><a href="home.php?viewhrforms=viewhrforms">View Bookings</a></li>', 'View Bookings', 0),
(2, 3, 'Vehicle Make and Models', 2, '<li><a href="home.php?viewuniversity=viewuniversity">Vehicle Make and Models</a></li>', 'Create Vehicle Make', 0),
(3, 3, 'Customer Database', 3, '<li><a href="home.php?viewproject=viewproject">Customer Database</a></li>', 'Customer Database', 0),
(4, 3, 'Project Implementation Location', 2, '<li><a href="home.php?viewlocation=viewlocation">Project Implementation Location</a></li>	', 'good', 0),
(5, 3, 'Items Categories', 8, '<li><a href="home.php?viewsubproject=viewsubproject">Items Categories</a></li>', 'Items Categories', 0),
(6, 3, 'List Of Pending Estimates', 89, '<li><a href="home.php?editsettlements=editsettlements">List Of Pending Estimates</a></li>', '', 0),
(7, 4, 'User Group Management', 10, '<li><a href="home.php?newusergroup=newusergroup">User Group Management</a></li>', 'vbvb', 0),
(8, 4, 'Modules and Submodules', 11, '<li><a href="home.php?modules=modules">Modules and Submodules</a></li>', '', 0),
(9, 4, 'Modules User Group Relation', 12, '<li><a href="home.php?modulesusergroup=modulesusergroup">Modules User Group Relation</a></li>', '', 0),
(10, 4, 'Users Management', 14, '<li><a href="home.php?users=users">Users Management</a></li>', '', 0),
(12, 5, 'Receive Items To The Inventory', 16, '<li><a href="home.php?viewsubprojectcountry=viewsubprojectcountry">Receive Items To The Inventory</a></li>', '', 0),
(133, 3, 'Accounts Ledgers', 3, '<li><a href="#"><span>Accounts Ledgers</span></a>\r\n						<div><ul>\r\n                        <li><a href="general_ledger.php"><span>General Ledger</span></a></li>\r\n						<li><a href="sales_ledger.php"><span>Sales Revenue Ledger</span></a></li>\r\n<li><a href="inventory_ledger.php"><span>Stock Inventoty Ledger</span></a></li>\r\n\r\n<li><a href="sales_return_ledger.php"><span>Sales Returns Ledger</span></a></li>\r\n\r\n\r\n						<li><a href="purchases_ledger.php"><span>Purchases Ledger</span></a></li>\r\n\r\n<li><a href="purchase_returns_ledger.php"><span>Purchases Returns Ledger</span></a></li>\r\n						<li><a href="view_cash_ledger.php"><span>Cash Ledger</span></a></li>\r\n<li><a href="view_bank_ledger.php"><span>Bank  Ledger</span></a></li>\r\n						<li><a href="view_expenses_ledger.php"><span>All Expenses Ledger</span></a></li>\r\n\r\n<li><a href="custom_clearance_ledger.php"><span>Custom And Clearance Ledger</span></a></li>\r\n\r\n<li><a href="salaries_ledger.php"><span>Salaries and Commission Ledger</span></a></li>\r\n\r\n<li><a href="com_payables_ledger.php"><span>Salary and Commision Payable</span></a></li>\r\n						<li><a href="accounts_receivables_ledger.php"><span>Accounts Receivable Ledger</span></a></li>\r\n<li><a href="notes_receivables_ledger.php"><span>Notes Receivable Ledger</span></a></li>\r\n<li><a href="notes_payable_ledger.php"><span>Notes Payables Ledger</span></a></li>\r\n						<li><a href="accounts_payables_ledger.php"><span>Accounts Payables Ledger</span></a></li>\r\n						<li><a href="view_loan_ledger.php"><span>Loan Ledger</span></a></li>\r\n<li><a href="view_shares_ledger.php"><span>Shares Capital Ledger</span></a></li>\r\n<li><a href="view_additional_investments_ledger.php"><span>Additional Investments Ledger</span></a></li>\r\n						<li><a href="doubtful_debts_ledger.php"><span>Doubtful Debts Ledger</span></a></li>\r\n						<li><a href="bad_debts_ledger.php"><span>Bad Debts Ledger</span></a></li>\r\n						<li><a href="view_petty_cash_ledger.php"><span>Petty Cash Ledger</span></a></li>\r\n\r\n\r\n						<li><a href="fixed_asset_ledger.php"><span>Fixed Asset Ledger</span></a></li>\r\n                        </ul></div>', '', 0),
(15, 5, 'Technician Efficiency Reports', 1, '<li><a href="home.php?benefitded=benefitded">Technician Efficiency Reports</a></li>', 'Technician Efficiency Reports', 0),
(16, 5, 'Invoice Generation', 23, '<li><a href="#">Invoice Generation</a>\r\n			<ul class="fly">\r\n			<li><a href="home.php?generateinvoice=generateinvoice">SIPET Projects Invoice to Client</a></li>\r\n			<li><a href="home.php?subconinvoices=subconinvoices">Record Subcontractor''s Invoice</a></li>\r\n<li><a href="home.php?subconinvoicestoclient=subconinvoicestoclient"><span>Subcontractors Invoices To Client</span></a></li>\r\n			</ul></li>\r\n			\r\n			', '', 0),
(129, 8, 'Record Fixed Assets', 39, '<li><a href="add_fixed_asset.php"><span>Record Fixed Assets</span></a></li>', '', 0),
(130, 8, 'Record Depreciation', 40, '<li><a href="depreciation.php"><span>Record Depreciation</span></a></li>', '', 0),
(131, 9, 'Setup Financial Year', 1, '<li><a href="add_fyear.php"><span>Setup Financial Year</span></a></li>', '', 0),
(132, 9, 'Exchange Rate Variations', 43, '<li><a href="exchange_rate_variations.php"><span>Exchange Rate Variations</span></a></li>', '', 0),
(18, 6, 'Overall Productivity', 3, '<li><a href="home.php?postgraduate=postgraduate">Overall Productivity</a></li>', 'Overall Productivity', 0),
(123, 7, 'Cash Sales', 9, '<li><a href="begin_cash_sales.php"><span>Cash Sales</span></a></li>', '', 0),
(124, 7, 'Sales Commission', 33, '<li><a href="view_comm_payments.php"><span>Sales Commission</span></a></li>', '', 0),
(125, 8, 'Record General Expenses', 34, '<li><a href="view_expenses.php"><span>Record General Expenses</span></a></li>', '', 0),
(126, 8, 'Record General Income', 35, '<li><a href="view_income.php"><span>Record General Income</span></a></li>', '', 0),
(127, 8, 'Petty Cash Transactions', 36, '<li><a href="add_petty_cash_expense.php"><span>Petty Cash Transactions</span></a></li>', '', 0),
(128, 8, 'Record Loan Received', 37, '<li><a href="add_loan.php"><span>Record Loan Received</span></a></li>', '', 0),
(20, 7, 'Labour Utilization Report', 2, '<li><a href="home.php?viewdeduction=viewdeduction">Labour Utilization Report</a></li>', 'Labour Utilization Report', 0),
(122, 7, 'Bad Debts Transactions', 31, '<li><a href="bad_debts.php"><span>Bad Debts Transactions</span></a></li>', '', 0),
(121, 7, 'Sales Returns', 30, '<li><a href="view_sales_returns.php"><span>Sales Returns</span></a></li>', '', 0),
(25, 8, 'Vehicles Bookings', 35, '<li><a href="home.php?viewhrforms=viewhrforms"><span>Vehicles Bookings</span></a>					   </li>\r\n						\r\n						', '', 0),
(27, 8, 'Job Cards Created', 37, '<li><a href="home.php?areareportc=areareportc"><span>Job Cards Created</span></a></li>', 'Job Cards Created', 0),
(29, 8, 'Invoices Generated', 40, '<li><a href="home.php?view_biweekly=view_biweekly"><span>Invoices Generated</span></a></li>', '', 0),
(101, 3, 'Shares Capital', 3, '<li><a href="#"><span>Capital Account</span></a>\r\n						<div><ul>\r\n                        <li><a href="view_shares.php"><span>Shares Capital</span></a></li>\r\n						<li><a href="equity1.php"><span>Statement of Owners Equity</span></a></li>\r\n<li><a href="adjust_shares.php"><span>Adjust Share Holders Balance</span></a></li>\r\n\r\n<li><a href="exit_shareholder.php"><span>Exit Share Holder</span></a></li>\r\n						\r\n						\r\n                         </ul></div>', '', 0),
(102, 3, 'View Stock Availlability', 1, '<li><a href="all_stock.php"><span>View Stock Availlability</span></a></li>', '', 0),
(103, 3, 'Opening Balances', 3, ' <li><a href="#"><span>Opening Balances</span></a>\r\n				\r\n				<div><ul id="fly">\r\n				<!--<li><a href="add_inventory_opening_balance.php"><span>Accounting Balance</span></a></li>-->\r\n				<li><a href="add_client_opening_balance.php"><span>Customers Balance</span></a></li>\r\n\r\n\r\n            </ul></div>\r\n				\r\n				\r\n				</li>', '', 0),
(104, 3, 'Product Categories Management', 69, '<li><a href="view_mach_cat.php"><span>Product Categories Management</span></a></li>', '', 0),
(105, 3, 'General Settings', 8, '<li><a href="view_currency.php"><span>General Settings</span></a></li>', '', 0),
(106, 3, 'Company Settings', 9, '<li><a href="add_contacts.php"><span>Company Settings</span></a></li>', '', 0),
(107, 3, 'Stock in Warehouse', 15, '<li><a href="closing_stock.php"><span>Stock in Warehouse</span></a></li>', '', 0),
(108, 5, 'Price List', 40, '<li><a href="price_list.php"><span>Price List</span></a></li>', '', 0),
(109, 5, 'Purchases Returns', 24, '<li><a href="view_debit_notes.php"><span>Purchases Returns</span></a></li>', '', 0),
(110, 34, 'Payroll Reports', 24, '<li><a href="view_payslips.php"><span>Payroll Reports</span></a>	\r\n						\r\n						</li>', '', 0),
(111, 5, 'Purchases Transactions', 19, '<li><a href="receive_stock.php"><span>Purchases Transactions</span></a></li>', '', 0),
(112, 5, 'Stock Procurement', 1, '<li><a href=""><span>Stock Procurement</span></a>\r\n				<div><ul>\r\n                \r\n				\r\n				<li><a href="begin_order.php"><span>Create Purchase Order</span></a></li>\r\n				<li><a href="begin_rfq.php"><span>Request for Quotation</span></a></li>\r\n\r\n\r\n            </ul></div>', '', 0),
(113, 5, 'Products Management', 23, '<li><a href="view_prod.php"><span>Products Management</span></a></li>\r\n			\r\n			', '', 0),
(114, 6, 'Invoice Generation', 1, '<li><a href="begin_invoice.php"><span>Invoice Generation</span></a></li>', '', 0),
(115, 6, 'Generate Quotation', 8, '<li><a href="begin_quote.php"><span>Generate Quotation</span></a></li>', '', 0),
(116, 12, 'Manage Employees', 1, '<li><a href="view_employees.php"><span>Manage Employees</a></li>', '', 0),
(117, 6, 'Balance Sheets', 109, '<li><a href="view_balance_sheet.php"><span>Balance Sheet</span></a></li>', '', 0),
(118, 3, 'Chart Of Accounts', 10, '<li><a href="view_terminology.php">Chart Of Accounts</a></li>', '', 0),
(119, 6, 'Sales Transactions', 28, '<li><a href="pay_invoice.php"><span>Sales Transactions</span></a></li>', '', 0),
(120, 12, 'Payroll Master', 23, '<li><a href="#"><span>Payroll Master</span></a>\r\n						<div><ul>\r\n                       <!--<li><a href="view_banks.php"><span>Banks and Branches</span></a></li>-->\r\n						<li><a href="view_nhif.php"><span>NHIF Rates</span></a></li>\r\n						<li><a href="view_paye.php"><span>PAYE Tax Blocks</span></a></li>\r\n						<li><a href="add_deductions.php"><span>Benefits and Deductions</span></a></li>\r\n						<!--<li><a href="add_loan_type.php"><span>Loans and Savings</span></a></li>-->\r\n						\r\n						\r\n                         </ul></div>\r\n						\r\n						\r\n						\r\n						</li>', '', 0),
(34, 7, 'View Generated Quotations', 2, '<li><a href="home.php?viewsettlements=viewsettlements">View Generated Quotations</a></li>', 'View Generated Quotations', 0),
(35, 8, 'List Of Actulaized Estimates', 80, '<li><a href="home.php?assignsubprojectend=assignsubprojectend">List Of Actulaized Estimates</a></li>', 'List Of Actulaized Estimates', 0),
(169, 5, 'Request For Quotation', 1, '<li><a href="begin_rfq.php">Request For Quotation</a></li>', '', 0),
(170, 5, 'View Requests For Quotation', 2, '<li><a href="view_rfq.php">View Requests For Quotations</a></li>', '', 0),
(171, 5, 'Create Purchase Order', 3, '<li><a href="begin_order.php">Create Purchase Order</a></li>', '', 0),
(172, 5, 'View Purchase Orders', 4, '<li><a href="view_lpos.php">View Purchase Orders</a></li>', '', 0),
(173, 5, 'Cancel Purchase Order', 5, '<li><a href="confirmed_orders.php">Cancel Purchase Order</a></li>', '', 0),
(174, 5, 'View Canceled Purchase Order', 6, '<li><a href="view_cancelled_lpos.php">View Canceled Purchase Order</a></li>', '', 0),
(163, 3, 'Add New Product', 8, '<li><a href="add_stock.php">Add Product</a></li>', '', 0),
(164, 3, 'View All Products', 9, '<li><a href="view_prod.php">View All Products</a></li>', '', 0),
(165, 3, 'Add Bank Account', 19, '<li><a href="add_bank.php">Add Bank Account</a></li>', '', 0),
(166, 3, 'View Bank Accounts', 20, '<li><a href="view_banks.php">View Bank Accounts</a></li>', '', 0),
(167, 3, 'Add Pack Size', 9, '<li><a href="add_packsize.php">Add Pack Size</a></li>', '', 0),
(168, 3, 'View Pack Sizes', 10, '<li><a href="#">View Pack Sizes</a></li>', '', 0),
(39, 4, 'Sub Module User Group Relation', 13, '<li><a href="home.php?usergroupsm=usergroupsm">Sub Module User Group Relation</a></li>', '', 0),
(162, 3, 'View Products Categories', 7, '<li><a href="view_mach_cat.php">View Products Categories</a></li>', '', 0),
(41, 6, 'Approve Submited Invoice', 1, '<li><a href="home.php?submit_biweekly2=submit_biweekly2">Approve Submited Invoice</a></li>', '', 0),
(161, 3, 'Add Product Product Category', 6, '<li><a href="add_machine_cat.php">Add Product Product Category</a></li>', '', 0),
(43, 6, 'Labour Task Management', 58, '<li><a href="home.php?settlementreport=settlementreport">Labour Task Management</a></li>', 'Labour Task Management', 0),
(44, 6, 'Labour Cost Matrix', 67, '<li><a href="home.php?viewreneworkpermit2=viewreneworkpermit2">Labour Cost Matrix</a></li>', '', 0),
(46, 6, 'View Approved Invoices', 2, '<li><a href="home.php?view_biweekly=view_biweekly">View Approved Invoices</a></li>', '', 0),
(160, 4, 'Update Company Details', 5, '<li><a href="view_company_contacts.php">Update Company Details</a></li>', '', 0),
(159, 3, 'Set Up Company Details', 3, '<li><a href="add_contacts.php">Set Up Company Details</a></li>', '', 0),
(49, 6, 'View Stock Inventory', 59, '<li><a href="home.php?assignsubproject=assignsubproject">View Stock Inventory</a></li>', '', 0),
(158, 3, 'Update Currencies', 2, '<li><a href="view_currency.php">Update Currencies</a></li>', '', 0),
(156, 4, 'View All Users', 17, '<li><a href="view_user.php">View All Users</a></li>', '', 0),
(157, 3, 'Add Currency', 1, '<li><a href="add_currency.php">Add Currency</a></li>', '', 0),
(155, 4, 'Add User', 16, '<li><a href="add_user.php">Add User</a></li>', '', 0),
(154, 4, 'Dettach Submodule From Usergroup', 15, '<li><a href="view_usergroupsm.php">Dettach Submodule From Usergroup</a></li>', '', 0),
(54, 5, 'Jobcard Clock In And Clock Out', 104, '<li><a href="home.php?assingomstaff=assingomstaff">Technician Clock In And Clock Out</a></li>', '', 0),
(153, 4, 'Attach Submodules To Usergroup', 14, '<li><a href="usergroupsm.php">Attach Submodules To Usergroup</a></li>', '', 0),
(152, 4, 'Dettach Submodules From Modules', 13, '<li><a href="unassign_module_submodule.php">Dettach Submodules From Modules</a></li>', '', 0),
(151, 4, 'Attach Submodules To Modules', 12, '<li><a href="assign_module_submodule.php">Attach Submodules To Modules</a></li>', '', 0),
(150, 4, 'Dettach Modules from Usergroup', 11, '<li><a href="unassign_module_usergroup.php">Dettach Modules from Usergroup</a></li>', '', 0),
(60, 3, 'Customer Statement', 6, '<li><a href="home.php?viewproject=viewproject">Customer Statement</a></li>', '', 0),
(61, 6, 'Assign Job Card To Technician', 3, '<li><a href="home.php?addcompetency=addcompetency">Assign Job Card To Technician</a></li>', '', 0),
(62, 6, 'Generate Quotation', 1, '<li><a href="home.php?viewcountries=viewcountries">Generate Quotation</a></li>', '', 0),
(63, 6, 'Convert Quotation To Job Card', 2, '<li><a href="home.php?newsponsor=newsponsor">Convert Quotation To Job Card</a></li>', 'Convert Quotation To Job Card', 0),
(149, 4, 'Attach Modules To User Groups', 10, '<li><a href="assign_module_usergroup.php">Attach Modules To User Groups</a></li>', '', 0),
(65, 6, 'Book A Vehicle', 1, '<li><a href="home.php?viewcountries=viewcountries">Book A Vehicle</a></li>', '', 0),
(148, 4, 'View All Sub Modules', 8, '<li><a href="view_sub_modules.php">View All Sub Modules</a></li>', '', 0),
(147, 4, 'Add Sub-Module', 7, '<li><a href="add_sub_module.php">Add Sub-Module</a></li>', '', 0),
(145, 4, 'Add Module', 4, '<li><a href="add_module.php">Add Module</a></li>', '', 0),
(146, 4, 'View All Modules', 6, '<li><a href="view_modules.php">View All Modules</a></li>', '', 0),
(144, 4, 'View All User Groups', 2, '<li><a href="view_user_groups.php">View All User Groups</a></li>', '', 0),
(70, 17, 'Close Job Card', 5, '<li><a href="home.php?settlementreportc=settlementreportc">Close Job Card</a></li>', 'Close Job Card', 0),
(71, 17, 'Create a Job Card', 1, '<li><a href="home.php?viewcountries=viewcountries">Create a Job Card</a></li>', 'Create a Job Card', 0),
(72, 17, 'View Job Cards', 2, '<li><a href="home.php?areareportc=areareportc">View Job Cards</a></li>', 'View Job Cards', 0),
(73, 3, 'Items Managements', 9, '<li><a href="home.php?viewsetuptemplate=viewsetuptemplate">Items Managements</a></li>', '', 0),
(74, 3, 'Create Vihicle Models', 1, '<li><a href="home.php?newsponsor=newsponsor">Create Vehicle Models</a></li>', 'Create Vihicle Models', 0),
(75, 3, 'Company Details / Settings', 1, '<li><a href="home.php?viewcompetency=viewcompetency">Company Details / Settings</a></li>', '', 0),
(143, 4, 'Add User Group', 1, '<li><a href="add_user_groups.php">Add User Group</a></li>', '', 0),
(142, 3, 'Banks Accounts Management', 70, '<li><a href="add_bank.php">Banks Accounts Management</a></li>', '', 0),
(141, 6, 'Record Clients Payments', 6, '<li><a href="receive_client_payment.php">Record Clients Payments</a></li>', '', 0),
(140, 7, 'Custom Clearance Tax & Freight', 100, '<li><a href="add_transport_expenses.php">Custom Clearance Tax & Freight</a></li>', '', 0),
(139, 3, 'View Invoices Generated Accounts', 2, '<li><a href="view_invoices.php">View Invoices Generated Accounts</a></li>', '', 0),
(138, 15, 'Our Shipping Agents', 34, '<li><a href="view_ship.php"><span>Our Shipping Agents</span></a></li>', '', 0),
(137, 13, 'Our Clients', 21, '<li><a href="view_customers.php"><span>Our Clients</span></a></li>', '', 0),
(136, 12, 'Our Suppliers', 45, ' <li><a href="view_supplier.php"><span>Our Suppliers</span></a></li>', '', 0),
(135, 7, 'Debtors and Creditors', 50, '<li><a href="#"><span>Debtors and Creditors</span></a>\r\n						<div><ul>\r\n\r\n                        <li><a href="view_sales_returns.php"><span>Credit Notes</span></a></li>\r\n						<li><a href="view_debit_notes.php"><span>Debit Notes</span></a></li>\r\n						\r\n						\r\n						\r\n                         </ul></div>\r\n                        </li>', '', 0),
(134, 9, 'Profit and Loss Account', 37, '<li><a href="view_tpla.php"><span>Profit and Loss Account</span></a></li>', '', 0),
(175, 5, 'View Suppliers Receipts', 7, '<li><a href="view_supplier_receipts.php">View Suppliers Receipts</a></li>', '', 0),
(176, 5, 'View Canceled RFQ', 3, '<li><a href="view_canceled_rfq.php">View Canceled RFQ</a></li>', '', 0),
(177, 3, 'Items Availlability In The Store', 11, '<li><a href="closing_stock.php">Items Availlability In The Store</a></li>', '', 0),
(178, 5, 'View Debit Notes', 12, '<li><a href="view_debit_notes.php">View Debit Notes</a></li>', '', 0),
(179, 5, 'Products Expiry Condition', 19, '<li><a href="view_prod_condition.php">Products Expiry Condition</a></li>', '', 0),
(180, 5, 'View Payments To Suppliers', 9, '<li><a href="view_stock_payments.php">View Payments To Suppliers</a></li>', '', 0),
(181, 3, 'Receive Item To The Store', 7, '<li><a href="receive_stock.php">Receive Item To The Store</a></li>', '', 0),
(182, 14, 'Record Cheque Deposit', 1, '<li><a href="cheque_deposit.php">Record Cheque Deposit</a></li>', '', 0),
(183, 14, 'View All Cheque Deposits', 2, '<li><a href="view_cheque_deposits.php">View All Cheque Deposits</a></li>', '', 0),
(184, 14, 'Record Cash Deposit', 4, '<li><a href="cash_deposit.php">Record Cash Deposit</a></li>', '', 0),
(185, 14, 'View All Cash Deposits', 6, '<li><a href="view_cash_deposits.php">View All Cash Deposits</a></li>', '', 0),
(186, 14, 'Bank Reconcilliations', 8, '<li><a href="#">Bank Reconcilliations</a></li>', '', 0),
(187, 14, 'Record Cheque Withdrawal', 2, '<li><a href="cheque_withdrawal.php">Record Cheque Withdrawal</a></li>', '', 0),
(188, 14, 'Record Cash Withdrawals', 6, '<li><a href="cash_withdrawal.php">Record Cash Withdrawals</a></li>', '', 0),
(189, 14, 'View All Cheque Withdrawals', 2, '<li><a href="view_cheque_withdrawals.php">View All Cheque Withdrawals</a></li>', '', 0),
(190, 14, 'View All Cash Withdrawals', 6, '<li><a href="view_cash_withdrawal.php">View All Cash Withdrawals</a></li>', '', 0),
(191, 15, 'View System Bank Balance', 1, '<li><a href="view_bank_balance1.php">View System Bank Balance</a></li>', '', 0),
(192, 15, 'Reconcile System Balance', 2, '<li><a href="reconcile_system_balance1.php">Reconcile System Balance</a></li>', '', 0),
(193, 15, 'View Reconciled System Balance', 3, '<li><a href="view_reconciled_system_balance1.php">View Reconciled System Balance</a></li>', '', 0),
(194, 15, 'Reconcile Bank Balance', 4, '<li><a href="reconcile_bank_balance1.php">Reconcile Bank Balance</a></li>', '', 0),
(195, 15, 'View Reconciled Bank Balance', 5, '<li><a href="view_reconciled_bank_balance1.php">View Reconciled Bank Balance</a></li>', '', 0),
(196, 9, 'Record Staff Salary Payment', 200, '<li><a href="record_salary_payment.php">Record Staff Salary Payment</a></li>', '', 0),
(197, 7, 'Record Loan Given Out', 38, '<li><a href="add_loan_given_out.php">Record Loan Given Out</a></li>', '', 0),
(198, 6, 'Receive Payments From Clients', 100, '<li><a href="pre_bepaid.php">Receive Payments From Clients</a></li>', '', 0),
(199, 7, 'Record Prepaid Expenses', 101, '<li><a href="add_prepaid_expenses.php">Recored Prepaid Expenses</a></li>', '', 0),
(200, 6, 'Pay Supplier (Order Payment)', 7, '<li><a href="pay_supplier.php">Pay Supplier (Order Payment)</a></li>', '', 0),
(201, 3, 'New Receive Stock To Warehouse', 900, '<li><a href="new_receive_stock.php">New Receive Stock To Warehouse</a></li>', '', 0),
(202, 6, 'View All Generated Invoices', 2, '<li><a href="view_invoices.php">View All Generated Invoices</a></li>', '', 0),
(203, 6, 'View Canceled Invoices', 3, '<li><a href="view_cancelled_invoices.php">View Canceled Invoices</a></li>', '', 0),
(204, 6, 'View Recived Invoice Payments', 7, '<li><a href="view_invoice_payments.php">View Received Invoice Payments</a></li>', '', 0),
(205, 6, 'View Generated Quotations', 9, '<li><a href="view_quotations.php">View Generated Quotations</a></li>', '', 0),
(206, 6, 'Assign Commision Rate To Sales Rep', 9, '<li><a href="assign_commision.php">Assign Commission Rate</a></li>', '', 0),
(207, 6, 'View Commission Rates', 10, '<li><a href="view_ass_commisions.php">View Commission Rates</a></li>', '', 0),
(208, 6, 'View Commissions Report', 11, '<li><a href="view_comm_payments.php">View Commissions Report</a></li>', '', 0),
(209, 6, 'Pay Staff Commission', 10, '<li><a href="pay_commission.php">Pay Staff Commission</a></li>', '', 0),
(210, 9, 'View Staff Statement', 22, '<li><a href="view_staff_statement.php">View Staff Statement</a></li>', '', 0),
(211, 9, 'Record Staff Advance', 5, '<li><a href="add_staff_advance.php">Record Staff Advance</a></li>', '', 0),
(212, 9, 'Process Payroll', 6, '<li><a href="generate_payroll.php">Process Payroll</a></li>', '', 0),
(213, 9, 'Terminate Staff', 25, '<li><a href="terminate_staff.php">Terminate Staff</a></li>', '', 0),
(214, 9, 'View Cash Sales Generated', 10, '<li><a href="view_cash_sales.php">View Cash Sales Generated</a></li>', '', 0),
(215, 6, 'Record Sales Returns', 12, '<li><a href="view_inv_sales_returns.php">Record Sales Returns</a></li>', '', 0),
(216, 6, 'View Sales Return(Credit Notes)', 13, '<li><a href="view_sales_returns.php">View Sales Return(Credit Notes)</a></li>', '', 0),
(217, 17, 'View Submited Invoice', 5, '<li><a href="home.php?processnatflight=processnatflight">View Submited Invoice</a></li>', '', 0),
(218, 16, 'Approve Purchase Order', 3, '<li><a href="approve_lpo.php">Approve Purchase Order</a></li>', '', 0),
(219, 16, 'View Approved LPOs', 4, '<li><a href="view_approved_lpo.php">View Approved LPOs</a></li>', '', 0),
(220, 17, 'Create Requisition Form', 3, '<li><a href="home.php?familystatus=familystatus">Create Requisition Form</a></li>', '', 0),
(221, 11, 'View Pending Bookings', 3, '<li><a href="home.php?pending_booking=pending_booking">View Pending Bookings</a></li>', 'View Pending Bookings', 0),
(222, 17, 'View Requisitions Created', 4, '<li><a href="home.php?viewfamilystatus=viewfamilystatus">View Requisitions Created</a></li>', '', 0),
(223, 16, 'Release Items From Store', 1, '<li><a href="home.php?adminpayrollexpreport=adminpayrollexpreport">Release Items From Store</a></li>', '', 0),
(224, 16, 'View Released Items From Store', 1, '<li><a href="view_all_released_items.php">View Released Items From Store</a></li>', '', 0),
(225, 28, 'Bank Ledger', 10, '<li><a href="view_bank_ledger.php">Cash Ledger</a></li>', '', 0);

-- --------------------------------------------------------

--
-- Table structure for table `suppliers`
--

CREATE TABLE IF NOT EXISTS `suppliers` (
  `supplier_id` int(10) unsigned NOT NULL AUTO_INCREMENT,
  `supplier_name` varchar(45) COLLATE latin1_general_ci NOT NULL,
  `cont_person` varchar(45) COLLATE latin1_general_ci NOT NULL,
  `country` varchar(45) COLLATE latin1_general_ci NOT NULL,
  `postal` varchar(100) COLLATE latin1_general_ci NOT NULL,
  `town` varchar(45) COLLATE latin1_general_ci NOT NULL,
  `phone` varchar(45) COLLATE latin1_general_ci NOT NULL,
  `email` varchar(45) COLLATE latin1_general_ci NOT NULL,
  `date_reg` timestamp NOT NULL DEFAULT CURRENT_TIMESTAMP ON UPDATE CURRENT_TIMESTAMP,
  PRIMARY KEY (`supplier_id`)
) ENGINE=MyISAM  DEFAULT CHARSET=latin1 COLLATE=latin1_general_ci AUTO_INCREMENT=40 ;

--
-- Dumping data for table `suppliers`
--

INSERT INTO `suppliers` (`supplier_id`, `supplier_name`, `cont_person`, `country`, `postal`, `town`, `phone`, `email`, `date_reg`) VALUES
(37, 'BAGDA''S', 'MR', 'Kenya', '', '', '0733527956', 'bad@yahoo.com', '2015-01-16 20:46:25'),
(38, ' EGEN RONGAI SERVICE STATION', 'MRS', 'Kenya', '', '', '07', 'egen@yagoo.com', '2015-01-17 22:10:09'),
(39, ' JAPAN PRIDE', 'MR', 'Kenya', '', '', '0722170179', 'japan-pride@yahoo.com', '2015-01-26 23:28:33'),
(35, 'PIPEMAN MANUFACTURES', 'MR', 'Kenya', '', '', '0739393939', 'sale@pipeman.com', '2015-01-16 03:31:08'),
(34, ' Varsani brakelinings lte', 'MR', 'Kenya', '', '', '0722514296', 'accounts@vasrsanihrakelinings.com', '2015-01-15 21:16:51'),
(26, ' TOOLCRAFTS LTD', 'Sales 0722655848', 'Kenya', '651345/6513456', 'Nairobi', '0722655848', 'info@toolcrafts.com', '2014-12-25 02:44:25'),
(27, ' WAGDAH MOTORS', 'DAVID', 'Kenya', 'wagdah.motors@gmail.com', 'Nairobi', '0729577416', 'wagdah.motors@gmail.com', '2015-01-06 18:59:47'),
(28, ' IMPALA AUTO SPARES', 'MR', 'Kenya', 'N/A', 'Nairobi', '0722633128', 'impala@gmail.com', '2015-01-06 21:37:52'),
(29, ' BASELINE MOTORS SPARE', 'MR', 'Kenya', 'N/A', 'Rongai', '0720367854', 'baseline@yahoo.com', '2015-01-09 00:11:05'),
(30, ' POWER FLOW SERVICES', 'JOSHUA', 'Kenya', '', '', '0722958705', 'JOSHUA@YAHOO.COM', '2015-01-09 03:03:56'),
(31, ' BITMOS AUTO SUPPLIES', 'MR', 'Kenya', '', '', '0727082956', 'wagdah.motors@gmail.com', '2015-01-16 01:08:05'),
(32, ' GATHANI LIMITED', 'ANTONY', 'Kenya', '', 'Nairobi', '0721985545', 'kenya@gathaniltd.com', '2015-01-14 03:55:36'),
(33, ' HEXAGON AGENCIES LTD', 'MR', 'Kenya', '', '', '0722207255', 'sal@africaonline.co.ke', '2015-01-14 23:13:10');

-- --------------------------------------------------------

--
-- Table structure for table `supplier_payments`
--

CREATE TABLE IF NOT EXISTS `supplier_payments` (
  `supplier_payments_id` int(10) NOT NULL AUTO_INCREMENT,
  `receipt_no` varchar(100) NOT NULL,
  `supplier_id` int(10) NOT NULL,
  `amount_received` varchar(100) NOT NULL,
  `decription` longtext NOT NULL,
  `currency_code` varchar(100) NOT NULL,
  `curr_rate` varchar(100) NOT NULL,
  `mop` varchar(11) NOT NULL,
  `ref_no` varchar(100) NOT NULL,
  `date_paid` date NOT NULL,
  `client_bank` varchar(100) NOT NULL,
  `our_bank` int(11) NOT NULL,
  `date_received` timestamp NOT NULL DEFAULT CURRENT_TIMESTAMP,
  `status` int(1) NOT NULL,
  PRIMARY KEY (`supplier_payments_id`)
) ENGINE=MyISAM  DEFAULT CHARSET=latin1 AUTO_INCREMENT=3 ;

--
-- Dumping data for table `supplier_payments`
--

INSERT INTO `supplier_payments` (`supplier_payments_id`, `receipt_no`, `supplier_id`, `amount_received`, `decription`, `currency_code`, `curr_rate`, `mop`, `ref_no`, `date_paid`, `client_bank`, `our_bank`, `date_received`, `status`) VALUES
(1, 'BRSP0001/2015', 27, '77090', 'Payment to the supplier', '6', '1', '2', '', '2015-01-05', 'Paramount Bank', 0, '2015-01-22 03:45:14', 0),
(2, 'BRSP0002/2015', 38, '204', 'Petrol pymt to Engen', '6', '1', '1', '', '0000-00-00', '', 0, '2015-01-30 01:41:04', 0);

-- --------------------------------------------------------

--
-- Table structure for table `supplier_receipt`
--

CREATE TABLE IF NOT EXISTS `supplier_receipt` (
  `supplier_receipt_id` int(10) NOT NULL AUTO_INCREMENT,
  `receipt_no` varchar(100) NOT NULL,
  `amnt_rec` varchar(100) NOT NULL,
  `currency_code` varchar(100) NOT NULL,
  `curr_rate` varchar(100) NOT NULL,
  `mop` varchar(100) NOT NULL,
  `cheque_no` varchar(100) NOT NULL,
  `supplier_id` int(10) NOT NULL,
  `order_code` int(10) NOT NULL,
  `user_id` int(10) NOT NULL,
  `date_generated` timestamp NOT NULL DEFAULT CURRENT_TIMESTAMP ON UPDATE CURRENT_TIMESTAMP,
  `status` int(1) NOT NULL,
  PRIMARY KEY (`supplier_receipt_id`)
) ENGINE=MyISAM DEFAULT CHARSET=latin1 AUTO_INCREMENT=1 ;

--
-- Dumping data for table `supplier_receipt`
--


-- --------------------------------------------------------

--
-- Table structure for table `supplier_transactions`
--

CREATE TABLE IF NOT EXISTS `supplier_transactions` (
  `transaction_id` int(10) NOT NULL AUTO_INCREMENT,
  `supplier_id` int(10) NOT NULL,
  `order_code` varchar(100) NOT NULL,
  `transaction` varchar(100) NOT NULL,
  `currency` int(11) NOT NULL,
  `curr_rate` varchar(11) NOT NULL,
  `amount` varchar(100) NOT NULL,
  `date_recorded` timestamp NOT NULL DEFAULT CURRENT_TIMESTAMP,
  PRIMARY KEY (`transaction_id`)
) ENGINE=MyISAM  DEFAULT CHARSET=latin1 AUTO_INCREMENT=34 ;

--
-- Dumping data for table `supplier_transactions`
--

INSERT INTO `supplier_transactions` (`transaction_id`, `supplier_id`, `order_code`, `transaction`, `currency`, `curr_rate`, `amount`, `date_recorded`) VALUES
(1, 2, 'po2', 'Purchase Order LPO No:BD0002/2014', 6, '1', '3120', '2014-12-20 23:42:22'),
(2, 26, 'cancpo5', 'Cancel Purchase Order LPO No:BD0005/2014 (CANCELLED)', 6, '1', '-', '2014-12-25 03:50:59'),
(3, 10, 'cancpo4', 'Cancel Purchase Order LPO No:BD0004/2014 (CANCELED)', 6, '1', '-', '2014-12-25 03:51:15'),
(4, 7, 'cancpo3', 'Cancel Purchase Order LPO No:BD0003/2014 (CANCELED)', 6, '1', '-', '2014-12-25 03:51:50'),
(5, 2, 'cancpo1', 'Cancel Purchase Order LPO No:BD0001/2014 (CANCELED)', 6, '1', '-', '2014-12-25 03:52:07'),
(6, 2, 'po6', 'Purchase Order LPO No:BD0006/2015', 6, '1', '3560', '2015-01-03 20:26:07'),
(7, 27, 'po24', 'Purchase Order LPO No:BD0024/2015', 6, '1', '4000', '2015-01-08 01:12:02'),
(8, 27, 'po19', 'Purchase Order LPO No:BD0019/2015', 6, '1', '20160', '2015-01-08 01:13:32'),
(9, 27, 'po17', 'Purchase Order LPO No:BD0017/2015', 6, '1', '11440', '2015-01-08 01:13:58'),
(10, 27, 'po16', 'Purchase Order LPO No:BD0016/2015', 6, '1', '17840', '2015-01-08 01:14:23'),
(11, 27, 'po15', 'Purchase Order LPO No:BD0015/2015', 6, '1', '9700', '2015-01-08 01:15:06'),
(12, 27, 'po23', 'Purchase Order LPO No:BD0023/2015', 6, '1', '13950', '2015-01-08 01:15:42'),
(13, 31, 'po34', 'Purchase Order LPO No:BD0034/2015', 6, '1', '34550', '2015-01-11 20:17:19'),
(14, 27, 'po33', 'Purchase Order LPO No:BD0033/2015', 6, '1', '31800', '2015-01-11 20:17:33'),
(15, 29, 'po37', 'Purchase Order LPO No:BD0037/2015', 6, '1', '1000', '2015-01-14 23:56:48'),
(16, 33, 'po39', 'Purchase Order LPO No:BD0039/2015', 6, '1', '1800', '2015-01-15 03:22:59'),
(17, 32, 'po40', 'Purchase Order LPO No:BD0040/2015', 6, '1', '8811.32', '2015-01-15 03:25:31'),
(18, 29, 'po36', 'Purchase Order LPO No:BD0036/2015', 6, '1', '550', '2015-01-15 03:52:48'),
(19, 29, 'po35', 'Purchase Order LPO No:BD0035/2015', 6, '1', '1000', '2015-01-15 03:53:15'),
(20, 29, 'po41', 'Purchase Order LPO No:BD0041/2015', 6, '1', '2000', '2015-01-15 22:18:14'),
(21, 34, 'po42', 'Purchase Order LPO No:BD0042/2015', 6, '1', '8630.4', '2015-01-15 22:18:31'),
(22, 31, 'po44', 'Purchase Order LPO No:BD0044/2015', 6, '1', '13200', '2015-01-16 01:20:18'),
(23, 35, 'po43', 'Purchase Order LPO No:BD0043/2015', 6, '1', '3550', '2015-01-16 01:20:36'),
(24, 38, 'po46', 'Purchase Order LPO No:BD0046/2015', 6, '1', '780', '2015-01-18 00:33:00'),
(25, 29, 'cancpo47', 'Cancel Purchase Order LPO No:BD0047/2015 (raised twice)', 6, '1', '-', '2015-01-20 01:39:02'),
(26, 31, 'po49', 'Purchase Order LPO No:BD0049/2015', 6, '1', '18600', '2015-01-21 19:45:59'),
(27, 38, 'po51', 'Purchase Order LPO No:BD0051/2015', 6, '1', '5100', '2015-01-21 19:46:30'),
(28, 29, 'po50', 'Purchase Order LPO No:BD0050/2015', 6, '1', '400', '2015-01-21 19:47:36'),
(29, 27, 'supm1', 'Supplier Payments Receipt: BRSP0001/2015', 6, '1', '-77090', '2015-01-22 03:45:14'),
(30, 39, 'po53', 'Purchase Order LPO No:BD0053/2015', 6, '1', '2000', '2015-01-26 23:45:30'),
(31, 29, 'po54', 'Purchase Order LPO No:BD0054/2015', 6, '1', '1350', '2015-01-29 01:51:15'),
(32, 38, 'po55', 'Purchase Order LPO No:BD0055/2015', 6, '1', '1300', '2015-01-29 01:53:50'),
(33, 38, 'supm2', 'Supplier Payments Receipt: BRSP0002/2015', 6, '1', '-204', '2015-01-30 01:41:04');

-- --------------------------------------------------------

--
-- Table structure for table `task`
--

CREATE TABLE IF NOT EXISTS `task` (
  `task_id` bigint(20) NOT NULL AUTO_INCREMENT,
  `task_name` varchar(100) NOT NULL,
  `task_desc` longtext NOT NULL,
  PRIMARY KEY (`task_id`)
) ENGINE=InnoDB  DEFAULT CHARSET=latin1 AUTO_INCREMENT=153 ;

--
-- Dumping data for table `task`
--

INSERT INTO `task` (`task_id`, `task_name`, `task_desc`) VALUES
(1, 'Camshaft Gear Remove & Replace', ''),
(2, 'Partial Engine Assy Remove & Refitt', ''),
(3, 'Engine Overhaul', ''),
(4, 'Engine Short Block Remove & Refitt', ''),
(5, 'Engine Remove & Refitt', ''),
(6, 'Cylinder Head Gasket Replacement', ''),
(7, 'Engine Mounting Replacement One side', ''),
(8, 'Sump Gasket Replacement', ''),
(9, 'Timimg Belt Replacement', ''),
(10, 'Radiator Expansion Tank assy', ''),
(11, 'Water Pump Replacement', ''),
(12, 'Turbo Charger Replacement', ''),
(13, 'Exhaust Manifold Gasket Replacement', ''),
(14, 'Brake Caliper Replacement Front', ''),
(15, 'Brake Disk skimming Front One side', ''),
(16, 'Wheel cylinder Cupkit Front NQR one side', ''),
(17, 'Battery Test', ''),
(18, 'Stater Brush Holder Assy', ''),
(19, 'Distributor Cap Replacement', ''),
(20, 'Wiper Blade Replacement', ''),
(21, 'MAJOR SERVICE', ''),
(22, 'MINOR SERVICE', ''),
(23, 'Replace clutch master cylinder', ''),
(24, 'Injector pump calibration', ''),
(26, 'Headlight Repairs', ''),
(27, 'Replace alternator "o"ring', ''),
(28, 'Replace fanbelt', ''),
(29, 'Brakes adjustment Rear', ''),
(30, 'Door stopper welding', ''),
(31, ' Bonnet Cable adjustment', ''),
(32, 'Ignition system rectification', ''),
(33, 'Radio Repair', ''),
(34, 'Front wheel cylinder rubbers replacement', ''),
(35, 'Horn rectification', ''),
(36, 'Clutch adjustment', ''),
(37, 'Front wheel bearing adj', ''),
(38, 'Clutch Overhaul', ''),
(39, 'Rear Wheel Cylinder Cupkit Isuzu & Others', ''),
(40, 'Wheel Alignment', ''),
(41, 'Wheel Balancing', ''),
(42, 'Replace indicator bulbs', ''),
(43, 'Replace brake bulbs', ''),
(44, 'Rear brake lights replacement', ''),
(45, 'Wheel studs replacement', ''),
(46, 'Battery terminal replacement', ''),
(47, 'Battery water refill', ''),
(48, 'Puncture repair Tubeless Tire', ''),
(49, 'Replace side mirror ', ''),
(50, 'Front crankshaft Oil  seal', ''),
(51, 'Rear crankshaft seal', ''),
(52, 'Diesel pipes replacements', ''),
(53, 'Speed governor repair', ''),
(54, 'Drain and refill engine oil', ''),
(55, 'Replace spark plugs', ''),
(56, 'Overheating Diagnosis', ''),
(57, 'oil filter', ''),
(58, 'Diesel filter replacement', ''),
(59, 'Rear  Hub oil seal Isuzu & Other Light Trucks', ''),
(60, 'Front Hub Oil seal Isuzu', ''),
(61, 'Brake linning Replacement Front Isuzu NQR', ''),
(62, 'Replace inner oil seal', ''),
(63, 'Replace outer oil seal', ''),
(65, 'Wheel changing', ''),
(66, 'Replace exhaust gasket', ''),
(67, 'Greasing', ''),
(68, 'Exhaust welding', ''),
(70, 'Kingpin replacement Isuzu & Other Light Trucks', ''),
(71, 'Rectify Snake lights Matatu', ''),
(72, 'Replace rear axle tube', ''),
(73, 'Replace top radiator hose', ''),
(74, 'Replace diesel filter', ''),
(77, 'Replace Interior lights', ''),
(78, 'Draglink Replacement', ''),
(79, 'Replace exhaust gasket', ''),
(80, 'Repair suspension system', ''),
(81, 'Drain & Refill  diesel Tank', ''),
(82, 'Drain and refill ATF oil', ''),
(83, 'Diagnosis', ''),
(84, 'Defect Report', ''),
(85, 'Drive boot replacement ', ''),
(86, 'Clean throtle body', ''),
(89, 'Replace 1 set brake linings', ''),
(90, 'Replace 2 sets brake linings', ''),
(91, 'Clean fuel tank', ''),
(92, 'Battery replacement', ''),
(93, 'Replace fuel pump', ''),
(94, 'Propeller shaft Bolts Replacement', ''),
(95, 'Brake Caliper Replacement Rear', ''),
(96, 'Wheel cylinder Cupkit Isuzu NQR both sides', ''),
(97, 'Brake Adjustment Front', ''),
(98, 'Accelarator Cable Adjustment', ''),
(99, 'Clean Diesel Filter', ''),
(100, 'Engine mounting Replacement Both sides', ''),
(101, 'Exhaust  silencer Gasket Replacent', ''),
(102, 'Brake Disk skimming Front Both sides', ''),
(103, 'Puncture Repair Patche', ''),
(104, 'Rear Hub Oil Seal Isuzu & Other Light Trucks both sides', ''),
(105, 'Rear Wheel Cylinder Cupkit Isuzu & Others Both sides', ''),
(106, 'hand brake adjustment', ''),
(107, 'lights repair', ''),
(108, 'Replace Front Inner wheel Brgs', ''),
(109, 'Replace Outer Front Wheel Brgs', ''),
(110, 'Replace Rear Inner wheel Brgs', ''),
(111, 'Replace Rear Outer Wheel Brgs', ''),
(112, 'Replace Seat Belts Matatu', ''),
(113, 'Replace Rear Diff Oil seal', ''),
(114, 'Replace Rear Diff Gasket', ''),
(116, 'Tubeless patch repair', ''),
(117, 'Brake lining replacement rear', ''),
(118, 'Injector Nozzle Repair', ''),
(119, 'Replace brake pads', ''),
(120, 'Hand brake linings labour', ''),
(121, 'Tyre change', ''),
(122, 'Repair  Hydraulic Steering Pipe Merc', ''),
(123, 'Replaced Crankshaft sensor', ''),
(124, 'Service A1', ''),
(125, 'Service A2', ''),
(126, 'Service A3', ''),
(127, 'Service B1', ''),
(128, 'Service B2', ''),
(129, 'Service B3', ''),
(130, 'Rectify Gearbox', ''),
(131, 'Rivetting job', ''),
(132, 'Wheel Cylinder Cupkit Rear NQR', ''),
(133, 'Exhaust Repair', ''),
(134, 'Replace Chevrons', ''),
(135, 'rectify  socket wire', ''),
(136, 'rectified fuel pipe', ''),
(137, 'Replace Upper Front arm bushes kit', ''),
(138, 'Arm Welding', ''),
(139, 'Omondi Task four', ''),
(140, 'REplace Omondi fuel', ''),
(141, 'Gregiry Ussack ni kweli', ''),
(142, 'Gregory thomas', ''),
(143, 'Replace Bottom Lining kabisa', ''),
(144, 'Bonnet Tinting', ''),
(145, 'Kimtai kiuy', ''),
(146, 'W', ''),
(147, 'Omanga', ''),
(148, 'Windwo Glass', ''),
(149, 'MOnor Service', ''),
(150, 'Major SErvice', ''),
(151, 'Miscelenous', ''),
(152, 'Repaire', '');

-- --------------------------------------------------------

--
-- Table structure for table `taxblocs`
--

CREATE TABLE IF NOT EXISTS `taxblocs` (
  `tax_bloc_id` int(20) NOT NULL AUTO_INCREMENT,
  `tax_max` varchar(20) COLLATE latin1_general_ci DEFAULT NULL,
  `tax_min` varchar(20) COLLATE latin1_general_ci DEFAULT NULL,
  `tax_rate` varchar(100) COLLATE latin1_general_ci DEFAULT NULL,
  PRIMARY KEY (`tax_bloc_id`)
) ENGINE=MyISAM DEFAULT CHARSET=latin1 COLLATE=latin1_general_ci AUTO_INCREMENT=1 ;

--
-- Dumping data for table `taxblocs`
--


-- --------------------------------------------------------

--
-- Table structure for table `temp_cash_sales`
--

CREATE TABLE IF NOT EXISTS `temp_cash_sales` (
  `temp_cash_sales_id` int(10) NOT NULL AUTO_INCREMENT,
  `client_id` int(10) NOT NULL,
  `user_id` int(11) NOT NULL,
  `sales_rep` int(11) NOT NULL,
  `currency_code` varchar(11) NOT NULL,
  `curr_rate` varchar(100) NOT NULL,
  `product_id` int(10) NOT NULL,
  `product_code` varchar(100) NOT NULL,
  `sales_code` int(11) NOT NULL,
  `quantity` varchar(100) NOT NULL,
  `selling_price` varchar(100) NOT NULL,
  `vat_value` varchar(100) NOT NULL,
  `discount_perc` int(11) NOT NULL,
  `discount_value` varchar(100) NOT NULL,
  `date_generated` timestamp NOT NULL DEFAULT CURRENT_TIMESTAMP ON UPDATE CURRENT_TIMESTAMP,
  `status` int(1) NOT NULL,
  PRIMARY KEY (`temp_cash_sales_id`),
  KEY `supplier_id` (`client_id`,`product_id`),
  KEY `shipping_agent_id` (`currency_code`)
) ENGINE=MyISAM DEFAULT CHARSET=latin1 AUTO_INCREMENT=1 ;

--
-- Dumping data for table `temp_cash_sales`
--


-- --------------------------------------------------------

--
-- Table structure for table `temp_purchase_order`
--

CREATE TABLE IF NOT EXISTS `temp_purchase_order` (
  `temp_purchase_order_id` int(10) NOT NULL AUTO_INCREMENT,
  `supplier_id` int(10) NOT NULL,
  `user_id` int(11) NOT NULL,
  `shipping_agent_id` int(11) NOT NULL,
  `payment_term_id` varchar(100) NOT NULL,
  `currency_code` varchar(11) NOT NULL,
  `curr_rate` varchar(100) NOT NULL,
  `comments` varchar(250) NOT NULL,
  `product_id` int(10) NOT NULL,
  `product_code` varchar(100) NOT NULL,
  `order_code` int(11) NOT NULL,
  `quantity` varchar(100) NOT NULL,
  `vendor_prc` varchar(100) NOT NULL,
  `ttl` varchar(11) NOT NULL,
  `date_generated` timestamp NOT NULL DEFAULT CURRENT_TIMESTAMP ON UPDATE CURRENT_TIMESTAMP,
  `status` int(1) NOT NULL,
  PRIMARY KEY (`temp_purchase_order_id`),
  KEY `supplier_id` (`supplier_id`,`product_id`),
  KEY `shipping_agent_id` (`shipping_agent_id`,`payment_term_id`,`currency_code`)
) ENGINE=MyISAM DEFAULT CHARSET=latin1 AUTO_INCREMENT=1 ;

--
-- Dumping data for table `temp_purchase_order`
--


-- --------------------------------------------------------

--
-- Table structure for table `temp_quote`
--

CREATE TABLE IF NOT EXISTS `temp_quote` (
  `temp_quote_id` int(10) NOT NULL AUTO_INCREMENT,
  `client_id` int(10) NOT NULL,
  `user_id` int(11) NOT NULL,
  `sales_rep` int(11) NOT NULL,
  `currency_code` varchar(11) NOT NULL,
  `curr_rate` varchar(100) NOT NULL,
  `payment_terms` varchar(100) NOT NULL,
  `delivery_terms` varchar(100) NOT NULL,
  `product_id` int(10) NOT NULL,
  `product_code` varchar(100) NOT NULL,
  `quote_code` int(11) NOT NULL,
  `quantity` varchar(100) NOT NULL,
  `selling_price` varchar(100) NOT NULL,
  `vat_value` varchar(100) NOT NULL,
  `discount_perc` int(11) NOT NULL,
  `discount_value` varchar(100) NOT NULL,
  `date_generated` timestamp NOT NULL DEFAULT CURRENT_TIMESTAMP ON UPDATE CURRENT_TIMESTAMP,
  `status` int(1) NOT NULL,
  PRIMARY KEY (`temp_quote_id`),
  KEY `supplier_id` (`client_id`,`product_id`),
  KEY `shipping_agent_id` (`currency_code`)
) ENGINE=MyISAM DEFAULT CHARSET=latin1 AUTO_INCREMENT=1 ;

--
-- Dumping data for table `temp_quote`
--


-- --------------------------------------------------------

--
-- Table structure for table `temp_rfq`
--

CREATE TABLE IF NOT EXISTS `temp_rfq` (
  `temp_rfq_id` int(10) NOT NULL AUTO_INCREMENT,
  `supplier_id` int(10) NOT NULL,
  `user_id` int(11) NOT NULL,
  `product_id` int(10) NOT NULL,
  `product_code` varchar(100) NOT NULL,
  `rfq_code` int(11) NOT NULL,
  `quantity` varchar(100) NOT NULL,
  `date_generated` timestamp NOT NULL DEFAULT CURRENT_TIMESTAMP ON UPDATE CURRENT_TIMESTAMP,
  `status` int(1) NOT NULL,
  PRIMARY KEY (`temp_rfq_id`),
  KEY `supplier_id` (`supplier_id`,`product_id`)
) ENGINE=MyISAM DEFAULT CHARSET=latin1 AUTO_INCREMENT=1 ;

--
-- Dumping data for table `temp_rfq`
--


-- --------------------------------------------------------

--
-- Table structure for table `temp_sales`
--

CREATE TABLE IF NOT EXISTS `temp_sales` (
  `temp_sales_id` int(10) NOT NULL AUTO_INCREMENT,
  `client_id` int(10) NOT NULL,
  `user_id` int(11) NOT NULL,
  `sales_rep` int(11) NOT NULL,
  `currency_code` varchar(11) NOT NULL,
  `curr_rate` varchar(100) NOT NULL,
  `purchase_order_id` int(10) NOT NULL,
  `product_id` int(10) NOT NULL,
  `product_code` varchar(100) NOT NULL,
  `prod_desc` longtext NOT NULL,
  `sales_code` int(11) NOT NULL,
  `quantity` varchar(100) NOT NULL,
  `selling_price` varchar(100) NOT NULL,
  `vat_value` varchar(100) NOT NULL,
  `discount_perc` int(11) NOT NULL,
  `discount_value` varchar(100) NOT NULL,
  `date_generated` timestamp NOT NULL DEFAULT CURRENT_TIMESTAMP ON UPDATE CURRENT_TIMESTAMP,
  `status` int(1) NOT NULL,
  PRIMARY KEY (`temp_sales_id`),
  KEY `supplier_id` (`client_id`,`product_id`),
  KEY `shipping_agent_id` (`currency_code`)
) ENGINE=MyISAM DEFAULT CHARSET=latin1 AUTO_INCREMENT=1 ;

--
-- Dumping data for table `temp_sales`
--


-- --------------------------------------------------------

--
-- Table structure for table `temp_sales_returns`
--

CREATE TABLE IF NOT EXISTS `temp_sales_returns` (
  `temp_sales_returns_id` int(10) NOT NULL AUTO_INCREMENT,
  `product_code` varchar(10) NOT NULL,
  `product_id` int(10) NOT NULL,
  `purchase_order_id` int(11) NOT NULL,
  `selling_price` varchar(100) NOT NULL,
  `client_id` int(10) NOT NULL,
  `salesreturn_code` int(10) NOT NULL,
  `sales_code` int(10) NOT NULL,
  `sales_rep` int(10) NOT NULL,
  `invoice_id` int(10) NOT NULL,
  `sales_return_quantity` varchar(100) NOT NULL,
  `desc` varchar(100) NOT NULL,
  `date_returned` timestamp NOT NULL DEFAULT CURRENT_TIMESTAMP,
  PRIMARY KEY (`temp_sales_returns_id`)
) ENGINE=MyISAM DEFAULT CHARSET=latin1 AUTO_INCREMENT=1 ;

--
-- Dumping data for table `temp_sales_returns`
--


-- --------------------------------------------------------

--
-- Table structure for table `temp_stock_returns`
--

CREATE TABLE IF NOT EXISTS `temp_stock_returns` (
  `temp_stock_returns_id` int(10) NOT NULL AUTO_INCREMENT,
  `stock_returns_id` int(10) NOT NULL,
  `product_code` varchar(10) NOT NULL,
  `purchase_order_id` int(10) NOT NULL,
  `product_id` int(10) NOT NULL,
  `vendor_price` varchar(100) NOT NULL,
  `currency` varchar(100) NOT NULL,
  `curr_rate` varchar(100) NOT NULL,
  `supplier_id` int(10) NOT NULL,
  `stockreturn_code` int(10) NOT NULL,
  `order_code` int(10) NOT NULL,
  `user_id` int(10) NOT NULL,
  `stock_return_quantity` varchar(100) NOT NULL,
  `reason` varchar(100) NOT NULL,
  `date_returned` timestamp NOT NULL DEFAULT CURRENT_TIMESTAMP,
  PRIMARY KEY (`temp_stock_returns_id`)
) ENGINE=MyISAM DEFAULT CHARSET=latin1 AUTO_INCREMENT=1 ;

--
-- Dumping data for table `temp_stock_returns`
--


-- --------------------------------------------------------

--
-- Table structure for table `transport_charges`
--

CREATE TABLE IF NOT EXISTS `transport_charges` (
  `transport_charges_id` int(10) NOT NULL AUTO_INCREMENT,
  `receipt_no` varchar(100) NOT NULL,
  `shipper_id` int(10) NOT NULL,
  `amount_received` varchar(100) NOT NULL,
  `decription` longtext NOT NULL,
  `currency_code` varchar(100) NOT NULL,
  `curr_rate` varchar(100) NOT NULL,
  `mop` varchar(11) NOT NULL,
  `ref_no` varchar(100) NOT NULL,
  `date_paid` date NOT NULL,
  `client_bank` varchar(100) NOT NULL,
  `our_bank` int(11) NOT NULL,
  `date_received` timestamp NOT NULL DEFAULT CURRENT_TIMESTAMP,
  `status` int(1) NOT NULL,
  PRIMARY KEY (`transport_charges_id`)
) ENGINE=MyISAM DEFAULT CHARSET=latin1 AUTO_INCREMENT=1 ;

--
-- Dumping data for table `transport_charges`
--


-- --------------------------------------------------------

--
-- Table structure for table `users`
--

CREATE TABLE IF NOT EXISTS `users` (
  `user_id` int(10) NOT NULL AUTO_INCREMENT,
  `f_name` varchar(100) NOT NULL,
  `phone` varchar(100) NOT NULL,
  `email` varchar(100) NOT NULL,
  `user_group_id` int(10) NOT NULL,
  `username` varchar(100) NOT NULL,
  `password` varchar(100) NOT NULL,
  `date_created` timestamp NOT NULL DEFAULT CURRENT_TIMESTAMP,
  `islogged_in` int(1) NOT NULL DEFAULT '1',
  `allow_add` int(11) NOT NULL,
  `allow_view` int(11) NOT NULL,
  `allow_edit` int(11) NOT NULL,
  `allow_delete` int(11) NOT NULL,
  `suspend` int(11) NOT NULL,
  `area_id` int(11) NOT NULL,
  PRIMARY KEY (`user_id`)
) ENGINE=MyISAM  DEFAULT CHARSET=latin1 AUTO_INCREMENT=73 ;

--
-- Dumping data for table `users`
--

INSERT INTO `users` (`user_id`, `f_name`, `phone`, `email`, `user_group_id`, `username`, `password`, `date_created`, `islogged_in`, `allow_add`, `allow_view`, `allow_edit`, `allow_delete`, `suspend`, `area_id`) VALUES
(19, 'Griffins Osero Mogeni', '0777777777', 'updateosero@gmail.com', 15, 'osero', 'd97d3a75495b93f3c8ec2e1aea44b31a', '2014-01-25 09:02:33', 0, 1, 1, 1, 1, 0, 0),
(65, 'Gabriel Kinyanjui', '0723953763', 'kinyanjuigabriel@gmail.com', 30, 'kinyanjui', '93dd4de5cddba2c733c65f233097f05a', '2015-01-05 19:35:50', 0, 1, 1, 0, 0, 0, 0),
(64, 'Lazarus Kisilu', '0722154270', 'lazkis@yahoo.com', 39, 'lazarus', '25f9357d3c69eb8d772b97eb4903c869', '2014-12-20 23:10:12', 0, 1, 1, 1, 1, 0, 0),
(63, 'Stanley Njoroge', '0708302642', 'njorogestanly@gmail.com', 30, 'stanly', '13e14c77054afb07352ac86984d1eafa', '2014-12-19 01:31:47', 0, 1, 1, 0, 0, 0, 0),
(62, 'Martha Nyambura', '0712116927', 'marthanjenga.mn@gmail.com', 41, 'martha', 'e0058b53d83d8083be19e22b06d0b510', '2014-12-19 01:27:02', 0, 1, 1, 1, 1, 0, 0),
(66, 'Joseph Kinyua', '0721668480', 'josephkinyua638@gmail.com', 30, 'kinyua', 'dc5c7986daef50c1e02ab09b442ee34f', '2015-01-05 19:36:46', 0, 1, 1, 0, 0, 0, 0),
(67, 'Daniel Ndungu', '0723736114', 'kamundaniel@gmail.com', 15, 'daniel', 'ce112c7c17f48e2bebd69f57af31fc6c', '2015-01-06 00:58:52', 0, 1, 1, 1, 1, 0, 0),
(68, 'Juma Kimotho', '0711328141', 'jkimotho25@gmail.com', 36, 'jumaki', 'c23521c09ef5076381159d1b5953cb63', '2015-01-06 01:31:03', 0, 1, 1, 1, 1, 0, 0),
(69, 'Joseph Macharia', '0723404874', '', 40, 'Mash', '10c0a0c042c63ac286c983157d20a142', '2015-01-12 23:30:34', 0, 1, 1, 1, 1, 0, 0),
(70, 'Momanyi Kinara', '0722398503', 'momanyikinara@hotmail.com', 15, 'momanyi', 'efe349e12007ad473c829825a7124e34', '2015-01-14 01:02:04', 0, 1, 1, 1, 1, 0, 0),
(71, 'Joel Mwaura', '0706149085', '', 30, 'mwaura', '1732cb437260c60a0744aea8aedfa331', '2015-01-14 23:22:09', 0, 1, 1, 0, 0, 0, 0),
(72, 'Stephen Waetindi', '0712191156', '', 30, 'stephen', 'ce08becc73195df12d99d761bfbba68d', '2015-01-16 21:34:45', 0, 1, 1, 0, 0, 0, 0);

-- --------------------------------------------------------

--
-- Table structure for table `user_group`
--

CREATE TABLE IF NOT EXISTS `user_group` (
  `user_group_id` int(10) NOT NULL AUTO_INCREMENT,
  `user_group_name` varchar(100) NOT NULL,
  `description` varchar(100) NOT NULL,
  PRIMARY KEY (`user_group_id`)
) ENGINE=MyISAM  DEFAULT CHARSET=latin1 AUTO_INCREMENT=42 ;

--
-- Dumping data for table `user_group`
--

INSERT INTO `user_group` (`user_group_id`, `user_group_name`, `description`) VALUES
(1, 'Administration', ''),
(15, 'Super Administrator', 'Main System Administrators'),
(30, 'Technicians', 'Vehicle Mechanics'),
(36, 'Workshop Managers', ''),
(37, 'Workshop Supervisors', ''),
(38, 'Management', ''),
(39, 'Workshop Store Keepers', ''),
(40, 'Accounts And Finance', ''),
(41, 'Service Department', '');

-- --------------------------------------------------------

--
-- Table structure for table `user_group_garage`
--

CREATE TABLE IF NOT EXISTS `user_group_garage` (
  `user_group_id` int(10) NOT NULL AUTO_INCREMENT,
  `user_group_name` varchar(100) NOT NULL,
  `description` varchar(100) NOT NULL,
  PRIMARY KEY (`user_group_id`)
) ENGINE=MyISAM  DEFAULT CHARSET=latin1 AUTO_INCREMENT=23 ;

--
-- Dumping data for table `user_group_garage`
--

INSERT INTO `user_group_garage` (`user_group_id`, `user_group_name`, `description`) VALUES
(15, 'Super Administrator', 'Super administrator'),
(21, 'Sales Repersentative ', ''),
(22, 'Finance & Administration', '');

-- --------------------------------------------------------

--
-- Table structure for table `user_group_module`
--

CREATE TABLE IF NOT EXISTS `user_group_module` (
  `user_group_module_id` int(10) NOT NULL AUTO_INCREMENT,
  `user_group_id` int(10) NOT NULL,
  `module_id` int(10) NOT NULL,
  `status` int(1) NOT NULL,
  PRIMARY KEY (`user_group_module_id`)
) ENGINE=MyISAM  DEFAULT CHARSET=latin1 AUTO_INCREMENT=197 ;

--
-- Dumping data for table `user_group_module`
--

INSERT INTO `user_group_module` (`user_group_module_id`, `user_group_id`, `module_id`, `status`) VALUES
(72, 21, 8, 0),
(74, 21, 13, 0),
(71, 21, 7, 0),
(69, 21, 5, 0),
(65, 20, 3, 0),
(73, 21, 9, 0),
(9, 1, 10, 0),
(68, 21, 4, 0),
(67, 21, 3, 0),
(12, 2, 10, 0),
(64, 14, 3, 0),
(14, 13, 10, 0),
(63, 13, 3, 0),
(26, 14, 10, 0),
(17, 15, 1, 0),
(18, 15, 3, 0),
(19, 15, 4, 0),
(25, 15, 10, 0),
(33, 15, 13, 0),
(70, 21, 6, 0),
(62, 22, 3, 0),
(37, 20, 1, 0),
(38, 20, 7, 0),
(39, 20, 8, 0),
(61, 1, 1, 0),
(60, 22, 13, 0),
(59, 22, 4, 0),
(58, 22, 1, 0),
(66, 21, 1, 0),
(56, 14, 6, 0),
(55, 14, 1, 0),
(54, 13, 5, 0),
(53, 13, 1, 0),
(52, 1, 7, 0),
(51, 1, 6, 0),
(75, 2, 11, 0),
(76, 20, 14, 0),
(78, 24, 5, 0),
(79, 15, 11, 0),
(110, 15, 23, 0),
(81, 15, 17, 0),
(83, 30, 1, 0),
(85, 33, 1, 0),
(86, 33, 17, 0),
(87, 33, 18, 0),
(88, 24, 1, 0),
(89, 24, 6, 0),
(90, 24, 17, 0),
(91, 24, 18, 0),
(93, 30, 17, 0),
(94, 15, 14, 0),
(95, 15, 8, 0),
(96, 15, 16, 0),
(97, 34, 1, 0),
(98, 34, 3, 0),
(99, 34, 6, 0),
(100, 34, 11, 0),
(101, 34, 14, 0),
(102, 34, 16, 0),
(103, 34, 17, 0),
(116, 15, 19, 0),
(115, 15, 9, 0),
(114, 15, 20, 0),
(113, 15, 21, 0),
(111, 15, 6, 0),
(112, 15, 7, 0),
(118, 15, 22, 0),
(121, 15, 29, 0),
(122, 15, 28, 0),
(123, 15, 32, 0),
(124, 15, 33, 0),
(125, 36, 1, 0),
(126, 36, 3, 0),
(127, 36, 4, 0),
(134, 37, 1, 0),
(129, 36, 6, 0),
(130, 36, 11, 0),
(131, 36, 13, 0),
(132, 36, 16, 0),
(133, 36, 17, 0),
(135, 37, 3, 0),
(136, 37, 6, 0),
(137, 37, 8, 0),
(138, 37, 11, 0),
(139, 37, 16, 0),
(140, 37, 17, 0),
(141, 37, 13, 0),
(142, 39, 1, 0),
(143, 39, 3, 0),
(144, 39, 6, 0),
(145, 39, 16, 0),
(146, 40, 1, 0),
(147, 40, 3, 0),
(148, 40, 6, 0),
(149, 40, 7, 0),
(150, 40, 13, 0),
(151, 40, 14, 0),
(152, 40, 16, 0),
(153, 40, 28, 0),
(154, 40, 32, 0),
(155, 40, 33, 0),
(156, 38, 1, 0),
(157, 38, 8, 0),
(158, 38, 28, 0),
(159, 38, 3, 0),
(160, 38, 13, 0),
(161, 38, 4, 0),
(162, 38, 7, 0),
(164, 38, 16, 0),
(165, 38, 29, 0),
(166, 38, 32, 0),
(168, 41, 1, 0),
(169, 41, 3, 0),
(170, 41, 25, 0),
(171, 41, 6, 0),
(172, 41, 11, 0),
(173, 41, 17, 0),
(176, 41, 4, 0),
(175, 39, 17, 0),
(177, 1, 8, 0),
(178, 1, 3, 0),
(179, 1, 4, 0),
(194, 41, 14, 0),
(181, 1, 11, 0),
(192, 41, 8, 0),
(183, 1, 13, 0),
(184, 1, 14, 0),
(185, 1, 16, 0),
(186, 1, 17, 0),
(193, 40, 29, 0),
(188, 1, 29, 0),
(189, 1, 28, 0),
(190, 1, 32, 0),
(191, 1, 33, 0),
(195, 40, 17, 0),
(196, 36, 8, 0);

-- --------------------------------------------------------

--
-- Table structure for table `user_group_submodule`
--

CREATE TABLE IF NOT EXISTS `user_group_submodule` (
  `user_group_sub_module_id` int(10) NOT NULL AUTO_INCREMENT,
  `user_group_id` int(10) NOT NULL,
  `sub_module_id` int(10) NOT NULL,
  `status` int(1) NOT NULL,
  PRIMARY KEY (`user_group_sub_module_id`),
  KEY `sub_module_id` (`sub_module_id`),
  KEY `user_group_id` (`user_group_id`)
) ENGINE=InnoDB  DEFAULT CHARSET=latin1 AUTO_INCREMENT=588 ;

--
-- Dumping data for table `user_group_submodule`
--

INSERT INTO `user_group_submodule` (`user_group_sub_module_id`, `user_group_id`, `sub_module_id`, `status`) VALUES
(1, 15, 39, 0),
(3, 15, 7, 0),
(4, 15, 8, 0),
(5, 15, 9, 0),
(6, 15, 10, 0),
(8, 15, 25, 0),
(9, 15, 26, 0),
(10, 15, 27, 0),
(11, 15, 29, 0),
(14, 15, 2, 0),
(15, 15, 1, 0),
(16, 15, 3, 0),
(17, 15, 4, 0),
(18, 15, 5, 0),
(21, 15, 12, 0),
(22, 15, 13, 0),
(23, 15, 14, 0),
(24, 15, 15, 0),
(25, 15, 16, 0),
(26, 15, 17, 0),
(27, 15, 18, 0),
(28, 15, 19, 0),
(29, 15, 20, 0),
(30, 15, 21, 0),
(31, 15, 22, 0),
(32, 15, 30, 0),
(33, 15, 38, 0),
(34, 15, 36, 0),
(35, 15, 31, 0),
(36, 15, 33, 0),
(37, 1, 18, 0),
(38, 1, 22, 0),
(39, 20, 20, 0),
(40, 20, 21, 0),
(41, 20, 34, 0),
(44, 13, 13, 0),
(47, 13, 16, 0),
(61, 21, 13, 0),
(64, 21, 16, 0),
(65, 21, 17, 0),
(66, 21, 19, 0),
(83, 14, 17, 0),
(85, 14, 40, 0),
(86, 15, 40, 0),
(87, 14, 19, 0),
(96, 15, 48, 0),
(97, 15, 49, 0),
(99, 15, 46, 0),
(100, 15, 50, 0),
(101, 15, 47, 0),
(102, 15, 51, 0),
(103, 15, 52, 0),
(104, 15, 41, 0),
(105, 15, 23, 0),
(106, 15, 57, 0),
(107, 15, 56, 0),
(108, 15, 55, 0),
(109, 15, 53, 0),
(110, 15, 59, 0),
(111, 15, 58, 0),
(112, 15, 54, 0),
(114, 15, 44, 0),
(115, 14, 48, 0),
(116, 14, 49, 0),
(117, 14, 45, 0),
(118, 14, 46, 0),
(119, 14, 50, 0),
(120, 14, 47, 0),
(121, 14, 51, 0),
(122, 14, 52, 0),
(123, 13, 6, 0),
(124, 13, 11, 0),
(125, 13, 12, 0),
(126, 13, 14, 0),
(127, 13, 15, 0),
(128, 13, 23, 0),
(129, 13, 57, 0),
(130, 13, 56, 0),
(131, 13, 59, 0),
(132, 13, 58, 0),
(133, 13, 54, 0),
(134, 13, 55, 0),
(135, 13, 53, 0),
(136, 1, 43, 0),
(137, 1, 44, 0),
(138, 20, 25, 0),
(139, 20, 26, 0),
(140, 20, 27, 0),
(141, 20, 29, 0),
(142, 20, 35, 0),
(143, 22, 2, 0),
(144, 22, 1, 0),
(145, 22, 3, 0),
(146, 22, 4, 0),
(147, 22, 5, 0),
(148, 22, 6, 0),
(149, 22, 7, 0),
(150, 22, 8, 0),
(151, 22, 9, 0),
(152, 22, 10, 0),
(153, 22, 39, 0),
(154, 20, 1, 0),
(155, 20, 4, 0),
(156, 14, 3, 0),
(157, 13, 2, 0),
(159, 13, 5, 0),
(160, 21, 2, 0),
(161, 21, 1, 0),
(162, 21, 3, 0),
(163, 21, 4, 0),
(164, 21, 5, 0),
(165, 21, 6, 0),
(166, 21, 11, 0),
(167, 21, 12, 0),
(168, 21, 14, 0),
(169, 21, 15, 0),
(170, 21, 23, 0),
(171, 21, 57, 0),
(172, 21, 56, 0),
(173, 21, 59, 0),
(174, 21, 58, 0),
(175, 21, 54, 0),
(176, 21, 55, 0),
(177, 21, 53, 0),
(178, 21, 48, 0),
(179, 21, 43, 0),
(180, 21, 49, 0),
(181, 21, 44, 0),
(182, 21, 45, 0),
(183, 21, 46, 0),
(184, 21, 50, 0),
(185, 21, 47, 0),
(186, 21, 51, 0),
(187, 21, 52, 0),
(188, 21, 20, 0),
(189, 21, 21, 0),
(190, 21, 22, 0),
(191, 21, 34, 0),
(192, 21, 25, 0),
(193, 21, 26, 0),
(194, 21, 27, 0),
(195, 21, 29, 0),
(196, 21, 35, 0),
(197, 21, 30, 0),
(198, 21, 38, 0),
(199, 21, 36, 0),
(200, 21, 31, 0),
(201, 21, 33, 0),
(202, 20, 60, 0),
(203, 15, 60, 0),
(204, 14, 61, 0),
(205, 15, 61, 0),
(206, 14, 62, 0),
(207, 15, 62, 0),
(209, 15, 64, 0),
(210, 15, 65, 0),
(211, 14, 65, 0),
(212, 15, 66, 0),
(213, 20, 66, 0),
(214, 24, 6, 0),
(215, 24, 5, 0),
(216, 24, 67, 0),
(217, 15, 68, 0),
(218, 15, 71, 0),
(219, 15, 72, 0),
(220, 15, 69, 0),
(221, 15, 73, 0),
(222, 15, 11, 0),
(225, 30, 48, 0),
(226, 30, 43, 0),
(232, 30, 68, 0),
(233, 15, 34, 0),
(234, 15, 74, 0),
(235, 15, 28, 0),
(236, 34, 2, 0),
(237, 34, 3, 0),
(238, 34, 5, 0),
(239, 34, 73, 0),
(240, 34, 65, 0),
(241, 34, 1, 0),
(242, 34, 62, 0),
(243, 34, 34, 0),
(244, 34, 71, 0),
(245, 34, 72, 0),
(246, 34, 41, 0),
(247, 34, 46, 0),
(248, 34, 12, 0),
(249, 34, 49, 0),
(250, 15, 75, 0),
(251, 15, 77, 0),
(252, 15, 76, 0),
(253, 15, 78, 0),
(254, 15, 79, 0),
(255, 15, 80, 0),
(256, 15, 81, 0),
(257, 15, 82, 0),
(258, 15, 83, 0),
(259, 15, 84, 0),
(260, 15, 85, 0),
(261, 15, 86, 0),
(262, 15, 87, 0),
(263, 15, 88, 0),
(264, 15, 89, 0),
(265, 15, 90, 0),
(266, 15, 92, 0),
(267, 15, 93, 0),
(268, 15, 94, 0),
(269, 15, 95, 0),
(270, 15, 96, 0),
(271, 15, 97, 0),
(272, 15, 37, 0),
(273, 15, 98, 0),
(274, 15, 99, 0),
(275, 15, 100, 0),
(276, 15, 70, 0),
(277, 15, 63, 0),
(278, 30, 54, 0),
(279, 15, 43, 0),
(280, 15, 157, 0),
(281, 15, 165, 0),
(282, 15, 169, 0),
(283, 15, 173, 0),
(284, 15, 174, 0),
(285, 15, 200, 0),
(286, 15, 180, 0),
(287, 15, 177, 0),
(288, 15, 171, 0),
(289, 15, 203, 0),
(290, 15, 141, 0),
(291, 15, 204, 0),
(292, 15, 123, 0),
(293, 15, 214, 0),
(294, 15, 215, 0),
(295, 15, 122, 0),
(296, 15, 108, 0),
(297, 15, 198, 0),
(298, 15, 182, 0),
(299, 15, 187, 0),
(300, 15, 183, 0),
(301, 15, 189, 0),
(302, 15, 184, 0),
(303, 15, 188, 0),
(304, 15, 185, 0),
(305, 15, 190, 0),
(306, 15, 191, 0),
(307, 15, 192, 0),
(308, 15, 194, 0),
(309, 15, 195, 0),
(310, 15, 193, 0),
(311, 15, 125, 0),
(312, 15, 126, 0),
(313, 15, 127, 0),
(314, 15, 128, 0),
(315, 15, 197, 0),
(316, 15, 129, 0),
(317, 15, 140, 0),
(318, 15, 199, 0),
(319, 15, 103, 0),
(320, 15, 133, 0),
(321, 15, 134, 0),
(322, 15, 117, 0),
(323, 15, 101, 0),
(324, 15, 116, 0),
(325, 15, 211, 0),
(326, 15, 212, 0),
(328, 15, 110, 0),
(329, 15, 213, 0),
(330, 15, 138, 0),
(331, 15, 136, 0),
(332, 15, 217, 0),
(333, 15, 181, 0),
(334, 15, 172, 0),
(335, 15, 218, 0),
(336, 15, 219, 0),
(337, 15, 220, 0),
(338, 15, 221, 0),
(339, 15, 222, 0),
(340, 15, 223, 0),
(341, 15, 224, 0),
(342, 36, 7, 0),
(343, 36, 9, 0),
(344, 36, 39, 0),
(345, 36, 10, 0),
(346, 36, 3, 0),
(347, 36, 43, 0),
(348, 36, 44, 0),
(349, 36, 65, 0),
(350, 36, 1, 0),
(351, 36, 221, 0),
(352, 36, 62, 0),
(353, 36, 34, 0),
(354, 36, 63, 0),
(355, 36, 71, 0),
(356, 36, 72, 0),
(357, 36, 220, 0),
(358, 36, 222, 0),
(359, 36, 70, 0),
(360, 36, 217, 0),
(361, 36, 54, 0),
(362, 36, 177, 0),
(363, 36, 15, 0),
(364, 36, 20, 0),
(365, 36, 18, 0),
(366, 36, 25, 0),
(367, 36, 27, 0),
(368, 37, 73, 0),
(369, 37, 43, 0),
(370, 37, 44, 0),
(371, 37, 65, 0),
(372, 37, 1, 0),
(373, 37, 221, 0),
(374, 37, 62, 0),
(375, 37, 169, 0),
(376, 37, 34, 0),
(377, 37, 63, 0),
(378, 37, 71, 0),
(379, 37, 72, 0),
(380, 37, 220, 0),
(381, 37, 222, 0),
(382, 37, 70, 0),
(383, 37, 217, 0),
(384, 37, 54, 0),
(385, 37, 177, 0),
(386, 37, 15, 0),
(387, 37, 20, 0),
(388, 37, 18, 0),
(389, 39, 5, 0),
(390, 39, 73, 0),
(391, 39, 169, 0),
(392, 39, 223, 0),
(393, 39, 224, 0),
(394, 39, 171, 0),
(395, 39, 218, 0),
(396, 39, 172, 0),
(397, 39, 219, 0),
(398, 39, 173, 0),
(399, 39, 174, 0),
(400, 39, 181, 0),
(401, 39, 177, 0),
(402, 40, 75, 0),
(403, 40, 157, 0),
(404, 40, 3, 0),
(405, 40, 165, 0),
(406, 40, 138, 0),
(407, 40, 136, 0),
(408, 40, 44, 0),
(409, 40, 169, 0),
(410, 40, 34, 0),
(411, 40, 217, 0),
(412, 40, 41, 0),
(413, 40, 46, 0),
(414, 40, 203, 0),
(415, 40, 141, 0),
(416, 40, 204, 0),
(417, 40, 123, 0),
(418, 40, 214, 0),
(419, 40, 108, 0),
(420, 40, 191, 0),
(421, 40, 192, 0),
(422, 40, 193, 0),
(423, 40, 194, 0),
(424, 40, 195, 0),
(425, 40, 133, 0),
(426, 40, 101, 0),
(427, 40, 134, 0),
(428, 40, 117, 0),
(429, 40, 116, 0),
(430, 40, 211, 0),
(431, 40, 212, 0),
(432, 40, 210, 0),
(433, 40, 110, 0),
(434, 40, 213, 0),
(435, 40, 182, 0),
(436, 40, 187, 0),
(437, 40, 183, 0),
(438, 40, 189, 0),
(439, 40, 184, 0),
(440, 40, 188, 0),
(441, 40, 185, 0),
(442, 40, 190, 0),
(443, 40, 171, 0),
(444, 40, 218, 0),
(445, 40, 172, 0),
(446, 40, 219, 0),
(447, 40, 173, 0),
(448, 40, 174, 0),
(449, 40, 200, 0),
(450, 40, 180, 0),
(451, 40, 177, 0),
(452, 40, 125, 0),
(453, 40, 126, 0),
(454, 40, 127, 0),
(455, 40, 128, 0),
(456, 40, 129, 0),
(457, 40, 140, 0),
(458, 40, 199, 0),
(459, 38, 138, 0),
(460, 38, 136, 0),
(461, 38, 44, 0),
(462, 1, 222, 0),
(463, 38, 41, 0),
(464, 38, 46, 0),
(465, 38, 203, 0),
(466, 38, 204, 0),
(467, 38, 214, 0),
(468, 38, 108, 0),
(469, 38, 224, 0),
(470, 38, 218, 0),
(471, 38, 172, 0),
(472, 38, 219, 0),
(473, 38, 173, 0),
(474, 38, 174, 0),
(475, 38, 180, 0),
(476, 38, 177, 0),
(477, 38, 183, 0),
(478, 38, 189, 0),
(479, 38, 185, 0),
(480, 38, 190, 0),
(481, 38, 133, 0),
(482, 38, 134, 0),
(483, 38, 117, 0),
(484, 38, 128, 0),
(485, 38, 129, 0),
(486, 38, 116, 0),
(487, 38, 210, 0),
(488, 38, 110, 0),
(489, 38, 15, 0),
(490, 38, 20, 0),
(491, 38, 18, 0),
(492, 38, 60, 0),
(493, 38, 25, 0),
(494, 38, 27, 0),
(495, 38, 29, 0),
(496, 38, 7, 0),
(497, 38, 10, 0),
(498, 38, 3, 0),
(499, 38, 165, 0),
(500, 40, 121, 0),
(501, 41, 2, 0),
(502, 41, 3, 0),
(503, 41, 5, 0),
(504, 41, 73, 0),
(505, 41, 43, 0),
(506, 41, 44, 0),
(507, 41, 65, 0),
(508, 41, 1, 0),
(509, 41, 221, 0),
(510, 41, 62, 0),
(511, 41, 169, 0),
(512, 41, 34, 0),
(513, 41, 63, 0),
(514, 41, 71, 0),
(515, 41, 72, 0),
(516, 41, 220, 0),
(517, 41, 222, 0),
(519, 41, 217, 0),
(520, 39, 136, 0),
(521, 39, 220, 0),
(522, 39, 222, 0),
(523, 41, 10, 0),
(524, 40, 70, 0),
(525, 1, 75, 0),
(526, 1, 2, 0),
(527, 1, 165, 0),
(528, 1, 125, 0),
(529, 1, 126, 0),
(530, 1, 129, 0),
(531, 1, 7, 0),
(532, 1, 9, 0),
(533, 1, 39, 0),
(534, 1, 10, 0),
(535, 1, 157, 0),
(536, 1, 3, 0),
(537, 1, 5, 0),
(538, 1, 73, 0),
(539, 1, 138, 0),
(540, 1, 136, 0),
(541, 1, 65, 0),
(542, 1, 1, 0),
(543, 1, 221, 0),
(544, 1, 62, 0),
(545, 1, 169, 0),
(546, 1, 34, 0),
(547, 1, 63, 0),
(548, 1, 71, 0),
(549, 1, 72, 0),
(550, 1, 220, 0),
(551, 1, 70, 0),
(552, 1, 217, 0),
(553, 1, 54, 0),
(554, 1, 41, 0),
(555, 1, 46, 0),
(556, 1, 203, 0),
(557, 1, 141, 0),
(558, 1, 204, 0),
(559, 1, 123, 0),
(560, 1, 214, 0),
(561, 1, 121, 0),
(562, 1, 108, 0),
(563, 41, 75, 0),
(564, 15, 132, 0),
(566, 15, 226, 0),
(567, 15, 227, 0),
(569, 15, 228, 0),
(570, 15, 229, 0),
(571, 15, 230, 0),
(572, 15, 231, 0),
(573, 41, 70, 0),
(574, 40, 71, 0),
(575, 40, 72, 0),
(576, 40, 220, 0),
(577, 40, 222, 0),
(579, 41, 46, 0),
(580, 41, 141, 0),
(581, 41, 204, 0),
(582, 40, 229, 0),
(583, 40, 230, 0),
(584, 15, 233, 0),
(585, 15, 232, 0),
(586, 40, 233, 0),
(587, 40, 232, 0);

-- --------------------------------------------------------

--
-- Table structure for table `user_group_submoduleold`
--

CREATE TABLE IF NOT EXISTS `user_group_submoduleold` (
  `user_group_sub_module_id` int(10) NOT NULL AUTO_INCREMENT,
  `user_group_id` int(10) NOT NULL,
  `sub_module_id` int(10) NOT NULL,
  `status` int(1) NOT NULL,
  PRIMARY KEY (`user_group_sub_module_id`),
  KEY `sub_module_id` (`sub_module_id`),
  KEY `user_group_id` (`user_group_id`)
) ENGINE=InnoDB  DEFAULT CHARSET=latin1 AUTO_INCREMENT=564 ;

--
-- Dumping data for table `user_group_submoduleold`
--

INSERT INTO `user_group_submoduleold` (`user_group_sub_module_id`, `user_group_id`, `sub_module_id`, `status`) VALUES
(1, 15, 39, 0),
(3, 15, 7, 0),
(4, 15, 8, 0),
(5, 15, 9, 0),
(6, 15, 10, 0),
(8, 15, 25, 0),
(9, 15, 26, 0),
(10, 15, 27, 0),
(11, 15, 29, 0),
(13, 15, 35, 0),
(14, 15, 2, 0),
(15, 15, 1, 0),
(16, 15, 3, 0),
(17, 15, 4, 0),
(18, 15, 5, 0),
(19, 15, 6, 0),
(21, 15, 12, 0),
(22, 15, 13, 0),
(23, 15, 14, 0),
(24, 15, 15, 0),
(25, 15, 16, 0),
(26, 15, 17, 0),
(27, 15, 18, 0),
(28, 15, 19, 0),
(29, 15, 20, 0),
(30, 15, 21, 0),
(31, 15, 22, 0),
(32, 15, 30, 0),
(33, 15, 38, 0),
(34, 15, 36, 0),
(35, 15, 31, 0),
(36, 15, 33, 0),
(37, 1, 18, 0),
(38, 1, 22, 0),
(39, 20, 20, 0),
(40, 20, 21, 0),
(41, 20, 34, 0),
(44, 13, 13, 0),
(47, 13, 16, 0),
(61, 21, 13, 0),
(64, 21, 16, 0),
(65, 21, 17, 0),
(66, 21, 19, 0),
(83, 14, 17, 0),
(85, 14, 40, 0),
(86, 15, 40, 0),
(87, 14, 19, 0),
(96, 15, 48, 0),
(97, 15, 49, 0),
(99, 15, 46, 0),
(100, 15, 50, 0),
(101, 15, 47, 0),
(102, 15, 51, 0),
(103, 15, 52, 0),
(104, 15, 41, 0),
(105, 15, 23, 0),
(106, 15, 57, 0),
(107, 15, 56, 0),
(108, 15, 55, 0),
(109, 15, 53, 0),
(110, 15, 59, 0),
(111, 15, 58, 0),
(112, 15, 54, 0),
(114, 15, 44, 0),
(115, 14, 48, 0),
(116, 14, 49, 0),
(117, 14, 45, 0),
(118, 14, 46, 0),
(119, 14, 50, 0),
(120, 14, 47, 0),
(121, 14, 51, 0),
(122, 14, 52, 0),
(123, 13, 6, 0),
(124, 13, 11, 0),
(125, 13, 12, 0),
(126, 13, 14, 0),
(127, 13, 15, 0),
(128, 13, 23, 0),
(129, 13, 57, 0),
(130, 13, 56, 0),
(131, 13, 59, 0),
(132, 13, 58, 0),
(133, 13, 54, 0),
(134, 13, 55, 0),
(135, 13, 53, 0),
(136, 1, 43, 0),
(137, 1, 44, 0),
(138, 20, 25, 0),
(139, 20, 26, 0),
(140, 20, 27, 0),
(141, 20, 29, 0),
(142, 20, 35, 0),
(143, 22, 2, 0),
(144, 22, 1, 0),
(145, 22, 3, 0),
(146, 22, 4, 0),
(147, 22, 5, 0),
(148, 22, 6, 0),
(149, 22, 7, 0),
(150, 22, 8, 0),
(151, 22, 9, 0),
(152, 22, 10, 0),
(153, 22, 39, 0),
(154, 20, 1, 0),
(155, 20, 4, 0),
(156, 14, 3, 0),
(157, 13, 2, 0),
(159, 13, 5, 0),
(160, 21, 2, 0),
(161, 21, 1, 0),
(162, 21, 3, 0),
(163, 21, 4, 0),
(164, 21, 5, 0),
(165, 21, 6, 0),
(166, 21, 11, 0),
(167, 21, 12, 0),
(168, 21, 14, 0),
(169, 21, 15, 0),
(170, 21, 23, 0),
(171, 21, 57, 0),
(172, 21, 56, 0),
(173, 21, 59, 0),
(174, 21, 58, 0),
(175, 21, 54, 0),
(176, 21, 55, 0),
(177, 21, 53, 0),
(178, 21, 48, 0),
(179, 21, 43, 0),
(180, 21, 49, 0),
(181, 21, 44, 0),
(182, 21, 45, 0),
(183, 21, 46, 0),
(184, 21, 50, 0),
(185, 21, 47, 0),
(186, 21, 51, 0),
(187, 21, 52, 0),
(188, 21, 20, 0),
(189, 21, 21, 0),
(190, 21, 22, 0),
(191, 21, 34, 0),
(192, 21, 25, 0),
(193, 21, 26, 0),
(194, 21, 27, 0),
(195, 21, 29, 0),
(196, 21, 35, 0),
(197, 21, 30, 0),
(198, 21, 38, 0),
(199, 21, 36, 0),
(200, 21, 31, 0),
(201, 21, 33, 0),
(202, 20, 60, 0),
(203, 15, 60, 0),
(204, 14, 61, 0),
(205, 15, 61, 0),
(206, 14, 62, 0),
(207, 15, 62, 0),
(209, 15, 64, 0),
(210, 15, 65, 0),
(211, 14, 65, 0),
(212, 15, 66, 0),
(213, 20, 66, 0),
(214, 24, 6, 0),
(215, 24, 5, 0),
(216, 24, 67, 0),
(217, 15, 68, 0),
(218, 15, 71, 0),
(219, 15, 72, 0),
(220, 15, 69, 0),
(221, 15, 73, 0),
(222, 15, 11, 0),
(225, 30, 48, 0),
(226, 30, 43, 0),
(232, 30, 68, 0),
(233, 15, 34, 0),
(234, 15, 74, 0),
(235, 15, 28, 0),
(236, 34, 2, 0),
(237, 34, 3, 0),
(238, 34, 5, 0),
(239, 34, 73, 0),
(240, 34, 65, 0),
(241, 34, 1, 0),
(242, 34, 62, 0),
(243, 34, 34, 0),
(244, 34, 71, 0),
(245, 34, 72, 0),
(246, 34, 41, 0),
(247, 34, 46, 0),
(248, 34, 12, 0),
(249, 34, 49, 0),
(250, 15, 75, 0),
(251, 15, 77, 0),
(252, 15, 76, 0),
(253, 15, 78, 0),
(254, 15, 79, 0),
(255, 15, 80, 0),
(256, 15, 81, 0),
(257, 15, 82, 0),
(258, 15, 83, 0),
(259, 15, 84, 0),
(260, 15, 85, 0),
(261, 15, 86, 0),
(262, 15, 87, 0),
(263, 15, 88, 0),
(264, 15, 89, 0),
(265, 15, 90, 0),
(266, 15, 92, 0),
(267, 15, 93, 0),
(268, 15, 94, 0),
(269, 15, 95, 0),
(270, 15, 96, 0),
(271, 15, 97, 0),
(272, 15, 37, 0),
(273, 15, 98, 0),
(274, 15, 99, 0),
(275, 15, 100, 0),
(276, 15, 70, 0),
(277, 15, 63, 0),
(278, 30, 54, 0),
(279, 15, 43, 0),
(280, 15, 157, 0),
(281, 15, 165, 0),
(282, 15, 169, 0),
(283, 15, 173, 0),
(284, 15, 174, 0),
(285, 15, 200, 0),
(286, 15, 180, 0),
(287, 15, 177, 0),
(288, 15, 171, 0),
(289, 15, 203, 0),
(290, 15, 141, 0),
(291, 15, 204, 0),
(292, 15, 123, 0),
(293, 15, 214, 0),
(294, 15, 215, 0),
(295, 15, 122, 0),
(296, 15, 108, 0),
(297, 15, 198, 0),
(298, 15, 182, 0),
(299, 15, 187, 0),
(300, 15, 183, 0),
(301, 15, 189, 0),
(302, 15, 184, 0),
(303, 15, 188, 0),
(304, 15, 185, 0),
(305, 15, 190, 0),
(306, 15, 191, 0),
(307, 15, 192, 0),
(308, 15, 194, 0),
(309, 15, 195, 0),
(310, 15, 193, 0),
(311, 15, 125, 0),
(312, 15, 126, 0),
(313, 15, 127, 0),
(314, 15, 128, 0),
(315, 15, 197, 0),
(316, 15, 129, 0),
(317, 15, 140, 0),
(318, 15, 199, 0),
(319, 15, 103, 0),
(320, 15, 133, 0),
(321, 15, 134, 0),
(322, 15, 117, 0),
(323, 15, 101, 0),
(324, 15, 116, 0),
(325, 15, 211, 0),
(326, 15, 212, 0),
(327, 15, 210, 0),
(328, 15, 110, 0),
(329, 15, 213, 0),
(330, 15, 138, 0),
(331, 15, 136, 0),
(332, 15, 217, 0),
(333, 15, 181, 0),
(334, 15, 172, 0),
(335, 15, 218, 0),
(336, 15, 219, 0),
(337, 15, 220, 0),
(338, 15, 221, 0),
(339, 15, 222, 0),
(340, 15, 223, 0),
(341, 15, 224, 0),
(342, 36, 7, 0),
(343, 36, 9, 0),
(344, 36, 39, 0),
(345, 36, 10, 0),
(346, 36, 3, 0),
(347, 36, 43, 0),
(348, 36, 44, 0),
(349, 36, 65, 0),
(350, 36, 1, 0),
(351, 36, 221, 0),
(352, 36, 62, 0),
(353, 36, 34, 0),
(354, 36, 63, 0),
(355, 36, 71, 0),
(356, 36, 72, 0),
(357, 36, 220, 0),
(358, 36, 222, 0),
(359, 36, 70, 0),
(360, 36, 217, 0),
(361, 36, 54, 0),
(362, 36, 177, 0),
(363, 36, 15, 0),
(364, 36, 20, 0),
(365, 36, 18, 0),
(366, 36, 25, 0),
(367, 36, 27, 0),
(368, 37, 73, 0),
(369, 37, 43, 0),
(370, 37, 44, 0),
(371, 37, 65, 0),
(372, 37, 1, 0),
(373, 37, 221, 0),
(374, 37, 62, 0),
(375, 37, 169, 0),
(376, 37, 34, 0),
(377, 37, 63, 0),
(378, 37, 71, 0),
(379, 37, 72, 0),
(380, 37, 220, 0),
(381, 37, 222, 0),
(382, 37, 70, 0),
(383, 37, 217, 0),
(384, 37, 54, 0),
(385, 37, 177, 0),
(386, 37, 15, 0),
(387, 37, 20, 0),
(388, 37, 18, 0),
(389, 39, 5, 0),
(390, 39, 73, 0),
(391, 39, 169, 0),
(392, 39, 223, 0),
(393, 39, 224, 0),
(394, 39, 171, 0),
(395, 39, 218, 0),
(396, 39, 172, 0),
(397, 39, 219, 0),
(398, 39, 173, 0),
(399, 39, 174, 0),
(400, 39, 181, 0),
(401, 39, 177, 0),
(402, 40, 75, 0),
(403, 40, 157, 0),
(404, 40, 3, 0),
(405, 40, 165, 0),
(406, 40, 138, 0),
(407, 40, 136, 0),
(408, 40, 44, 0),
(409, 40, 169, 0),
(410, 40, 34, 0),
(411, 40, 217, 0),
(412, 40, 41, 0),
(413, 40, 46, 0),
(414, 40, 203, 0),
(415, 40, 141, 0),
(416, 40, 204, 0),
(417, 40, 123, 0),
(418, 40, 214, 0),
(419, 40, 108, 0),
(420, 40, 191, 0),
(421, 40, 192, 0),
(422, 40, 193, 0),
(423, 40, 194, 0),
(424, 40, 195, 0),
(425, 40, 133, 0),
(426, 40, 101, 0),
(427, 40, 134, 0),
(428, 40, 117, 0),
(429, 40, 116, 0),
(430, 40, 211, 0),
(431, 40, 212, 0),
(432, 40, 210, 0),
(433, 40, 110, 0),
(434, 40, 213, 0),
(435, 40, 182, 0),
(436, 40, 187, 0),
(437, 40, 183, 0),
(438, 40, 189, 0),
(439, 40, 184, 0),
(440, 40, 188, 0),
(441, 40, 185, 0),
(442, 40, 190, 0),
(443, 40, 171, 0),
(444, 40, 218, 0),
(445, 40, 172, 0),
(446, 40, 219, 0),
(447, 40, 173, 0),
(448, 40, 174, 0),
(449, 40, 200, 0),
(450, 40, 180, 0),
(451, 40, 177, 0),
(452, 40, 125, 0),
(453, 40, 126, 0),
(454, 40, 127, 0),
(455, 40, 128, 0),
(456, 40, 129, 0),
(457, 40, 140, 0),
(458, 40, 199, 0),
(459, 38, 138, 0),
(460, 38, 136, 0),
(461, 38, 44, 0),
(462, 1, 222, 0),
(463, 38, 41, 0),
(464, 38, 46, 0),
(465, 38, 203, 0),
(466, 38, 204, 0),
(467, 38, 214, 0),
(468, 38, 108, 0),
(469, 38, 224, 0),
(470, 38, 218, 0),
(471, 38, 172, 0),
(472, 38, 219, 0),
(473, 38, 173, 0),
(474, 38, 174, 0),
(475, 38, 180, 0),
(476, 38, 177, 0),
(477, 38, 183, 0),
(478, 38, 189, 0),
(479, 38, 185, 0),
(480, 38, 190, 0),
(481, 38, 133, 0),
(482, 38, 134, 0),
(483, 38, 117, 0),
(484, 38, 128, 0),
(485, 38, 129, 0),
(486, 38, 116, 0),
(487, 38, 210, 0),
(488, 38, 110, 0),
(489, 38, 15, 0),
(490, 38, 20, 0),
(491, 38, 18, 0),
(492, 38, 60, 0),
(493, 38, 25, 0),
(494, 38, 27, 0),
(495, 38, 29, 0),
(496, 38, 7, 0),
(497, 38, 10, 0),
(498, 38, 3, 0),
(499, 38, 165, 0),
(500, 40, 121, 0),
(501, 41, 2, 0),
(502, 41, 3, 0),
(503, 41, 5, 0),
(504, 41, 73, 0),
(505, 41, 43, 0),
(506, 41, 44, 0),
(507, 41, 65, 0),
(508, 41, 1, 0),
(509, 41, 221, 0),
(510, 41, 62, 0),
(511, 41, 169, 0),
(512, 41, 34, 0),
(513, 41, 63, 0),
(514, 41, 71, 0),
(515, 41, 72, 0),
(516, 41, 220, 0),
(517, 41, 222, 0),
(519, 41, 217, 0),
(520, 39, 136, 0),
(521, 39, 220, 0),
(522, 39, 222, 0),
(523, 41, 10, 0),
(524, 40, 70, 0),
(525, 1, 75, 0),
(526, 1, 2, 0),
(527, 1, 165, 0),
(528, 1, 125, 0),
(529, 1, 126, 0),
(530, 1, 129, 0),
(531, 1, 7, 0),
(532, 1, 9, 0),
(533, 1, 39, 0),
(534, 1, 10, 0),
(535, 1, 157, 0),
(536, 1, 3, 0),
(537, 1, 5, 0),
(538, 1, 73, 0),
(539, 1, 138, 0),
(540, 1, 136, 0),
(541, 1, 65, 0),
(542, 1, 1, 0),
(543, 1, 221, 0),
(544, 1, 62, 0),
(545, 1, 169, 0),
(546, 1, 34, 0),
(547, 1, 63, 0),
(548, 1, 71, 0),
(549, 1, 72, 0),
(550, 1, 220, 0),
(551, 1, 70, 0),
(552, 1, 217, 0),
(553, 1, 54, 0),
(554, 1, 41, 0),
(555, 1, 46, 0),
(556, 1, 203, 0),
(557, 1, 141, 0),
(558, 1, 204, 0),
(559, 1, 123, 0),
(560, 1, 214, 0),
(561, 1, 121, 0),
(562, 1, 108, 0),
(563, 41, 75, 0);

-- --------------------------------------------------------

--
-- Table structure for table `vat`
--

CREATE TABLE IF NOT EXISTS `vat` (
  `vat_id` int(11) NOT NULL AUTO_INCREMENT,
  `vat_percentage` varchar(100) NOT NULL,
  PRIMARY KEY (`vat_id`)
) ENGINE=MyISAM DEFAULT CHARSET=latin1 AUTO_INCREMENT=1 ;

--
-- Dumping data for table `vat`
--


-- --------------------------------------------------------

--
-- Table structure for table `vat_ledger`
--

CREATE TABLE IF NOT EXISTS `vat_ledger` (
  `transaction_id` int(10) NOT NULL AUTO_INCREMENT,
  `transactions` varchar(100) NOT NULL,
  `amount` varchar(100) NOT NULL,
  `debit` varchar(100) NOT NULL,
  `credit` varchar(100) NOT NULL,
  `currency_code` int(10) NOT NULL,
  `curr_rate` varchar(100) NOT NULL,
  `date_recorded` timestamp NOT NULL DEFAULT CURRENT_TIMESTAMP,
  `order_code` varchar(100) NOT NULL,
  PRIMARY KEY (`transaction_id`)
) ENGINE=MyISAM  DEFAULT CHARSET=latin1 AUTO_INCREMENT=83 ;

--
-- Dumping data for table `vat_ledger`
--

INSERT INTO `vat_ledger` (`transaction_id`, `transactions`, `amount`, `debit`, `credit`, `currency_code`, `curr_rate`, `date_recorded`, `order_code`) VALUES
(1, 'Labour Sales Inv No:53 To Long term view capital ltd', '0', '0', '', 6, '1', '2015-01-14 03:26:40', 'inv53'),
(2, 'Labour Sales Inv No:36 To Team Fergie Transporters Ltd', '0', '0', '', 6, '1', '2015-01-14 03:59:25', 'inv36'),
(3, 'Labour Sales Inv No:48 To Long term view capital ltd', '0', '0', '', 6, '1', '2015-01-14 04:00:50', 'inv48'),
(4, 'Labour Sales Inv No:26 To Joel Njuguna', '0', '0', '', 6, '1', '2015-01-14 04:04:09', 'inv26'),
(5, 'Labour Sales Inv No:35 To Team Fergie Transporters Ltd', '0', '0', '', 6, '1', '2015-01-14 04:05:22', 'inv35'),
(6, 'Labour Sales Inv No:59 To Long term view capital ltd', '0', '0', '', 6, '1', '2015-01-14 04:06:43', 'inv59'),
(7, 'Labour Sales Inv No:57 To Long term view capital ltd', '0', '0', '', 6, '1', '2015-01-14 04:17:23', 'inv57'),
(8, 'Labour Sales Inv No:77 To Patch Osodo', '0', '0', '', 6, '1', '2015-01-14 22:59:19', 'inv77'),
(9, 'Labour Sales Inv No:55 To Long term view capital ltd', '0', '0', '', 6, '1', '2015-01-15 02:21:14', 'inv55'),
(10, 'Labour Sales Inv No:56 To Long term view capital ltd', '0', '0', '', 6, '1', '2015-01-15 02:22:48', 'inv56'),
(11, 'Labour Sales Inv No:46 To Team Fergie Transporters Ltd', '0', '0', '', 6, '1', '2015-01-15 02:23:57', 'inv46'),
(12, 'Labour Sales Inv No:43 To Long term view capital ltd', '0', '0', '', 6, '1', '2015-01-15 02:24:32', 'inv43'),
(13, 'Labour Sales Inv No:45 To Long term view capital ltd', '0', '0', '', 6, '1', '2015-01-15 02:25:32', 'inv45'),
(14, 'Labour Sales Inv No:50 To Team Fergie Transporters Ltd', '0', '0', '', 6, '1', '2015-01-15 02:26:00', 'inv50'),
(15, 'Labour Sales Inv No:52 To Long term view capital ltd', '0', '0', '', 6, '1', '2015-01-15 02:26:50', 'inv52'),
(16, 'Labour Sales Inv No:79 To Joyce Nyanamba', '0', '0', '', 6, '1', '2015-01-15 02:26:54', 'inv79'),
(17, 'Labour Sales Inv No:44 To Long term view capital ltd', '0', '0', '', 6, '1', '2015-01-15 02:28:29', 'inv44'),
(18, 'Labour Sales Inv No:51 To Long term view capital ltd', '0', '0', '', 6, '1', '2015-01-15 02:29:34', 'inv51'),
(19, 'Labour Sales Inv No:94 To Bonface Kuria', '0', '0', '', 6, '1', '2015-01-19 21:37:36', 'inv94'),
(20, 'Labour Sales Inv No:88 To Alice Waweru', '0', '0', '', 6, '1', '2015-01-19 21:38:12', 'inv88'),
(21, 'Labour Sales Inv No:87 To Mr./Mrs', '0', '0', '', 6, '1', '2015-01-19 21:39:10', 'inv87'),
(22, 'Labour Sales Inv No:66 To Omwanza Ombati', '0', '0', '', 6, '1', '2015-01-19 21:42:04', 'inv66'),
(23, 'Labour Sales Inv No:42 To  Mr. Beutah Maroko', '0', '0', '', 6, '1', '2015-01-19 21:43:12', 'inv42'),
(24, 'Labour Sales Inv No:104 To Joseph Kirigi', '0', '0', '', 6, '1', '2015-01-22 00:18:37', 'inv104'),
(25, 'Labour Sales Inv No:71 To Team Fergie Transporters ', '0', '0', '', 6, '1', '2015-01-22 02:20:02', 'inv71'),
(26, 'Labour Sales Inv No:72 To Team Fergie Transporters ', '0', '0', '', 6, '1', '2015-01-22 02:21:16', 'inv72'),
(27, 'Labour Sales Inv No:73 To Team Fergie Transporters ', '0', '0', '', 6, '1', '2015-01-22 02:22:22', 'inv73'),
(28, 'Labour Sales Inv No:68 To Team Fergie Transporters ', '0', '0', '', 6, '1', '2015-01-22 02:23:22', 'inv68'),
(29, 'Labour Sales Inv No:60 To Team Fergie Transporters ', '0', '0', '', 6, '1', '2015-01-22 02:24:13', 'inv60'),
(30, 'Labour Sales Inv No:105 To Silas Ringera', '0', '0', '', 6, '1', '2015-01-22 02:51:28', 'inv105'),
(31, 'Labour Sales Inv No:65 To Team Fergie Transporters ', '0', '0', '', 6, '1', '2015-01-22 03:10:27', 'inv65'),
(32, 'Labour Sales Inv No:49 To Team Fergie Transporters  ', '0', '0', '', 6, '1', '2015-01-22 03:11:00', 'inv49'),
(33, 'Labour Sales Inv No:25 To Joel Njuguna', '220.8', '220.8', '', 6, '1', '2015-01-22 03:18:43', 'inv25'),
(34, 'Labour Sales Inv No:17 To Njuguna', '1187.84', '1187.84', '', 6, '1', '2015-01-22 03:29:26', 'inv17'),
(35, 'Labour Sales Inv No:106 To Francis Kambo', '0', '0', '', 6, '1', '2015-01-22 21:14:20', 'inv106'),
(36, 'Labour Sales Inv No:108 To Miss', '0', '0', '', 6, '1', '2015-01-23 00:34:40', 'inv108'),
(37, 'Labour Sales Inv No:20 To Team Fergie Transporters ', '0', '0', '', 6, '1', '2015-01-23 01:08:43', 'inv20'),
(38, 'Labour Sales Inv No:34 To Team Fergie Transporters ', '0', '0', '', 6, '1', '2015-01-23 01:09:13', 'inv34'),
(39, 'Labour Sales Inv No:23 To Team Fergie Transporters ', '0', '0', '', 6, '1', '2015-01-23 01:10:10', 'inv23'),
(40, 'Labour Sales Inv No:54 To Team Fergie Transporters ', '0', '0', '', 6, '1', '2015-01-23 01:10:45', 'inv54'),
(41, 'Labour Sales Inv No:61 To Team Fergie Transporters ', '0', '0', '', 6, '1', '2015-01-23 01:11:06', 'inv61'),
(42, 'Labour Sales Inv No:38 To Team Fergie Transporters ', '0', '0', '', 6, '1', '2015-01-23 01:11:31', 'inv38'),
(43, 'Labour Sales Inv No:58 To Team Fergie Transporters ', '0', '0', '', 6, '1', '2015-01-23 01:11:59', 'inv58'),
(44, 'Labour Sales Inv No:93 To Team Fergie Transporters ', '0', '0', '', 6, '1', '2015-01-23 01:13:44', 'inv93'),
(45, 'Labour Sales Inv No:82 To Team Fergie Transporters ', '0', '0', '', 6, '1', '2015-01-23 01:14:40', 'inv82'),
(46, 'Labour Sales Inv No:102 To Team Fergie Transporters ', '0', '0', '', 6, '1', '2015-01-23 01:15:47', 'inv102'),
(47, 'Labour Sales Inv No:100 To Team Fergie Transporters ', '0', '0', '', 6, '1', '2015-01-23 01:16:21', 'inv100'),
(48, 'Labour Sales Inv No:97 To Team Fergie Transporters ', '0', '0', '', 6, '1', '2015-01-23 01:17:18', 'inv97'),
(49, 'Labour Sales Inv No:96 To Team Fergie Transporters ', '0', '0', '', 6, '1', '2015-01-23 01:17:36', 'inv96'),
(50, 'Labour Sales Inv No:95 To Team Fergie Transporters ', '0', '0', '', 6, '1', '2015-01-23 01:18:02', 'inv95'),
(51, 'Labour Sales Inv No:70 To Team Fergie Transporters ', '0', '0', '', 6, '1', '2015-01-23 01:25:15', 'inv70'),
(52, 'Labour Sales Inv No:69 To Team Fergie Transporters ', '0', '0', '', 6, '1', '2015-01-23 01:27:24', 'inv69'),
(53, 'Labour Sales Inv No:29 To Team Fergie Transporters ', '0', '0', '', 6, '1', '2015-01-23 01:28:26', 'inv29'),
(54, 'Labour Sales Inv No:22 To Team Fergie Transporters ', '0', '0', '', 6, '1', '2015-01-23 01:28:44', 'inv22'),
(55, 'Labour Sales Inv No:21 To Team Fergie Transporters ', '0', '0', '', 6, '1', '2015-01-23 01:29:03', 'inv21'),
(56, 'Labour Sales Inv No:19 To Team Fergie Transporters ', '0', '0', '', 6, '1', '2015-01-23 01:29:21', 'inv19'),
(57, 'Labour Sales Inv No:12 To Team Fergie Transporters ', '0', '0', '', 6, '1', '2015-01-23 01:29:39', 'inv12'),
(58, 'Labour Sales Inv No:11 To Team Fergie Transporters ', '0', '0', '', 6, '1', '2015-01-23 01:33:13', 'inv11'),
(59, 'Labour Sales Inv No:10 To Team Fergie Transporters ', '0', '0', '', 6, '1', '2015-01-23 01:33:31', 'inv10'),
(60, 'Labour Sales Inv No:64 To Engen petrol station', '0', '0', '', 6, '1', '2015-01-23 01:55:11', 'inv64'),
(61, 'Labour Sales Inv No:86 To Murimi', '0', '0', '', 6, '1', '2015-01-23 02:02:09', 'inv86'),
(62, 'Labour Sales Inv No:107 To Moses Okumu', '0', '0', '', 6, '1', '2015-01-23 03:34:53', 'inv107'),
(63, 'Labour Sales Inv No:109 To Mr./Mrs Others', '0', '0', '', 6, '1', '2015-01-23 03:35:10', 'inv109'),
(64, 'Labour Sales Inv No:111 To Joseph Tororei', '0', '0', '', 6, '1', '2015-01-23 19:38:10', 'inv111'),
(65, 'Labour Sales Inv No:110 To MR.Benz', '0', '0', '', 6, '1', '2015-01-23 19:38:23', 'inv110'),
(66, 'Labour Sales Inv No:112 To Cunningham Mwathi ', '0', '0', '', 6, '1', '2015-01-23 21:31:39', 'inv112'),
(67, 'Labour Sales Inv No:117 To Njuguna ', '0', '0', '', 6, '1', '2015-01-23 23:17:55', 'inv117'),
(68, 'Labour Sales Inv No:116 To Team Fergie Transporters ', '0', '0', '', 6, '1', '2015-01-23 23:18:11', 'inv116'),
(69, 'Labour Sales Inv No:115 To Team Fergie Transporters ', '0', '0', '', 6, '1', '2015-01-23 23:19:36', 'inv115'),
(70, 'Labour Sales Inv No:114 To Team Fergie Transporters ', '0', '0', '', 6, '1', '2015-01-23 23:19:54', 'inv114'),
(71, 'Labour Sales Inv No:118 To Joyce Nyanamba ', '0', '0', '', 6, '1', '2015-01-24 02:42:17', 'inv118'),
(72, 'Labour Sales Inv No:119 To Mr.', '0', '0', '', 6, '1', '2015-01-24 22:00:32', 'inv119'),
(73, 'Labour Sales Inv No:120 To Mrs.I', '0', '0', '', 6, '1', '2015-01-24 23:24:07', 'inv120'),
(74, 'Labour Sales Inv No:121 To Snowball Sacco', '0', '0', '', 6, '1', '2015-01-24 23:28:18', 'inv121'),
(75, 'Labour Sales Inv No:92 To Dennis Mate', '0', '0', '', 6, '1', '2015-01-28 02:36:43', 'inv92'),
(76, 'Labour Sales Inv No:123 To Njuguna ', '0', '0', '', 6, '1', '2015-01-28 02:42:36', 'inv123'),
(77, 'Labour Sales Inv No:133 To Francis Kambo', '0', '0', '', 6, '1', '2015-01-28 21:12:33', 'inv133'),
(78, 'Labour Sales Inv No:136 To Mustapha Musa ', '0', '0', '', 6, '1', '2015-01-29 04:01:47', 'inv136'),
(79, 'Labour Sales Inv No:131 To Philip Baptiste', '0', '0', '', 6, '1', '2015-01-30 15:21:53', 'inv131'),
(80, 'Cancelation of Sales Inv No:116 of client Team Fergie Transporters  ', '-0', '', '0', 6, '1', '2015-01-30 23:15:38', 'cai116'),
(81, 'Labour Sales Inv No:141 To Anna Waithera ', '0', '0', '', 6, '1', '2015-02-05 06:25:27', 'inv141'),
(82, 'Labour Sales Inv No:142 To  Mr. Beutah Maroko ', '975.2', '975.2', '', 6, '1', '2015-02-05 06:34:16', 'inv142');

-- --------------------------------------------------------

--
-- Table structure for table `vehicle_engine`
--

CREATE TABLE IF NOT EXISTS `vehicle_engine` (
  `vehicle_engine_id` bigint(20) NOT NULL AUTO_INCREMENT,
  `vehicle_engine_size` varchar(100) NOT NULL,
  `vehicle_make_desc` longtext NOT NULL,
  PRIMARY KEY (`vehicle_engine_id`)
) ENGINE=InnoDB  DEFAULT CHARSET=latin1 AUTO_INCREMENT=7 ;

--
-- Dumping data for table `vehicle_engine`
--

INSERT INTO `vehicle_engine` (`vehicle_engine_id`, `vehicle_engine_size`, `vehicle_make_desc`) VALUES
(1, '1000', ''),
(2, '1500', ''),
(3, '1800', ''),
(4, '2000', ''),
(5, '2500', ''),
(6, '3000', '');

-- --------------------------------------------------------

--
-- Table structure for table `vehicle_make`
--

CREATE TABLE IF NOT EXISTS `vehicle_make` (
  `vehicle_make_id` bigint(20) NOT NULL AUTO_INCREMENT,
  `vehicle_make_name` varchar(100) NOT NULL,
  `vehicle_make_desc` longtext NOT NULL,
  PRIMARY KEY (`vehicle_make_id`)
) ENGINE=InnoDB  DEFAULT CHARSET=latin1 AUTO_INCREMENT=3 ;

--
-- Dumping data for table `vehicle_make`
--

INSERT INTO `vehicle_make` (`vehicle_make_id`, `vehicle_make_name`, `vehicle_make_desc`) VALUES
(1, 'Toyota', ''),
(2, 'Subaru', '');

-- --------------------------------------------------------

--
-- Table structure for table `vehicle_model`
--

CREATE TABLE IF NOT EXISTS `vehicle_model` (
  `vehicle_model_id` bigint(20) NOT NULL AUTO_INCREMENT,
  `vehicle_make_id` int(20) DEFAULT NULL,
  `vehicle_model_name` varchar(100) DEFAULT NULL,
  `vehicle_model_desc` varchar(100) DEFAULT NULL,
  PRIMARY KEY (`vehicle_model_id`)
) ENGINE=InnoDB  DEFAULT CHARSET=latin1 AUTO_INCREMENT=2 ;

--
-- Dumping data for table `vehicle_model`
--

INSERT INTO `vehicle_model` (`vehicle_model_id`, `vehicle_make_id`, `vehicle_model_name`, `vehicle_model_desc`) VALUES
(1, 2, 'Imprezza', '');

-- --------------------------------------------------------

--
-- Table structure for table `withdrawn_dividends`
--

CREATE TABLE IF NOT EXISTS `withdrawn_dividends` (
  `withdrawn_dividend_id` int(10) NOT NULL AUTO_INCREMENT,
  `shares_id` int(10) NOT NULL,
  `dividend_id` int(10) NOT NULL,
  `financial_year_id` int(10) NOT NULL,
  `user_id` int(10) NOT NULL,
  `description` varchar(100) NOT NULL,
  `dividend` varchar(100) NOT NULL,
  `mop` varchar(100) NOT NULL,
  `transaction_date` timestamp NOT NULL DEFAULT CURRENT_TIMESTAMP ON UPDATE CURRENT_TIMESTAMP,
  PRIMARY KEY (`withdrawn_dividend_id`)
) ENGINE=MyISAM DEFAULT CHARSET=latin1 AUTO_INCREMENT=1 ;

--
-- Dumping data for table `withdrawn_dividends`
--

