<?xml version="1.0" encoding="utf-8" ?>
<dwsync>
<file name="menuarrow.gif" server="E:/xampp/htdocs/mark/" local="127546852060000000" remote="127546852060000000" />
<file name="calendar-win2k-1.css" server="E:/xampp/htdocs/mark/" local="127546851960000000" remote="127546851960000000" />
<file name="calendar.js" server="E:/xampp/htdocs/mark/" local="127546852060000000" remote="127546852060000000" />
<file name="calendar-setup.js" server="E:/xampp/htdocs/mark/" local="127546852060000000" remote="127546852060000000" />
<file name="menuarrow.gif" server="E:/xampp/htdocs/mololine/" local="127547392060000000" remote="127547392060000000" />
<file name="calendar-win2k-1.css" server="E:/xampp/htdocs/mololine/" local="127547391960000000" remote="127547391960000000" />
<file name="calendar.js" server="E:/xampp/htdocs/mololine/" local="127547392060000000" remote="127547392060000000" />
<file name="calendar-setup.js" server="E:/xampp/htdocs/mololine/" local="127547392060000000" remote="127547392060000000" />
</dwsync>